update,timesteps,games,games_in_rollout,elapsed_s,steps_per_s,rollout_s,update_s,wait_s,win_rate,win_rate_us,win_rate_ussr,draw_rate,win_rate_vs_pool,win_rate_vs_anchor,ep_len_mean,turn_mean,vp_mean,entropy,k_valid,entropy_ratio,k_eff,approx_kl,clip_fraction,explained_variance,policy_loss,value_loss,entropy_loss,pool_size,anchor,eval_seed,eval_games,eval_win_rate,eval_win_rate_us,eval_win_rate_ussr,eval_s
1,8192,21,21,1.5,6228.3,1.3,7.3,0.3,,,,,,,86.8,1.33,,1.8261,9.54,0.8097,6.21,0.0,0.0,-0.0115,-0.0001,0.0243,-1.6665,0,random,,,,,,
2,16384,59,38,10.3,5925.8,1.4,7.2,0.31,,,,,,,164.4,2.66,,1.8215,10.39,0.778,6.18,0.0,0.0,0.003,-0.0002,0.0395,-1.6354,0,random,,,,,,
3,24576,104,45,19.0,5843.2,1.4,7.3,0.33,,,,,,,203.2,3.16,,1.7888,10.17,0.7713,5.98,0.0001,0.0,0.0442,-0.0003,0.0454,-1.633,0,random,,,,,,
4,32768,147,43,27.9,5924.5,1.4,7.2,0.33,,,,,,,167.0,2.7,,1.8033,9.88,0.7873,6.07,0.0007,0.0009,0.0472,-0.0014,0.0442,-1.6164,0,random,,,,,,
5,40960,176,29,36.8,5313.4,1.5,7.6,0.47,,,,,,,189.3,3.07,,1.7854,10.03,0.7745,5.96,0.0016,0.0048,0.07,-0.0016,0.0294,-1.5973,0,random,,,,,,
6,49152,214,38,46.2,5046.5,1.6,7.4,0.56,,,,,,,237.9,3.74,,1.8095,10.21,0.7787,6.11,0.0031,0.0119,0.1583,-0.0026,0.0382,-1.6071,1,random,,,,,,
7,57344,242,28,55.7,4296.6,1.9,7.4,0.83,0.3333,1.0,0.0,0.0,0.3333,,226.9,3.82,2.0,1.8259,11.36,0.7514,6.21,0.0036,0.0217,0.0417,-0.0024,0.0314,-1.5989,1,random,,,,,,
8,65536,275,33,65.7,3270.7,2.5,7.5,1.38,0.75,0.6,1.0,0.0,0.75,,239.6,4.18,2.38,1.8042,10.89,0.7557,6.08,0.0041,0.033,0.2144,-0.0039,0.0331,-1.6151,1,random,,,,,,
9,73728,314,39,76.2,2942.8,2.8,7.4,1.64,0.5455,0.5556,0.5,0.0,0.5455,,258.2,4.54,-2.27,1.8312,11.83,0.7413,6.24,0.004,0.0219,0.2681,-0.0034,0.0393,-1.5965,1,random,,,,,,
10,81920,345,31,86.5,2993.6,2.7,7.7,1.57,0.4,0.5,0.2857,0.0,0.4,,248.6,4.84,-2.53,1.751,10.89,0.7331,5.76,0.0027,0.0215,0.4087,-0.0025,0.0291,-1.5714,1,random,,,,,,
11,90112,377,32,97.1,2951.8,2.8,7.6,1.62,0.4167,0.625,0.0,0.0,0.4167,,283.0,5.41,-5.92,1.8039,11.51,0.7384,6.07,0.0031,0.0166,0.4564,-0.0027,0.0307,-1.6149,2,random,,,,,,
12,98304,400,23,107.6,3023.9,2.7,7.6,1.57,0.7143,0.6,0.7778,0.0,0.7143,,195.3,4.83,-4.0,1.7753,11.36,0.7306,5.9,0.0029,0.0229,0.5801,-0.0029,0.0201,-1.5745,2,random,,,,,,
13,106496,420,20,118.0,3119.5,2.6,7.7,1.48,0.8333,0.5,1.0,0.0,0.8333,,308.1,5.7,2.5,1.77,11.63,0.7214,5.87,0.003,0.0173,0.6551,-0.0027,0.0193,-1.5678,2,random,,,,,,
14,114688,453,33,128.7,2871.8,2.9,7.7,1.73,0.75,0.5,0.875,0.0,0.75,,310.2,5.97,0.33,1.7637,11.3,0.7273,5.83,0.0038,0.033,0.6287,-0.004,0.0284,-1.5744,2,random,,,,,,
15,122880,478,25,139.2,3075.3,2.7,7.7,1.53,0.6,0.4286,1.0,0.0,0.6,,304.2,5.84,-1.6,1.7666,11.82,0.7154,5.85,0.0038,0.0258,0.6773,-0.0035,0.0201,-1.5449,2,random,,,,,,
16,131072,514,36,150.0,2848.7,2.9,8.4,1.73,0.625,0.5714,0.6667,0.0,0.625,,270.9,5.42,-1.06,1.7708,11.53,0.7242,5.88,0.0033,0.0184,0.674,-0.0031,0.0294,-1.5798,3,random,1001,200,0.01,0.01,0.01,0.0
17,139264,547,33,161.6,2639.4,3.1,7.6,1.96,0.3684,0.25,0.4545,0.0,0.3684,,237.7,4.97,-5.47,1.7673,11.82,0.7156,5.86,0.0029,0.0199,0.7177,-0.0031,0.0248,-1.5315,3,random,,,,,,
18,147456,586,39,172.7,2462.9,3.3,7.7,2.17,0.6087,0.6,0.6154,0.0,0.6087,,236.6,5.13,-1.91,1.7596,11.97,0.7089,5.81,0.0022,0.0221,0.7002,-0.003,0.037,-1.5628,3,random,,,,,,
19,155648,621,35,184.0,2423.2,3.4,7.6,2.16,0.7,0.6,0.7333,0.0,0.7,,295.2,6.14,6.2,1.7263,11.13,0.7164,5.62,0.003,0.0209,0.7183,-0.0034,0.0356,-1.5055,3,random,,,,,,
20,163840,654,33,194.9,2632.7,3.1,7.6,1.96,0.4,0.5,0.3333,0.0667,0.4,,210.8,4.58,1.8,1.7372,11.68,0.7067,5.68,0.0045,0.0224,0.6351,-0.0045,0.0327,-1.5296,3,random,,,,,,
21,172032,691,37,205.8,2521.0,3.2,7.6,2.06,0.6,0.4,0.8,0.0,0.6,,210.7,4.92,-1.85,1.7288,11.23,0.7149,5.63,0.0053,0.0385,0.6794,-0.0041,0.0306,-1.5212,4,random,,,,,,
22,180224,718,27,216.9,2513.0,3.3,7.6,2.13,0.4167,0.1667,0.6667,0.0,0.4167,,280.4,5.96,-5.33,1.7222,11.3,0.7102,5.6,0.0039,0.0245,0.7804,-0.0031,0.0219,-1.5136,4,random,,,,,,
23,188416,752,34,228.1,2357.1,3.5,7.6,2.29,0.5,0.3846,0.8,0.0,0.5,,278.6,6.03,-3.39,1.7504,11.88,0.7073,5.76,0.0017,0.0117,0.7021,-0.0027,0.0328,-1.5685,4,random,,,,,,
24,196608,789,37,239.3,2337.4,3.5,7.6,2.38,0.6786,0.5714,0.7857,0.0,0.6786,,230.2,6.11,2.82,1.7503,11.59,0.7143,5.76,0.003,0.0147,0.751,-0.0038,0.0331,-1.5558,4,random,,,,,,
25,204800,809,20,250.2,2572.6,3.2,7.7,2.05,0.5833,0.25,0.75,0.0,0.5833,,251.1,5.4,6.08,1.7511,12.07,0.703,5.76,0.0031,0.0177,0.8098,-0.0029,0.0208,-1.5267,4,random,,,,,,
26,212992,842,33,261.2,2653.6,3.1,7.6,1.95,0.6,0.5,0.7143,0.0,0.6,,318.5,6.58,1.13,1.7734,12.15,0.7102,5.89,0.0027,0.0176,0.7886,-0.0036,0.0307,-1.5732,5,random,,,,,,
27,221184,874,32,272.1,2600.3,3.2,7.6,1.99,0.6667,0.5,0.7778,0.0,0.6667,,244.1,5.44,2.6,1.7006,11.02,0.7086,5.48,0.0037,0.0264,0.7475,-0.0042,0.0334,-1.5183,5,random,,,,,,
28,229376,912,38,283.2,2514.6,3.3,7.4,2.06,0.5238,0.3636,0.7,0.0,0.5238,,264.9,5.58,0.76,1.7385,11.55,0.7106,5.69,0.0036,0.0272,0.7213,-0.0049,0.0359,-1.507,5,random,,,,,,
29,237568,944,32,293.8,2673.3,3.1,7.7,1.93,0.375,0.4286,0.3333,0.0,0.375,,227.4,5.09,2.88,1.6738,11.03,0.6973,5.33,0.0035,0.0285,0.7337,-0.0043,0.0319,-1.5094,5,random,,,,,,
30,245760,971,27,304.7,2652.3,3.1,7.5,1.96,0.6364,0.5,0.8,0.0,0.6364,,240.6,5.11,6.36,1.6478,10.56,0.6991,5.2,0.0039,0.0431,0.8118,-0.0054,0.0259,-1.4836,5,random,,,,,,
31,253952,1000,29,315.4,2734.5,3.0,8.2,1.89,0.5385,0.2857,0.8333,0.0,0.5385,,305.8,6.45,-0.38,1.6735,10.93,0.6999,5.33,0.0045,0.0372,0.8104,-0.0049,0.0274,-1.4771,6,random,1002,200,0.065,0.06,0.07,0.0
32,262144,1025,25,326.7,2787.6,2.9,7.7,1.83,0.7333,0.6667,0.8333,0.0,0.7333,,276.1,6.56,4.73,1.7179,11.58,0.7014,5.57,0.0034,0.0229,0.8098,-0.0042,0.0279,-1.507,6,random,,,,,,
33,270336,1056,31,337.8,2487.9,3.3,7.5,2.22,0.6923,0.5,1.0,0.0,0.6923,,276.8,5.74,0.46,1.688,11.45,0.6924,5.41,0.0038,0.0224,0.792,-0.0042,0.0269,-1.4763,6,random,,,,,,
34,278528,1085,29,349.3,2138.1,3.8,7.8,2.69,0.375,0.2,0.6667,0.0,0.375,,302.8,6.62,-9.31,1.651,11.02,0.6881,5.21,0.0049,0.0348,0.7985,-0.005,0.0253,-1.4908,6,random,,,,,,
35,286720,1124,39,361.0,2212.3,3.7,7.6,2.53,0.6296,0.4286,0.8462,0.0,0.6296,,252.7,6.33,-0.37,1.6762,11.24,0.6928,5.35,0.0041,0.0434,0.7929,-0.0047,0.0305,-1.4852,6,random,,,,,,
36,294912,1159,35,372.3,2277.1,3.6,7.6,2.38,0.72,0.6,0.9,0.0,0.72,,228.5,5.91,3.28,1.6538,11.24,0.6836,5.23,0.0046,0.0382,0.7709,-0.0058,0.0318,-1.4368,7,random,,,,,,
37,303104,1190,31,383.5,2374.7,3.4,7.5,2.32,0.4118,0.3,0.5714,0.0,0.4118,,269.9,6.06,-1.65,1.5769,9.8,0.691,4.84,0.004,0.0284,0.7884,-0.0047,0.0305,-1.4429,7,random,,,,,,
38,311296,1224,34,394.6,2372.1,3.5,7.5,2.28,0.7222,0.6667,0.7778,0.0,0.7222,,255.3,6.03,2.22,1.6742,11.32,0.69,5.33,0.004,0.0334,0.8163,-0.0044,0.0333,-1.4682,7,random,,,,,,
39,319488,1261,37,405.8,2360.5,3.5,7.6,2.34,0.5833,0.4286,0.8,0.0,0.5833,,208.1,5.32,2.12,1.6587,10.67,0.7006,5.25,0.0048,0.0363,0.8625,-0.006,0.027,-1.479,7,random,,,,,,
40,327680,1288,27,416.7,2560.3,3.2,7.6,2.09,0.7143,0.6,0.7778,0.0,0.7143,,210.0,4.85,7.14,1.6819,11.48,0.6893,5.38,0.0043,0.0329,0.8384,-0.0045,0.0291,-1.4469,7,random,,,,,,
41,335872,1329,41,427.9,2409.6,3.4,7.6,2.25,0.6667,0.6,0.7273,0.0,0.6667,,265.0,5.68,3.19,1.6565,11.45,0.6796,5.24,0.0041,0.0287,0.8319,-0.0044,0.0345,-1.48,8,random,,,,,,
42,344064,1363,34,439.0,2394.0,3.4,7.6,2.29,0.6818,0.4,0.9167,0.0,0.6818,,225.1,5.47,6.18,1.6338,11.01,0.6811,5.12,0.004,0.037,0.839,-0.006,0.0297,-1.4618,8,random,,,,,,
43,352256,1395,32,449.8,2686.5,3.0,7.7,1.82,0.8333,0.7778,0.8889,0.0,0.8333,,209.1,4.84,7.11,1.629,11.33,0.671,5.1,0.0038,0.0316,0.8082,-0.0051,0.0332,-1.4318,8,random,,,,,,
44,360448,1426,31,460.7,2697.5,3.0,7.5,1.87,0.4,0.0,0.5714,0.0,0.4,,316.5,6.03,2.9,1.5719,10.48,0.6691,4.82,0.0048,0.0368,0.8417,-0.006,0.027,-1.4171,8,random,,,,,,
45,368640,1460,34,471.6,2534.5,3.2,7.6,2.1,0.6471,0.3333,0.8182,0.0,0.6471,,229.4,5.15,3.29,1.6111,11.43,0.6614,5.01,0.0047,0.0418,0.8254,-0.005,0.0256,-1.428,8,random,,,,,,
46,376832,1485,25,482.5,2570.2,3.2,7.6,2.04,0.5882,0.5556,0.625,0.0,0.5882,,227.8,5.88,2.76,1.6086,11.6,0.6563,5.0,0.0048,0.0427,0.8608,-0.0057,0.0233,-1.4008,9,random,,,,,,
47,385024,1519,34,493.3,2713.7,3.0,8.4,1.86,0.75,0.5556,1.0,0.0625,0.75,,275.1,5.97,3.56,1.5241,11.38,0.6267,4.59,0.0055,0.0466,0.8071,-0.0053,0.0364,-1.3619,9,random,1003,200,0.07,0.06,0.08,0.0
48,393216,1550,31,505.2,2463.3,3.3,7.6,2.23,0.7692,0.5,1.0,0.0,0.7692,,279.3,5.74,9.15,1.5363,10.94,0.6422,4.65,0.0046,0.0417,0.8578,-0.0058,0.0257,-1.351,9,random,,,,,,
49,401408,1588,38,516.4,2318.0,3.5,7.5,2.36,0.7895,0.5714,0.9167,0.0,0.7895,,270.1,5.74,5.79,1.518,10.37,0.6491,4.56,0.004,0.0447,0.7911,-0.0049,0.0352,-1.3564,9,random,,,,,,
50,409600,1616,28,527.5,2408.9,3.4,7.5,2.29,0.5556,0.5455,0.5714,0.0,0.5556,,246.8,6.46,0.67,1.5607,11.24,0.645,4.76,0.0045,0.0376,0.8551,-0.005,0.0249,-1.3566,9,random,,,,,,
51,417792,1644,28,538.3,2609.9,3.1,7.4,2.02,0.45,0.3636,0.5556,0.05,0.45,,250.7,6.68,1.2,1.5545,11.61,0.6339,4.73,0.0051,0.0451,0.8799,-0.0063,0.0225,-1.3572,10,random,,,,,,
52,425984,1672,28,548.7,2908.4,2.8,7.5,1.72,0.75,0.6,1.0,0.0,0.75,,320.0,6.11,5.0,1.5064,11.32,0.6208,4.51,0.0058,0.058,0.8502,-0.0058,0.0236,-1.3327,10,random,,,,,,
53,434176,1703,31,559.5,2624.5,3.1,7.5,2.02,0.8,0.875,0.7143,0.0,0.8,,263.7,5.94,6.4,1.4635,11.04,0.6094,4.32,0.006,0.0702,0.8505,-0.0041,0.0289,-1.2858,10,random,,,,,,
54,442368,1736,33,570.4,2498.0,3.3,7.5,2.15,0.8125,0.7273,1.0,0.0,0.8125,,265.4,5.85,3.31,1.4162,10.2,0.6098,4.12,0.0063,0.0612,0.7901,-0.0056,0.0337,-1.2967,10,random,,,,,,
55,450560,1766,30,581.1,2724.9,3.0,7.6,1.92,0.6471,0.5,0.7778,0.0,0.6471,,222.0,5.63,4.06,1.4512,10.75,0.6112,4.27,0.0043,0.0445,0.8102,-0.0046,0.0286,-1.3182,10,random,,,,,,
56,458752,1797,31,591.9,2659.1,3.1,7.6,1.96,0.7692,0.75,0.7778,0.0,0.7692,,301.7,6.55,7.62,1.4472,11.09,0.6014,4.25,0.0058,0.0565,0.7632,-0.0061,0.0333,-1.2691,11,random,,,,,,
57,466944,1823,26,602.9,2533.4,3.2,7.5,2.15,0.3333,0.1667,0.5,0.0,0.3333,,271.2,6.08,-1.83,1.4494,10.71,0.6113,4.26,0.0055,0.0467,0.7529,-0.0068,0.0315,-1.3103,11,random,,,,,,
58,475136,1851,28,613.8,2599.0,3.2,7.6,2.02,0.625,0.2,0.8182,0.0,0.625,,273.1,6.46,2.25,1.54,11.72,0.6258,4.66,0.0046,0.0425,0.7682,-0.006,0.0277,-1.3274,11,random,,,,,,
59,483328,1879,28,624.7,2612.9,3.1,7.4,2.02,0.5,0.5455,0.4,0.0625,0.5,,278.0,6.5,-1.88,1.4683,10.44,0.6259,4.34,0.0054,0.0367,0.7615,-0.0065,0.0273,-1.296,11,random,,,,,,
60,491520,1914,35,635.5,2515.2,3.3,7.6,2.15,0.7333,0.5556,1.0,0.0,0.7333,,304.8,6.34,7.0,1.4545,10.52,0.618,4.28,0.0062,0.0421,0.7846,-0.0058,0.0313,-1.2968,11,random,,,,,,
61,499712,1946,32,646.4,2611.3,3.1,7.5,2.01,0.5882,0.1667,0.8182,0.0588,0.5882,,207.2,5.44,5.53,1.4807,11.14,0.6142,4.4,0.0073,0.0736,0.8193,-0.0063,0.0268,-1.2929,12,random,,,,,,
62,507904,1981,35,657.3,2506.5,3.3,7.5,2.11,0.6842,0.5556,0.8,0.0,0.6842,,254.4,5.91,9.0,1.4234,10.35,0.609,4.15,0.0044,0.0382,0.7946,-0.0043,0.0289,-1.2397,12,random,,,,,,
63,516096,2016,35,668.0,2725.6,3.0,8.5,1.93,0.5789,0.3636,0.875,0.0526,0.5789,,235.4,5.71,4.79,1.4353,10.71,0.6053,4.2,0.005,0.0586,0.806,-0.0054,0.0278,-1.2727,12,random,1004,200,0.175,0.18,0.17,0.6
64,524288,2044,28,680.0,2955.6,2.8,7.5,1.69,0.6429,0.5,0.75,0.0,0.6429,,258.0,5.86,6.79,1.4206,10.63,0.601,4.14,0.0051,0.059,0.8553,-0.0065,0.0282,-1.2536,12,random,,,,,,
65,532480,2071,27,690.4,2928.8,2.8,7.7,1.66,0.7778,0.5,1.0,0.0,0.7778,,298.3,6.04,3.11,1.4378,11.22,0.5946,4.21,0.0047,0.0423,0.8485,-0.0057,0.0267,-1.2623,12,random,,,,,,
66,540672,2100,29,701.2,2783.3,2.9,7.5,1.81,0.7143,0.5556,1.0,0.0,0.7143,,224.6,5.28,6.79,1.4429,11.75,0.5857,4.23,0.0068,0.07,0.853,-0.0068,0.0247,-1.2712,13,random,,,,,,
67,548864,2127,27,712.0,2691.3,3.0,7.6,1.91,0.5833,0.5,0.75,0.0,0.5833,,326.2,6.85,-0.08,1.416,10.87,0.5935,4.12,0.0074,0.0587,0.8287,-0.0076,0.0248,-1.2438,13,random,,,,,,
68,557056,2164,37,722.9,2608.4,3.1,7.5,2.03,0.6667,0.6667,0.6667,0.0,0.6667,,284.5,6.51,8.29,1.3913,9.95,0.6054,4.02,0.0065,0.0469,0.7623,-0.0067,0.0343,-1.2448,13,random,,,,,,
69,565248,2199,35,733.7,2559.2,3.2,7.6,2.08,0.6667,0.5556,0.7778,0.0,0.6667,,225.8,5.26,6.56,1.4136,10.82,0.5936,4.11,0.007,0.0588,0.7615,-0.0062,0.0339,-1.2182,13,random,,,,,,
70,573440,2237,38,744.8,2455.3,3.3,7.3,2.23,0.5882,0.3333,0.7273,0.0588,0.5882,,270.1,6.0,6.71,1.3895,10.06,0.6019,4.01,0.0085,0.088,0.7778,-0.004,0.0372,-1.2081,13,random,,,,,,
71,581632,2278,41,755.6,2435.2,3.4,7.4,2.2,0.6957,0.5833,0.8182,0.0,0.6957,,200.3,5.24,8.26,1.3758,10.03,0.5968,3.96,0.0053,0.0478,0.7473,-0.0053,0.0412,-1.2029,14,random,,,,,,
72,589824,2322,44,766.4,2479.0,3.3,7.5,2.13,0.6818,0.6,0.75,0.0,0.6818,,187.6,4.61,10.0,1.3004,9.08,0.5894,3.67,0.0057,0.0635,0.6873,-0.0066,0.0457,-1.2004,14,random,,,,,,
73,598016,2357,35,777.1,2742.0,3.0,7.3,1.88,0.7222,0.6923,0.8,0.0,0.7222,,205.4,5.06,8.33,1.3459,9.85,0.5883,3.84,0.006,0.0517,0.7718,-0.0066,0.0321,-1.1721,14,random,,,,,,
74,606208,2397,40,787.5,2809.6,2.9,7.4,1.78,0.8571,0.75,1.0,0.0,0.8571,,215.7,4.85,8.86,1.3063,9.47,0.5811,3.69,0.0059,0.0543,0.6688,-0.0065,0.0431,-1.1536,14,random,,,,,,
75,614400,2432,35,798.3,2494.2,3.3,7.6,2.17,0.65,0.6923,0.5714,0.0,0.65,,206.5,4.89,3.5,1.3311,10.42,0.568,3.79,0.0065,0.0595,0.7252,-0.0063,0.0372,-1.1911,14,random,,,,,,
76,622592,2465,33,809.2,2637.4,3.1,7.5,2.02,0.8,0.7,0.9,0.0,0.8,,195.3,4.94,7.25,1.3431,10.01,0.5831,3.83,0.0067,0.0623,0.7475,-0.0068,0.0354,-1.1647,15,random,,,,,,
77,630784,2501,36,820.1,2524.0,3.2,8.5,2.12,0.6471,0.5556,0.75,0.0588,0.6471,,276.8,6.0,5.94,1.3449,10.5,0.5719,3.84,0.0072,0.0611,0.7516,-0.0082,0.0312,-1.1835,15,random,1005,200,0.225,0.27,0.18,0.6
78,638976,2533,32,832.7,2393.1,3.4,7.6,2.29,0.6667,0.375,0.9,0.0,0.6667,,245.2,5.94,4.33,1.3562,10.92,0.5673,3.88,0.0079,0.0763,0.7041,-0.0073,0.0361,-1.1714,15,random,,,,,,
79,647168,2578,45,843.6,2562.3,3.2,7.5,2.05,0.8667,0.75,0.9444,0.0,0.8667,,216.0,5.64,8.77,1.3279,10.19,0.572,3.77,0.0066,0.0479,0.7665,-0.007,0.0369,-1.2123,15,random,,,,,,
80,655360,2606,28,854.1,2908.0,2.8,7.4,1.7,0.6923,0.6667,0.7143,0.0,0.6923,,279.8,6.14,5.38,1.3378,10.45,0.57,3.81,0.0072,0.0677,0.7879,-0.0074,0.0274,-1.1607,15,random,,,,,,
81,663552,2631,25,864.8,2639.7,3.1,7.5,2.03,0.7,0.4,1.0,0.0,0.7,,260.4,5.52,5.3,1.2981,10.44,0.5535,3.66,0.0063,0.0693,0.8256,-0.0063,0.0235,-1.1247,16,random,,,,,,
82,671744,2659,28,875.6,2610.4,3.1,7.4,2.03,0.6,0.75,0.5455,0.0,0.6,,211.8,5.29,3.07,1.3004,11.58,0.5309,3.67,0.0065,0.0642,0.7715,-0.0073,0.0339,-1.1264,16,random,,,,,,
83,679936,2689,30,886.0,2815.4,2.9,7.5,1.78,0.5,0.4545,0.6667,0.0,0.5,,290.9,6.77,6.86,1.27,10.67,0.5364,3.56,0.0079,0.084,0.7737,-0.0047,0.0342,-1.1277,16,random,,,,,,
84,688128,2726,37,896.7,2734.6,3.0,7.3,1.86,0.8125,0.625,1.0,0.0,0.8125,,279.1,5.89,9.31,1.307,10.82,0.5489,3.7,0.0069,0.0731,0.7948,-0.0058,0.03,-1.1282,16,random,,,,,,
85,696320,2759,33,907.0,2836.3,2.9,7.6,1.77,0.6667,0.5714,0.8,0.0,0.6667,,251.6,5.45,8.0,1.2784,10.59,0.5417,3.59,0.0086,0.0911,0.7366,-0.0056,0.0363,-1.103,16,random,,,,,,
86,704512,2790,31,917.8,2663.8,3.1,7.2,1.95,0.7059,0.5,0.8889,0.0,0.7059,,233.4,5.42,6.12,1.1887,9.66,0.5241,3.28,0.006,0.0516,0.7877,-0.0061,0.0289,-1.0578,17,random,,,,,,
87,712704,2820,30,928.2,2782.3,2.9,7.6,1.84,0.6,0.5556,0.6364,0.0,0.6,,221.0,5.5,4.6,1.2231,10.18,0.5271,3.4,0.007,0.0741,0.7313,-0.0043,0.0359,-1.0649,17,random,,,,,,
88,720896,2854,34,938.9,2799.8,2.9,7.5,1.81,0.875,0.75,1.0,0.0,0.875,,292.4,6.38,7.62,1.2282,10.0,0.5334,3.41,0.0092,0.0847,0.7727,-0.006,0.028,-1.0681,17,random,,,,,,
89,729088,2871,17,949.3,2889.8,2.8,7.3,1.78,0.75,0.6667,1.0,0.0,0.75,,327.0,7.24,16.25,1.1459,9.68,0.5047,3.15,0.008,0.072,0.8555,-0.0058,0.0197,-0.99,17,random,,,,,,
90,737280,2902,31,960.0,2535.0,3.2,7.5,2.05,0.6154,0.7143,0.5,0.0,0.6154,,350.1,7.71,5.62,1.1669,10.05,0.5057,3.21,0.0087,0.0672,0.7438,-0.0059,0.0329,-1.0289,17,random,,,,,,
91,745472,2930,28,970.9,2536.7,3.2,7.3,2.15,0.7333,0.625,0.8571,0.0667,0.7333,,294.1,7.04,9.33,1.1484,9.59,0.5079,3.15,0.0068,0.0658,0.8049,-0.0071,0.0239,-0.9917,18,random,,,,,,
92,753664,2961,31,981.4,2676.8,3.1,7.4,1.97,0.75,0.7,0.8333,0.0,0.75,,253.5,6.03,5.56,1.2202,10.62,0.5164,3.39,0.0061,0.0549,0.8455,-0.0073,0.0232,-1.0206,18,random,,,,,,
93,761856,2994,33,992.0,2692.5,3.0,7.4,1.87,0.5,0.1667,0.7,0.0,0.5,,267.2,6.24,4.75,1.1596,9.98,0.5041,3.19,0.006,0.0647,0.7973,-0.0064,0.033,-1.0227,18,random,,,,,,
94,770048,3021,27,1002.3,2953.4,2.8,8.8,1.68,0.5556,0.6,0.5,0.0,0.5556,,271.3,5.93,5.89,1.164,9.88,0.5082,3.2,0.0056,0.0482,0.8465,-0.0063,0.0213,-0.9927,18,random,1006,200,0.205,0.18,0.23,1.1
95,778240,3048,27,1015.1,2968.9,2.8,7.5,1.66,0.9167,1.0,0.875,0.0,0.9167,,261.4,5.85,16.0,1.1962,10.04,0.5187,3.31,0.0057,0.049,0.8256,-0.0055,0.0252,-1.0133,18,random,,,,,,
96,786432,3082,34,1025.6,2784.9,2.9,7.4,1.83,0.619,0.4615,0.875,0.0,0.619,,238.6,5.94,4.43,1.1389,9.03,0.5175,3.12,0.006,0.0547,0.7546,-0.0058,0.0308,-1.0028,19,random,,,,,,
97,794624,3108,26,1036.1,2778.9,2.9,7.4,1.83,0.4286,0.5,0.3333,0.0,0.4286,,299.9,6.0,5.14,1.1803,10.22,0.5077,3.26,0.0071,0.0724,0.7375,-0.007,0.0331,-1.0131,19,random,,,,,,
98,802816,3138,30,1046.8,2669.8,3.1,7.2,1.97,0.6316,0.4444,0.8,0.0,0.6316,,306.4,7.3,7.68,1.1836,9.44,0.5273,3.27,0.006,0.0512,0.741,-0.0068,0.0314,-1.0366,19,random,,,,,,
99,811008,3169,31,1056.9,2910.4,2.8,7.3,1.7,0.9333,0.8571,1.0,0.0,0.9333,,316.8,6.87,12.6,1.1691,9.26,0.5252,3.22,0.0066,0.0566,0.8291,-0.0071,0.0199,-1.0068,19,random,,,,,,
100,819200,3200,31,1067.1,3016.9,2.7,7.4,1.62,0.6364,0.4,0.8333,0.0,0.6364,,255.2,5.61,11.0,1.1749,9.37,0.5252,3.24,0.008,0.0689,0.7881,-0.0065,0.0264,-1.0063,19,random,,,,,,
101,827392,3235,35,1077.5,2885.2,2.8,7.2,1.74,0.4,0.5,0.25,0.0,0.4,,260.7,5.51,1.9,1.1777,9.44,0.5246,3.25,0.008,0.0608,0.7336,-0.0065,0.0371,-1.0008,20,random,,,,,,
102,835584,3269,34,1088.1,2531.8,3.2,7.2,2.15,0.6818,0.7333,0.5714,0.0,0.6818,,229.3,5.71,6.09,1.1533,8.64,0.5347,3.17,0.0088,0.0768,0.7013,-0.0075,0.0371,-1.0065,20,random,,,,,,
103,843776,3313,44,1098.5,2676.0,3.1,7.2,1.92,0.6667,0.6667,0.6667,0.0,0.6667,,213.5,5.32,9.21,1.1408,8.71,0.5272,3.13,0.0112,0.088,0.7976,-0.0045,0.0362,-1.0114,20,random,,,,,,
104,851968,3348,35,1109.1,2607.2,3.1,7.1,2.0,0.5,0.5,0.5,0.0,0.5,,225.1,4.69,5.5,1.1916,9.1,0.5395,3.29,0.0082,0.0732,0.7745,-0.0072,0.0345,-1.0357,20,random,,,,,,
105,860160,3383,35,1119.7,2459.0,3.3,7.3,2.23,0.6,0.4286,0.6923,0.0,0.6,,231.9,5.8,2.8,1.2091,9.23,0.544,3.35,0.0058,0.06,0.8149,-0.0073,0.0308,-1.0361,20,random,,,,,,
106,868352,3413,30,1130.3,2542.5,3.2,7.3,2.09,0.55,0.4,0.6,0.0,0.55,,212.1,5.9,6.75,1.2258,10.0,0.5323,3.41,0.0073,0.066,0.8317,-0.0068,0.032,-1.0749,21,random,,,,,,
107,876544,3451,38,1141.0,2517.5,3.3,7.4,2.12,0.7895,0.8182,0.75,0.0526,0.7895,,271.3,6.24,9.0,1.2149,10.02,0.5271,3.37,0.007,0.0647,0.768,-0.0084,0.0335,-1.0634,21,random,,,,,,
108,884736,3483,32,1151.8,2572.4,3.2,7.4,2.09,0.6316,0.4286,0.75,0.0,0.6316,,220.2,5.56,4.47,1.2039,9.44,0.5364,3.33,0.0064,0.0628,0.76,-0.0063,0.0348,-1.0511,21,random,,,,,,
109,892928,3519,36,1162.8,2352.1,3.5,8.7,2.34,0.7059,0.75,0.6,0.0,0.7059,,253.9,5.94,6.47,1.2206,9.52,0.5417,3.39,0.0062,0.0668,0.737,-0.0063,0.0388,-1.0498,21,random,1007,200,0.275,0.29,0.26,1.4
110,901120,3556,37,1176.4,2553.8,3.2,7.6,2.06,0.75,0.6667,0.875,0.0,0.75,,218.3,5.68,8.1,1.1994,9.47,0.5336,3.32,0.0076,0.0716,0.6686,-0.0046,0.0371,-1.0349,21,random,,,,,,
111,909312,3596,40,1187.4,2508.3,3.3,7.4,2.16,0.6667,1.0,0.4167,0.0,0.6667,,191.8,4.83,5.57,1.2141,9.55,0.5381,3.37,0.0088,0.0856,0.6764,-0.0053,0.0432,-1.05,22,random,,,,,,
112,917504,3642,46,1198.2,2571.8,3.2,7.4,2.02,0.64,0.5833,0.6923,0.0,0.64,,160.4,4.04,8.76,1.2383,9.26,0.5564,3.45,0.0074,0.064,0.7008,-0.0058,0.049,-1.0711,22,random,,,,,,
113,925696,3681,39,1208.9,2527.9,3.2,7.6,2.12,0.5625,0.5833,0.5,0.0,0.5625,,234.5,5.28,6.5,1.2492,9.88,0.5454,3.49,0.008,0.0584,0.7248,-0.006,0.0402,-1.0766,22,random,,,,,,
114,933888,3731,50,1220.2,2315.5,3.5,7.5,2.39,0.6071,0.6,0.6154,0.0,0.6071,,218.8,5.42,8.04,1.2953,10.16,0.5586,3.65,0.0077,0.0753,0.6288,-0.0081,0.049,-1.1061,22,random,,,,,,
115,942080,3775,44,1231.4,2344.9,3.5,7.6,2.32,0.8696,0.75,1.0,0.0,0.8696,,175.8,4.48,12.0,1.2169,9.68,0.5361,3.38,0.0065,0.0544,0.6998,-0.0069,0.0437,-1.0506,22,random,,,,,,
116,950272,3817,42,1242.5,2447.2,3.3,7.4,2.2,0.6087,0.4444,0.7143,0.0,0.6087,,193.7,4.95,8.26,1.1702,8.66,0.5421,3.22,0.0076,0.0551,0.744,-0.007,0.0406,-1.0457,23,random,,,,,,
117,958464,3859,42,1253.0,2775.0,3.0,7.5,1.8,0.4737,0.3333,0.7143,0.0,0.4737,,176.4,4.57,7.42,1.224,8.88,0.5605,3.4,0.0068,0.0668,0.6908,-0.0064,0.0448,-1.0724,23,random,,,,,,
118,966656,3899,40,1263.6,2684.0,3.1,7.5,1.96,0.7333,0.5,1.0,0.0,0.7333,,193.5,4.45,7.47,1.2347,9.08,0.5596,3.44,0.0062,0.0609,0.6929,-0.0079,0.0413,-1.0608,23,random,,,,,,
119,974848,3941,42,1274.3,2742.0,3.0,7.5,1.89,0.5714,0.5385,0.625,0.0,0.5714,,202.1,4.69,4.1,1.2483,9.12,0.5648,3.48,0.0061,0.0494,0.7039,-0.0075,0.0463,-1.0819,23,random,,,,,,
120,983040,3993,52,1285.2,2488.5,3.3,7.5,2.11,0.5833,0.625,0.5625,0.0,0.5833,,190.5,4.52,7.12,1.2502,9.35,0.5593,3.49,0.0098,0.086,0.6967,-0.0073,0.0517,-1.0928,23,random,,,,,,
121,991232,4044,51,1296.2,2486.1,3.3,8.7,2.15,0.6667,0.5714,0.7692,0.0,0.6667,,161.5,4.37,5.59,1.2596,9.17,0.5685,3.52,0.0096,0.0834,0.6137,-0.0074,0.0542,-1.1066,24,random,1008,200,0.38,0.47,0.29,1.5
122,999424,4101,57,1309.9,2432.8,3.4,7.6,2.23,0.5385,0.5385,0.5385,0.0,0.5385,,169.9,4.19,5.62,1.25,8.74,0.5765,3.49,0.007,0.0592,0.5897,-0.0074,0.0681,-1.1264,24,random,,,,,,
123,1007616,4150,49,1320.8,2587.3,3.2,7.3,1.98,0.75,0.7368,0.7778,0.0,0.75,,136.5,3.78,6.96,1.242,8.63,0.5762,3.46,0.0088,0.0638,0.5291,-0.0058,0.0612,-1.0935,24,random,,,,,,
124,1015808,4198,48,1331.4,2573.7,3.2,7.4,2.03,0.5238,0.4167,0.6667,0.0,0.5238,,173.3,4.27,5.05,1.2485,9.11,0.5651,3.49,0.0073,0.0561,0.5874,-0.0079,0.0492,-1.0971,24,random,,,,,,
125,1024000,4234,36,1342.2,2534.7,3.2,7.5,2.13,0.75,0.5,0.9167,0.0,0.75,,159.9,4.22,7.35,1.269,9.41,0.5661,3.56,0.0068,0.0636,0.6268,-0.008,0.0425,-1.1135,24,random,,,,,,
126,1032192,4273,39,1352.8,2783.5,2.9,7.5,1.81,0.7391,0.6923,0.8,0.0,0.7391,,200.3,5.13,6.52,1.3051,9.95,0.5681,3.69,0.0073,0.0607,0.6694,-0.0072,0.0416,-1.123,25,random,,,,,,
127,1040384,4310,37,1363.2,2940.8,2.8,7.4,1.68,0.8182,1.0,0.6667,0.0,0.8182,,236.1,5.22,10.91,1.2411,9.33,0.5557,3.46,0.0075,0.0609,0.7051,-0.0082,0.0338,-1.1105,25,random,,,,,,
128,1048576,4352,42,1373.8,2725.9,3.0,7.3,1.87,0.8,0.8571,0.75,0.0,0.8,,217.4,4.79,5.0,1.2208,9.04,0.5544,3.39,0.0059,0.0674,0.6777,-0.007,0.0429,-1.0699,25,random,,,,,,
129,1056768,4384,32,1384.5,2552.9,3.2,7.5,2.06,0.8125,0.75,0.8333,0.0,0.8125,,223.2,5.16,9.25,1.3013,10.22,0.56,3.67,0.0068,0.059,0.7629,-0.0086,0.029,-1.1277,25,random,,,,,,
130,1064960,4424,40,1395.3,2584.0,3.2,7.5,1.98,0.5417,0.5385,0.5455,0.0,0.5417,,207.9,5.53,3.25,1.2824,10.26,0.5508,3.61,0.0066,0.058,0.7085,-0.0085,0.037,-1.1087,25,random,,,,,,
131,1073152,4458,34,1405.9,2759.0,3.0,7.3,1.86,0.7368,0.6667,0.8,0.0,0.7368,,185.0,4.65,8.79,1.2826,10.66,0.542,3.61,0.0063,0.0616,0.6387,-0.007,0.0376,-1.0803,26,random,,,,,,
132,1081344,4496,38,1416.3,2776.7,3.0,7.6,1.86,0.6957,0.7273,0.6667,0.0,0.6957,,200.8,4.84,10.17,1.235,9.97,0.537,3.44,0.0062,0.0641,0.6313,-0.0074,0.0402,-1.0709,26,random,,,,,,
133,1089536,4528,32,1427.2,2548.2,3.2,8.6,2.08,0.7692,0.7273,1.0,0.0,0.7692,,285.5,6.0,8.08,1.2904,10.46,0.5498,3.63,0.0088,0.0735,0.6833,-0.0069,0.0326,-1.1017,26,random,1009,200,0.475,0.6,0.35,1.7
134,1097728,4566,38,1440.8,2586.8,3.2,7.4,2.04,0.65,0.7273,0.5556,0.0,0.65,,238.0,5.74,8.1,1.2537,10.03,0.5438,3.5,0.0084,0.08,0.7114,-0.0069,0.039,-1.07,26,random,,,,,,
135,1105920,4596,30,1451.5,2681.6,3.1,7.6,1.93,0.75,0.7,0.8333,0.0,0.75,,229.6,5.63,8.5,1.2273,10.25,0.5273,3.41,0.0063,0.0786,0.6879,-0.0074,0.0337,-1.0738,26,random,,,,,,
136,1114112,4628,32,1462.2,2706.0,3.0,7.6,1.92,1.0,1.0,1.0,0.0,1.0,,262.8,6.16,14.06,1.265,10.61,0.5356,3.54,0.0076,0.0738,0.7651,-0.0091,0.028,-1.1155,27,random,,,,,,
137,1122304,4663,35,1472.6,3064.4,2.7,7.5,1.55,0.7333,0.7143,0.75,0.0,0.7333,,238.9,5.51,9.33,1.226,10.5,0.5215,3.41,0.0088,0.0878,0.7098,-0.0083,0.0307,-1.0835,27,random,,,,,,
138,1130496,4686,23,1483.1,2925.3,2.8,7.7,1.66,0.75,0.7778,0.6667,0.0,0.75,,249.0,5.48,8.75,1.2213,10.81,0.5131,3.39,0.0062,0.0674,0.7634,-0.0087,0.026,-1.0624,27,random,,,,,,
139,1138688,4711,25,1493.7,2923.6,2.8,7.6,1.7,0.8462,0.8,0.875,0.0,0.8462,,287.1,6.32,12.23,1.2242,11.11,0.5084,3.4,0.0076,0.0878,0.8058,-0.0086,0.0233,-1.0583,27,random,,,,,,
140,1146880,4737,26,1504.3,2907.6,2.8,7.7,1.7,0.7,0.3333,0.8571,0.0,0.7,,334.5,7.15,11.7,1.1735,10.51,0.4988,3.23,0.0085,0.0793,0.7432,-0.0078,0.0314,-1.0524,27,random,,,,,,
141,1155072,4764,27,1514.8,3041.1,2.7,7.6,1.59,0.8182,0.75,1.0,0.0,0.8182,,397.8,8.11,17.55,1.2148,10.95,0.5076,3.37,0.0085,0.0863,0.739,-0.0082,0.0269,-1.0494,28,random,,,,,,
142,1163264,4791,27,1525.2,3081.7,2.7,7.5,1.55,0.6429,0.6667,0.6,0.0,0.6429,,242.4,5.33,8.14,1.1421,10.27,0.4903,3.13,0.0097,0.0898,0.7704,-0.0066,0.024,-1.0185,28,random,,,,,,
143,1171456,4818,27,1535.7,2822.2,2.9,7.6,1.77,0.5556,0.6667,0.5,0.0,0.5556,,319.3,6.52,8.56,1.1993,10.74,0.5052,3.32,0.0076,0.0716,0.7361,-0.009,0.0296,-1.0307,28,random,,,,,,
144,1179648,4859,41,1546.6,2564.1,3.2,7.6,2.07,0.7727,0.8,0.75,0.0,0.7727,,266.9,6.24,12.77,1.1688,10.79,0.4915,3.22,0.0088,0.0805,0.6349,-0.0069,0.0416,-1.024,28,random,,,,,,
145,1187840,4881,22,1557.2,2887.8,2.8,7.7,1.73,0.9167,0.8571,1.0,0.0,0.9167,,198.2,5.09,14.67,1.1344,10.72,0.4781,3.11,0.01,0.0808,0.8062,-0.0062,0.0219,-0.9982,28,random,,,,,,
146,1196032,4910,29,1567.6,3174.7,2.6,7.7,1.48,0.7273,0.6667,0.8,0.0,0.7273,,322.2,6.76,8.64,1.1615,10.88,0.4866,3.19,0.0095,0.0944,0.8143,-0.0083,0.0245,-0.9897,29,random,,,,,,
147,1204224,4935,25,1578.2,3001.9,2.7,7.7,1.61,0.8889,1.0,0.6667,0.0,0.8889,,328.6,6.56,10.89,1.0933,10.79,0.4596,2.98,0.0061,0.0676,0.8511,-0.0089,0.0193,-0.9642,29,random,,,,,,
148,1212416,4963,28,1589.0,2812.2,2.9,7.6,1.77,0.6429,0.5556,0.8,0.0,0.6429,,273.2,6.07,7.14,1.1024,11.21,0.4561,3.01,0.0079,0.0802,0.6914,-0.0063,0.0356,-0.9838,29,random,,,,,,
149,1220608,4997,34,1600.0,2566.3,3.2,7.5,2.03,0.6842,0.7778,0.6,0.0,0.6842,,255.2,5.76,13.47,1.1197,11.23,0.463,3.06,0.0085,0.0782,0.7903,-0.0075,0.029,-0.9786,29,random,,,,,,
150,1228800,5026,29,1610.7,2666.1,3.1,9.1,1.93,0.8571,0.8333,0.875,0.0,0.8571,,304.8,6.62,13.21,1.0859,10.87,0.4551,2.96,0.0075,0.0908,0.7819,-0.0094,0.0298,-0.9335,29,random,1010,200,0.435,0.41,0.46,0.7
151,1236992,5067,41,1623.8,2650.8,3.1,7.6,1.95,0.6842,0.375,0.9091,0.0,0.6842,,240.3,5.49,9.89,1.0505,10.51,0.4466,2.86,0.0112,0.0986,0.6663,-0.0069,0.0457,-0.9197,30,random,,,,,,
152,1245184,5099,32,1634.9,2456.2,3.3,7.6,2.2,0.75,1.0,0.5,0.0,0.75,,240.2,5.81,11.12,1.0604,11.67,0.4316,2.89,0.0102,0.0872,0.6879,-0.0089,0.0437,-0.9289,30,random,,,,,,
153,1253376,5142,43,1645.9,2569.9,3.2,7.4,2.07,0.75,0.75,0.75,0.0,0.75,,225.6,5.33,6.83,1.0684,10.96,0.4463,2.91,0.0089,0.0782,0.6025,-0.0072,0.0547,-0.9266,30,random,,,,,,
154,1261568,5178,36,1656.8,2431.6,3.4,7.7,2.12,0.7895,1.0,0.6667,0.0,0.7895,,203.0,4.92,7.0,1.0747,10.99,0.4484,2.93,0.007,0.0625,0.5695,-0.0077,0.0398,-0.9393,30,random,,,,,,
155,1269760,5213,35,1667.9,2546.7,3.2,7.7,2.1,0.6364,0.5385,0.7778,0.0,0.6364,,246.3,6.26,11.18,1.076,11.23,0.4449,2.93,0.0087,0.0802,0.6842,-0.0082,0.0383,-0.93,30,random,,,,,,
156,1277952,5249,36,1679.0,2496.9,3.3,7.6,2.2,0.9412,0.875,1.0,0.0,0.9412,,231.0,5.08,10.41,1.0815,11.18,0.448,2.95,0.0101,0.0929,0.6874,-0.0084,0.0388,-0.9236,31,random,,,,,,
157,1286144,5287,38,1690.1,2512.8,3.3,7.6,2.16,0.8,0.8889,0.75,0.0,0.8,,222.9,5.74,11.04,1.0351,10.68,0.437,2.82,0.0069,0.0741,0.7782,-0.007,0.0307,-0.9134,31,random,,,,,,
158,1294336,5329,42,1701.2,2440.2,3.4,7.5,2.2,0.9583,1.0,0.9167,0.0,0.9583,,219.4,5.26,14.71,1.0081,11.17,0.4178,2.74,0.0101,0.0808,0.766,-0.0082,0.0357,-0.8818,31,random,,,,,,
159,1302528,5372,43,1712.1,2507.6,3.3,7.5,2.15,0.9231,0.8571,1.0,0.0,0.9231,,180.0,4.63,15.19,0.9928,11.08,0.4128,2.7,0.0151,0.1207,0.7438,-0.0059,0.0404,-0.8583,31,random,,,,,,
160,1310720,5410,38,1722.8,2747.0,3.0,7.8,1.81,0.8,0.8,0.8,0.0,0.8,,212.0,5.32,9.75,0.9626,10.93,0.4025,2.62,0.0081,0.0756,0.7774,-0.009,0.04,-0.8561,31,random,,,,,,
161,1318912,5450,40,1733.8,2730.8,3.0,7.5,1.86,0.95,1.0,0.8889,0.0,0.95,,189.8,4.35,12.5,0.9731,11.22,0.4024,2.65,0.0073,0.0858,0.7291,-0.0071,0.0428,-0.8291,32,random,,,,,,
162,1327104,5489,39,1744.5,2699.7,3.0,7.7,1.92,0.7778,0.75,0.8,0.0,0.7778,,199.5,4.59,8.94,0.9336,10.53,0.3966,2.54,0.0071,0.0786,0.7177,-0.0076,0.0461,-0.8291,32,random,,,,,,
163,1335296,5527,38,1755.3,2721.4,3.0,9.2,1.92,0.7083,0.7273,0.6923,0.0,0.7083,,191.2,4.71,11.79,0.9512,11.66,0.3873,2.59,0.0101,0.0858,0.7163,-0.0085,0.0391,-0.8275,32,random,1011,200,0.5175,0.57,0.465,0.9
164,1343488,5557,30,1768.6,2703.9,3.0,7.7,1.91,0.8824,1.0,0.75,0.0,0.8824,,226.7,4.97,11.12,0.9654,12.16,0.3865,2.63,0.0078,0.0749,0.785,-0.0084,0.0331,-0.8531,32,random,,,,,,
165,1351680,5592,35,1779.5,2686.5,3.0,7.7,1.92,0.8889,0.75,1.0,0.0,0.8889,,275.3,6.06,13.22,1.001,12.69,0.3939,2.72,0.0113,0.0986,0.751,-0.0078,0.0343,-0.8808,32,random,,,,,,
166,1359872,5622,30,1790.4,2665.6,3.1,7.7,1.93,0.7333,0.8182,0.5,0.0,0.7333,,262.2,5.83,11.8,0.938,11.84,0.3795,2.55,0.0105,0.0822,0.8062,-0.0075,0.0274,-0.8209,33,random,,,,,,
167,1368064,5651,29,1801.2,2694.5,3.0,7.6,1.88,0.9167,1.0,0.8571,0.0,0.9167,,251.6,5.66,14.58,0.9502,12.07,0.3815,2.59,0.0078,0.0831,0.7896,-0.0063,0.0306,-0.8377,33,random,,,,,,
168,1376256,5693,42,1811.9,2861.6,2.9,7.6,1.7,0.7368,0.7,0.7778,0.0,0.7368,,262.1,5.62,8.0,0.9627,12.06,0.3867,2.62,0.0102,0.083,0.6063,-0.0074,0.0468,-0.8375,33,random,,,,,,
169,1384448,5725,32,1822.4,3016.9,2.7,7.8,1.6,0.7692,0.8333,0.7143,0.0,0.7692,,209.3,4.56,8.92,0.9358,11.48,0.3834,2.55,0.0093,0.0919,0.7003,-0.0064,0.0315,-0.8483,33,random,,,,,,
170,1392640,5760,35,1833.2,2958.8,2.8,7.9,1.62,0.8947,0.875,0.9091,0.0,0.8947,,229.1,5.03,10.53,1.0025,12.45,0.3976,2.73,0.0075,0.0704,0.7279,-0.0082,0.0304,-0.8659,33,random,,,,,,
171,1400832,5794,34,1844.1,2901.5,2.8,7.9,1.66,0.8947,0.8571,1.0,0.0,0.8947,,207.8,4.65,10.32,0.9586,12.14,0.384,2.61,0.0077,0.0872,0.7439,-0.0078,0.031,-0.8345,34,random,,,,,,
172,1409024,5830,36,1855.2,2700.4,3.0,7.8,1.91,0.7692,0.8,0.75,0.0,0.7692,,251.3,5.17,8.23,0.9438,12.62,0.3722,2.57,0.009,0.0803,0.7544,-0.0079,0.0367,-0.8322,34,random,,,,,,
173,1417216,5868,38,1866.3,2617.9,3.1,7.6,1.96,0.9444,0.9091,1.0,0.0,0.9444,,269.6,5.5,9.39,0.9457,12.08,0.3795,2.57,0.01,0.096,0.793,-0.0077,0.0312,-0.851,34,random,,,,,,
174,1425408,5894,26,1876.9,2838.8,2.9,7.7,1.74,0.7059,0.6667,0.75,0.0,0.7059,,223.8,5.73,7.06,0.944,12.39,0.3751,2.57,0.0094,0.0902,0.8063,-0.0068,0.0258,-0.8416,34,random,,,,,,
175,1433600,5920,26,1887.6,3021.9,2.7,7.9,1.61,0.8462,1.0,0.7778,0.0,0.8462,,278.7,5.92,14.38,0.9463,12.49,0.3747,2.58,0.0092,0.0753,0.8567,-0.0085,0.0219,-0.8379,34,random,,,,,,
176,1441792,5949,29,1898.5,2831.9,2.9,7.9,1.71,1.0,1.0,1.0,0.0,1.0,,305.8,5.66,13.22,0.9349,12.87,0.3659,2.55,0.0094,0.0834,0.7763,-0.0062,0.0332,-0.8165,35,random,,,,,,
177,1449984,5973,24,1909.6,2724.8,3.0,8.0,1.88,0.8333,0.8571,0.8,0.0,0.8333,,264.6,5.83,10.67,0.9599,13.45,0.3693,2.61,0.0093,0.0889,0.7754,-0.006,0.0251,-0.8298,35,random,,,,,,
178,1458176,6005,32,1920.7,2690.0,3.0,9.3,1.92,0.875,0.8333,0.9,0.0,0.875,,316.6,6.47,13.06,0.9183,13.79,0.3499,2.51,0.0105,0.0926,0.7807,-0.0084,0.0329,-0.7971,35,random,1012,200,0.44,0.5,0.38,2.6
179,1466368,6040,35,1936.0,2581.5,3.2,8.0,1.99,0.913,0.9091,0.9167,0.0,0.913,,226.2,5.09,12.87,0.8672,12.77,0.3404,2.38,0.0097,0.0887,0.8037,-0.0045,0.0289,-0.7889,35,random,,,,,,
180,1474560,6080,40,1947.3,2586.8,3.2,7.9,1.99,0.85,0.9286,0.6667,0.0,0.85,,260.8,5.38,12.35,0.8741,12.76,0.3433,2.4,0.0098,0.0868,0.7459,-0.01,0.0405,-0.7723,35,random,,,,,,
181,1482752,6107,27,1958.5,2714.9,3.0,7.7,1.88,0.7333,0.8571,0.625,0.0667,0.7333,,236.0,5.41,17.07,0.8391,12.96,0.3275,2.31,0.0088,0.0873,0.8108,-0.0082,0.0311,-0.7353,36,random,,,,,,
182,1490944,6133,26,1969.1,2967.4,2.8,7.9,1.65,1.0,1.0,1.0,0.0,1.0,,272.3,5.73,15.85,0.8418,13.44,0.324,2.32,0.0088,0.0872,0.8323,-0.0067,0.0228,-0.7388,36,random,,,,,,
183,1499136,6155,22,1979.9,2966.6,2.8,7.8,1.6,0.8182,0.8,0.8333,0.0,0.8182,,305.5,6.0,16.0,0.8239,13.27,0.3187,2.28,0.0119,0.0915,0.8601,-0.0083,0.0201,-0.747,36,random,,,,,,
184,1507328,6181,26,1990.7,2978.7,2.8,7.9,1.63,0.7,0.5714,1.0,0.0,0.7,,328.6,6.35,8.9,0.8147,13.35,0.3144,2.26,0.0065,0.062,0.8027,-0.0063,0.0223,-0.7273,36,random,,,,,,
185,1515520,6210,29,2001.8,2755.6,3.0,7.9,1.82,0.8333,0.7143,1.0,0.0,0.8333,,337.6,6.66,11.67,0.8249,14.03,0.3123,2.28,0.0087,0.0643,0.7524,-0.0058,0.0297,-0.7301,36,random,,,,,,
186,1523712,6240,30,2012.9,2672.2,3.1,7.8,1.95,0.8182,0.6667,0.875,0.0,0.8182,,291.4,5.6,15.0,0.8238,12.69,0.3243,2.28,0.0088,0.0815,0.8182,-0.0072,0.0265,-0.7524,37,random,,,,,,
187,1531904,6270,30,2024.0,2573.3,3.2,7.9,2.05,0.7333,0.4286,1.0,0.0,0.7333,,303.9,6.43,10.07,0.8477,12.69,0.3337,2.33,0.0073,0.0593,0.8182,-0.0076,0.0231,-0.765,37,random,,,,,,
188,1540096,6309,39,2035.1,2723.8,3.0,7.8,1.87,0.7308,0.6,0.9091,0.0,0.7308,,228.5,5.36,7.46,0.8829,13.05,0.3437,2.42,0.0115,0.0941,0.8012,-0.0074,0.0351,-0.7776,37,random,,,,,,
189,1548288,6337,28,2046.0,2717.9,3.0,7.9,1.88,0.8,0.6667,1.0,0.0,0.8,,206.4,4.79,13.6,0.8428,12.94,0.3291,2.32,0.01,0.0763,0.8167,-0.0078,0.0269,-0.7693,37,random,,,,,,
190,1556480,6366,29,2056.8,2958.7,2.8,8.2,1.66,0.8,0.6667,1.0,0.0,0.8,,281.0,5.79,11.6,0.9189,13.86,0.3496,2.51,0.01,0.0882,0.843,-0.0069,0.0233,-0.7888,37,random,,,,,,
191,1564672,6394,28,2068.0,2828.3,2.9,7.9,1.74,0.9286,1.0,0.9,0.0,0.9286,,271.4,5.25,14.71,0.8831,13.91,0.3354,2.42,0.012,0.0808,0.8636,-0.008,0.0232,-0.7922,38,random,,,,,,
192,1572864,6418,24,2078.6,3226.0,2.5,8.0,1.38,0.9,0.8571,1.0,0.0,0.9,,348.1,6.79,18.9,0.8847,13.5,0.3399,2.42,0.0098,0.0833,0.8416,-0.0066,0.0261,-0.7827,38,random,,,,,,
193,1581056,6433,15,2089.3,3149.2,2.6,8.0,1.45,1.0,1.0,1.0,0.0,1.0,,308.9,6.07,20.88,0.8652,14.15,0.3265,2.38,0.0103,0.0892,0.8813,-0.0083,0.0161,-0.7712,38,random,,,,,,
194,1589248,6449,16,2100.0,3233.4,2.5,8.2,1.4,1.0,1.0,1.0,0.0,1.0,,366.4,6.75,15.29,0.8098,15.04,0.2987,2.25,0.0097,0.079,0.8945,-0.0088,0.0188,-0.7422,38,random,,,,,,
195,1597440,6485,36,2111.2,2837.5,2.9,8.0,1.71,0.7333,0.8182,0.5,0.0,0.7333,,356.6,6.64,16.53,0.8112,14.92,0.3001,2.25,0.0168,0.094,0.8359,-0.0061,0.032,-0.6986,38,random,,,,,,
196,1605632,6524,39,2122.5,2643.9,3.1,9.3,1.93,1.0,1.0,1.0,0.0,1.0,,277.8,5.31,14.48,0.8185,14.02,0.31,2.27,0.0101,0.079,0.8671,-0.0076,0.03,-0.7072,39,random,1013,200,0.55,0.635,0.465,3.2
197,1613824,6544,20,2138.3,2665.0,3.1,7.9,1.91,0.7,0.75,0.6667,0.0,0.7,,306.6,5.75,10.2,0.7339,13.85,0.2793,2.08,0.0107,0.0854,0.8255,-0.0081,0.0271,-0.6405,39,random,,,,,,
198,1622016,6571,27,2149.3,2841.2,2.9,7.9,1.74,0.9375,0.875,1.0,0.0,0.9375,,305.5,6.44,13.5,0.7585,14.02,0.2873,2.14,0.0081,0.0765,0.8921,-0.0066,0.0193,-0.6929,39,random,,,,,,
199,1630208,6595,24,2160.4,2723.9,3.0,7.9,1.84,1.0,1.0,1.0,0.0,1.0,,225.8,4.79,11.58,0.7756,13.66,0.2966,2.17,0.0092,0.0838,0.8727,-0.0077,0.0225,-0.6818,39,random,,,,,,
200,1638400,6628,33,2171.6,2580.3,3.2,8.0,2.05,0.8,0.8333,0.75,0.0,0.8,,383.7,7.0,13.5,0.7614,14.78,0.2827,2.14,0.0097,0.0738,0.8629,-0.0064,0.0301,-0.6898,39,random,,,,,,
201,1646592,6657,29,2183.0,2530.5,3.2,7.9,2.11,0.9545,1.0,0.9167,0.0,0.9545,,244.5,5.76,13.64,0.7473,13.19,0.2898,2.11,0.0104,0.0768,0.8871,-0.009,0.0203,-0.703,40,random,,,,,,
202,1654784,6679,22,2194.1,2682.7,3.1,7.9,1.9,0.8182,0.8333,0.8,0.0,0.8182,,383.4,7.45,13.0,0.8045,14.01,0.3048,2.24,0.0105,0.0727,0.8413,-0.0078,0.0231,-0.7086,40,random,,,,,,
203,1662976,6706,27,2205.2,2706.0,3.0,8.0,1.89,0.9333,0.875,1.0,0.0,0.9333,,260.7,5.93,11.2,0.7502,13.51,0.2882,2.12,0.0085,0.0724,0.845,-0.0077,0.0228,-0.713,40,random,,,,,,
204,1671168,6730,24,2216.1,2987.7,2.7,8.0,1.58,0.9,0.875,1.0,0.0,0.9,,303.6,6.08,14.6,0.8061,13.99,0.3055,2.24,0.0122,0.0914,0.7616,-0.0079,0.0313,-0.7241,40,random,,,,,,
205,1679360,6754,24,2227.1,2833.3,2.9,8.0,1.76,0.75,0.8889,0.3333,0.0,0.75,,337.2,6.5,12.17,0.7419,13.74,0.2831,2.1,0.0091,0.0793,0.8117,-0.0054,0.0224,-0.7003,40,random,,,,,,
206,1687552,6779,25,2238.2,2844.9,2.9,8.1,1.77,0.8182,0.6,1.0,0.0,0.8182,,332.4,6.04,15.73,0.7468,14.06,0.2825,2.11,0.0106,0.082,0.835,-0.0069,0.0224,-0.6744,41,random,,,,,,
207,1695744,6803,24,2249.3,2906.5,2.8,8.0,1.68,0.9167,1.0,0.8,0.0,0.9167,,337.2,6.71,10.25,0.7723,14.71,0.2872,2.16,0.0087,0.0798,0.8225,-0.0074,0.0216,-0.6784,41,random,,,,,,
208,1703936,6827,24,2260.3,2897.7,2.8,8.1,1.68,0.9286,1.0,0.8333,0.0,0.9286,,291.1,5.88,17.57,0.7746,14.09,0.2928,2.17,0.0097,0.0806,0.832,-0.0067,0.0256,-0.703,41,random,,,,,,
209,1712128,6853,26,2271.3,2861.9,2.9,7.9,1.72,0.8182,0.8333,0.8,0.0,0.8182,,383.5,7.04,16.55,0.7198,13.45,0.277,2.05,0.008,0.068,0.8234,-0.0077,0.027,-0.6731,41,random,,,,,,
210,1720320,6879,26,2282.1,3042.1,2.7,8.1,1.56,0.7857,0.8,0.7778,0.0,0.7857,,322.8,6.27,8.79,0.7954,14.56,0.297,2.22,0.0098,0.0942,0.7371,-0.0043,0.0328,-0.7219,41,random,,,,,,
211,1728512,6901,22,2293.4,2788.2,2.9,7.9,1.79,0.8,0.8333,0.75,0.0,0.8,,331.7,5.82,7.9,0.8075,14.6,0.3012,2.24,0.0091,0.0776,0.8333,-0.0072,0.0176,-0.7203,42,random,,,,,,
212,1736704,6938,37,2304.6,2644.7,3.1,8.0,1.89,0.7895,0.7778,0.8,0.0,0.7895,,324.8,6.19,10.32,0.8395,14.27,0.3158,2.32,0.0078,0.0767,0.8037,-0.0067,0.0266,-0.7398,42,random,,,,,,
213,1744896,6967,29,2316.0,2529.1,3.2,7.9,2.12,0.8125,0.75,0.875,0.0,0.8125,,203.8,4.55,14.38,0.8546,14.15,0.3225,2.35,0.0096,0.0758,0.8672,-0.0076,0.0223,-0.7444,42,random,,,,,,
214,1753088,7009,42,2327.3,2558.9,3.2,9.3,2.04,0.8333,0.6923,1.0,0.0,0.8333,,231.9,4.71,12.42,0.833,13.89,0.3166,2.3,0.0094,0.0823,0.8121,-0.0079,0.0339,-0.7409,42,random,1014,200,0.5425,0.51,0.575,2.3
215,1761280,7035,26,2342.1,2648.6,3.1,7.9,1.96,0.8,0.875,0.7143,0.0,0.8,,251.0,5.15,11.87,0.8086,14.45,0.3028,2.24,0.0089,0.0723,0.8575,-0.0066,0.0284,-0.7367,42,random,,,,,,
216,1769472,7067,32,2353.1,2707.0,3.0,7.9,1.85,0.8889,0.8889,0.8889,0.0,0.8889,,300.7,6.12,16.61,0.8308,14.14,0.3137,2.3,0.0106,0.0807,0.8754,-0.0076,0.0225,-0.734,43,random,,,,,,
217,1777664,7095,28,2364.4,2588.1,3.2,7.8,1.99,0.8462,0.8,0.875,0.0,0.8462,,262.0,5.25,13.62,0.8129,13.92,0.3087,2.25,0.0099,0.0863,0.7269,-0.0067,0.0341,-0.72,43,random,,,,,,
218,1785856,7123,28,2375.5,2547.3,3.2,7.8,2.04,0.6875,0.75,0.6667,0.0,0.6875,,239.3,5.36,8.0,0.8043,14.01,0.3047,2.24,0.0101,0.0975,0.7256,-0.0063,0.0281,-0.7073,43,random,,,,,,
219,1794048,7154,31,2386.5,2777.0,2.9,8.0,1.77,0.7143,0.8889,0.4,0.0,0.7143,,354.1,6.61,13.21,0.7594,14.39,0.2848,2.14,0.0073,0.0894,0.7975,-0.005,0.027,-0.6991,43,random,,,,,,
220,1802240,7185,31,2398.0,2429.0,3.4,8.0,2.21,0.7647,0.7778,0.75,0.0,0.7647,,238.3,4.97,7.24,0.7804,14.27,0.2936,2.18,0.0122,0.0834,0.7431,-0.0071,0.0291,-0.7064,43,random,,,,,,
221,1810432,7219,34,2409.2,2775.1,3.0,8.0,1.81,0.8824,0.8889,0.875,0.0,0.8824,,282.3,5.71,15.53,0.7803,14.34,0.293,2.18,0.0079,0.075,0.8292,-0.0085,0.0244,-0.7221,44,random,,,,,,
222,1818624,7255,36,2420.3,2758.0,3.0,7.9,1.83,1.0,1.0,1.0,0.0,1.0,,219.9,4.61,14.29,0.7534,13.5,0.2895,2.12,0.0097,0.0919,0.8439,-0.0073,0.0281,-0.6917,44,random,,,,,,
223,1826816,7282,27,2431.2,2975.1,2.8,8.0,1.57,0.5,0.25,0.625,0.0,0.5,,255.3,5.04,8.0,0.7485,13.33,0.289,2.11,0.0097,0.0758,0.8087,-0.0077,0.028,-0.7009,44,random,,,,,,
224,1835008,7305,23,2442.2,2883.1,2.8,7.8,1.69,0.625,0.5,1.0,0.125,0.625,,321.0,5.78,4.38,0.8409,14.6,0.3137,2.32,0.0083,0.0857,0.8461,-0.008,0.0208,-0.7259,44,random,,,,,,
225,1843200,7327,22,2452.6,3303.5,2.5,8.1,1.37,0.7273,0.7143,0.75,0.0,0.7273,,267.2,5.32,14.45,0.8191,14.62,0.3054,2.27,0.0103,0.0927,0.8237,-0.008,0.0205,-0.7359,44,random,,,,,,
226,1851392,7359,32,2463.7,2960.0,2.8,7.9,1.63,0.7692,0.4,1.0,0.0,0.7692,,287.0,5.31,9.23,0.7921,14.89,0.2933,2.21,0.0106,0.0824,0.8289,-0.0065,0.0277,-0.7154,45,random,,,,,,
227,1859584,7384,25,2474.6,2865.5,2.9,8.1,1.72,0.7692,0.7273,1.0,0.0,0.7692,,321.8,6.28,10.46,0.7936,14.99,0.2931,2.21,0.011,0.0971,0.8851,-0.0065,0.0167,-0.7027,45,random,,,,,,
228,1867776,7417,33,2486.0,2645.5,3.1,8.0,1.97,0.7273,1.0,0.5714,0.0,0.7273,,367.7,6.12,5.27,0.7943,14.35,0.2982,2.21,0.0107,0.0872,0.8379,-0.0073,0.0242,-0.7119,45,random,,,,,,
229,1875968,7451,34,2497.1,2708.5,3.0,8.0,1.86,0.7778,0.75,0.8333,0.0,0.7778,,260.7,5.56,11.72,0.7392,14.67,0.2752,2.09,0.008,0.0822,0.7919,-0.0063,0.033,-0.6811,45,random,,,,,,
230,1884160,7480,29,2508.4,2563.1,3.2,7.9,2.0,0.8125,0.625,1.0,0.0,0.8125,,216.1,4.59,9.62,0.8098,14.16,0.3056,2.25,0.01,0.0847,0.8059,-0.0066,0.0321,-0.7227,45,random,,,,,,
231,1892352,7520,40,2519.9,2419.5,3.4,9.5,2.2,0.6,0.6,0.6,0.0,0.6,,244.3,4.88,10.35,0.7803,14.06,0.2952,2.18,0.0096,0.086,0.7925,-0.007,0.035,-0.7133,46,random,1015,200,0.505,0.45,0.56,2.3
232,1900544,7545,25,2535.2,2462.8,3.3,7.9,2.21,0.9286,1.0,0.8,0.0,0.9286,,264.8,5.6,12.93,0.7968,14.13,0.3009,2.22,0.0104,0.0981,0.8401,-0.0063,0.021,-0.7029,46,random,,,,,,
233,1908736,7580,35,2546.5,2568.0,3.2,7.9,2.0,0.7273,0.7273,0.7273,0.0,0.7273,,246.1,5.54,8.91,0.7695,14.5,0.2878,2.16,0.0102,0.0912,0.7398,-0.0088,0.0347,-0.7137,46,random,,,,,,
234,1916928,7604,24,2557.5,2778.9,2.9,7.9,1.78,0.6364,1.0,0.3333,0.0,0.6364,,250.9,5.17,9.45,0.8228,14.59,0.307,2.28,0.0088,0.0891,0.7905,-0.0072,0.0264,-0.7401,46,random,,,,,,
235,1925120,7628,24,2568.6,2750.8,3.0,8.2,1.84,1.0,1.0,1.0,0.0,1.0,,281.6,5.33,17.78,0.8177,14.17,0.3084,2.27,0.0083,0.0741,0.8733,-0.0084,0.0184,-0.7342,46,random,,,,,,
236,1933312,7661,33,2580.0,2667.8,3.1,8.1,1.92,0.6667,0.6,0.7143,0.0,0.6667,,343.8,6.3,2.58,0.7933,14.21,0.2989,2.21,0.011,0.0913,0.8494,-0.0073,0.0271,-0.7231,47,random,,,,,,
237,1941504,7700,39,2591.5,2538.0,3.2,7.9,2.06,0.7222,0.6364,0.8571,0.0,0.7222,,260.1,5.33,10.17,0.8015,14.11,0.3028,2.23,0.0099,0.0838,0.7824,-0.0075,0.035,-0.705,47,random,,,,,,
238,1949696,7730,30,2602.4,2776.1,3.0,7.9,1.81,0.8333,0.75,1.0,0.0,0.8333,,242.7,4.93,15.5,0.835,14.15,0.3151,2.3,0.0088,0.0766,0.7858,-0.0078,0.0343,-0.7341,47,random,,,,,,
239,1957888,7761,31,2613.7,2536.5,3.2,7.9,2.1,0.6923,1.0,0.5556,0.0,0.6923,,278.1,5.71,10.38,0.8071,14.03,0.3056,2.24,0.009,0.0824,0.7888,-0.0072,0.0304,-0.7083,47,random,,,,,,
240,1966080,7802,41,2625.1,2481.5,3.3,8.0,2.15,0.8571,1.0,0.7,0.0,0.8571,,232.1,4.98,14.05,0.8252,14.07,0.3121,2.28,0.0076,0.0748,0.7625,-0.0064,0.0348,-0.7371,47,random,,,,,,
241,1974272,7838,36,2636.6,2428.0,3.4,8.0,2.2,0.85,0.8571,0.8462,0.0,0.85,,196.9,4.39,11.15,0.7599,14.1,0.2872,2.14,0.0093,0.0649,0.776,-0.0073,0.0327,-0.6936,48,random,,,,,,
242,1982464,7880,42,2648.2,2372.8,3.5,7.9,2.3,0.625,0.5,0.8,0.0,0.625,,232.1,4.93,9.12,0.7633,13.19,0.2959,2.15,0.0086,0.0721,0.7424,-0.0059,0.0376,-0.6929,48,random,,,,,,
243,1990656,7912,32,2659.7,2388.9,3.4,8.0,2.29,0.5789,0.5,0.6364,0.0,0.5789,,209.1,4.59,7.0,0.8209,14.04,0.3107,2.27,0.0078,0.0722,0.8322,-0.0076,0.0269,-0.7208,48,random,,,,,,
244,1998848,7954,42,2671.3,2370.0,3.5,7.9,2.27,0.8438,0.7857,0.8889,0.0,0.8438,,179.6,4.62,8.53,0.7832,14.01,0.2967,2.19,0.01,0.0726,0.7813,-0.0067,0.0317,-0.701,48,random,,,,,,
245,2007040,7996,42,2682.5,2648.3,3.1,8.1,1.93,0.8462,0.8333,0.8571,0.0,0.8462,,237.4,4.52,14.54,0.783,13.86,0.2979,2.19,0.0093,0.0866,0.7551,-0.0063,0.0401,-0.7177,48,random,,,,,,
246,2015232,8027,31,2694.1,2467.0,3.3,9.6,2.19,0.7,0.7273,0.6667,0.0,0.7,,177.4,3.97,8.2,0.8192,14.54,0.306,2.27,0.0101,0.0938,0.7146,-0.0075,0.0383,-0.7305,49,random,1016,200,0.4025,0.32,0.485,0.1
247,2023424,8053,26,2706.9,2762.8,3.0,8.1,1.81,0.6667,0.5,0.7273,0.0,0.6667,,215.8,5.12,6.2,0.8151,14.32,0.3063,2.26,0.0081,0.0717,0.7811,-0.0086,0.0283,-0.7404,49,random,,,,,,
248,2031616,8084,31,2718.3,2614.7,3.1,7.9,1.97,0.7857,0.7273,1.0,0.0,0.7857,,336.5,6.23,7.29,0.8567,14.69,0.3188,2.36,0.0085,0.0675,0.8602,-0.0077,0.0207,-0.7369,49,random,,,,,,
249,2039808,8117,33,2729.7,2514.9,3.3,7.8,2.1,0.6471,0.7,0.5714,0.0,0.6471,,234.8,4.94,12.24,0.8086,13.96,0.3067,2.24,0.0103,0.0821,0.7733,-0.0064,0.0328,-0.7688,49,random,,,,,,
250,2048000,8140,23,2740.8,2605.2,3.1,8.1,1.99,0.6923,0.8571,0.5,0.0,0.6923,,261.6,5.52,11.85,0.8016,14.75,0.2978,2.23,0.009,0.0853,0.8146,-0.008,0.0253,-0.7096,49,random,,,,,,
251,2056192,8170,30,2752.1,2674.9,3.1,7.9,1.93,0.5714,0.6667,0.5,0.0,0.5714,,341.9,6.47,8.71,0.7714,13.39,0.2973,2.16,0.0094,0.0912,0.8245,-0.0067,0.0264,-0.6965,50,random,,,,,,
252,2064384,8209,39,2763.4,2479.2,3.3,7.8,2.05,0.5714,0.6667,0.5,0.0,0.5714,,251.4,5.21,4.86,0.7841,13.83,0.2985,2.19,0.0109,0.0889,0.6871,-0.0065,0.0426,-0.6947,50,random,,,,,,
253,2072576,8237,28,2774.6,2530.1,3.2,7.8,2.09,0.8889,0.8571,1.0,0.0,0.8889,,263.9,4.96,15.33,0.7431,13.78,0.2832,2.1,0.0106,0.08,0.7973,-0.0065,0.0312,-0.6763,50,random,,,,,,
254,2080768,8283,46,2785.8,2577.7,3.2,7.9,2.0,0.7407,0.75,0.7333,0.0,0.7407,,238.0,5.35,9.93,0.7323,13.72,0.2796,2.08,0.0094,0.0776,0.8275,-0.0068,0.0313,-0.641,50,random,,,,,,
255,2088960,8317,34,2796.8,2734.3,3.0,7.9,1.8,0.6364,0.6,0.6667,0.0,0.6364,,230.6,4.32,12.91,0.7357,13.55,0.2823,2.09,0.0132,0.101,0.7798,-0.0056,0.0339,-0.6612,50,random,,,,,,
256,2097152,8343,26,2808.1,2591.6,3.2,7.9,2.0,0.7333,0.75,0.7273,0.0,0.7333,,249.5,5.5,12.07,0.7536,13.76,0.2874,2.12,0.0098,0.0879,0.8052,-0.0072,0.0276,-0.6752,51,random,,,,,,
257,2105344,8374,31,2819.3,2524.9,3.2,8.0,2.08,1.0,1.0,1.0,0.0,1.0,,211.7,4.35,14.07,0.7178,13.75,0.2739,2.05,0.0076,0.0742,0.8456,-0.0084,0.023,-0.6337,51,random,,,,,,
258,2113536,8417,43,2830.5,2696.9,3.0,7.9,1.84,0.6522,0.8,0.5385,0.0,0.6522,,239.5,5.26,5.04,0.7306,13.83,0.2782,2.08,0.0114,0.083,0.7784,-0.0066,0.038,-0.6272,51,random,,,,,,
259,2121728,8448,31,2841.8,2546.2,3.2,7.9,2.04,0.7857,0.75,0.8,0.0,0.7857,,249.3,4.87,7.86,0.6553,13.4,0.2525,1.93,0.0102,0.0888,0.7881,-0.0057,0.0337,-0.6197,51,random,,,,,,
260,2129920,8478,30,2853.0,2547.3,3.2,8.0,2.07,0.6,0.5714,0.625,0.0,0.6,,232.0,4.83,8.8,0.7195,13.28,0.2782,2.05,0.0082,0.0765,0.7827,-0.0066,0.0334,-0.6604,51,random,,,,,,
261,2138112,8508,30,2864.2,2773.7,3.0,9.4,1.81,0.7059,0.8333,0.6364,0.0,0.7059,,242.5,5.47,7.12,0.7772,14.43,0.2912,2.18,0.0081,0.073,0.7793,-0.0057,0.0305,-0.7036,52,random,1017,200,0.67,0.58,0.76,2.5
262,2146304,8545,37,2879.0,2967.0,2.8,8.0,1.63,0.6154,0.5714,0.6667,0.0,0.6154,,276.4,5.35,6.92,0.7623,14.07,0.2883,2.14,0.0089,0.0811,0.6123,-0.007,0.0416,-0.6759,52,random,,,,,,
263,2154496,8583,38,2890.2,2722.9,3.0,7.8,1.85,0.8,0.75,0.8571,0.0,0.8,,233.4,4.37,9.4,0.7098,13.95,0.2693,2.03,0.0082,0.0704,0.7191,-0.0065,0.0335,-0.6547,52,random,,,,,,
264,2162688,8611,28,2901.3,2646.4,3.1,8.0,1.96,0.9,0.75,1.0,0.0,0.9,,239.5,4.61,10.5,0.7503,14.7,0.2792,2.12,0.0086,0.0701,0.766,-0.0086,0.0307,-0.6628,52,random,,,,,,
265,2170880,8650,39,2912.9,2339.1,3.5,8.0,2.31,0.7895,0.7273,0.875,0.0,0.7895,,239.6,4.92,12.32,0.7513,14.65,0.2799,2.12,0.0105,0.0776,0.7447,-0.0074,0.0371,-0.6777,52,random,,,,,,
266,2179072,8684,34,2924.5,2359.9,3.5,8.0,2.29,0.8235,0.75,0.8889,0.0,0.8235,,249.9,5.18,10.71,0.7648,13.72,0.292,2.15,0.009,0.0739,0.811,-0.0077,0.0253,-0.708,53,random,,,,,,
267,2187264,8723,39,2936.1,2308.6,3.5,8.0,2.39,0.7917,0.8571,0.7647,0.0,0.7917,,220.9,5.15,9.83,0.7697,14.04,0.2914,2.16,0.009,0.0763,0.7737,-0.0084,0.0371,-0.6909,53,random,,,,,,
268,2195456,8758,35,2948.0,2241.1,3.7,7.9,2.48,0.8947,0.9231,0.8333,0.0,0.8947,,211.6,4.49,9.58,0.7371,13.92,0.2799,2.09,0.0072,0.0687,0.7689,-0.0068,0.0328,-0.6552,53,random,,,,,,
269,2203648,8799,41,2959.6,2361.5,3.5,7.9,2.3,0.7083,0.7333,0.6667,0.0,0.7083,,234.6,5.02,8.83,0.7231,13.96,0.2743,2.06,0.0119,0.0778,0.7562,-0.0058,0.0398,-0.6781,53,random,,,,,,
270,2211840,8826,27,2970.8,2561.6,3.2,8.0,2.04,0.8125,0.6667,0.9,0.0,0.8125,,265.4,5.89,13.06,0.7994,14.45,0.2993,2.22,0.0116,0.092,0.8316,-0.0072,0.0329,-0.7082,53,random,,,,,,
271,2220032,8864,38,2982.3,2556.3,3.2,8.0,2.04,0.9,0.9167,0.875,0.0,0.9,,213.8,4.45,10.1,0.7581,14.42,0.284,2.13,0.0103,0.085,0.8135,-0.0064,0.0313,-0.7227,54,random,,,,,,
272,2228224,8901,37,2994.0,2330.8,3.5,8.1,2.33,0.7222,0.5455,1.0,0.0,0.7222,,215.8,4.46,6.22,0.782,14.17,0.295,2.19,0.0094,0.0804,0.7049,-0.0077,0.037,-0.7028,54,random,,,,,,
273,2236416,8928,27,3005.7,2370.4,3.5,8.0,2.32,0.6471,0.625,0.6667,0.0,0.6471,,222.8,5.15,3.76,0.7793,14.12,0.2943,2.18,0.0097,0.0907,0.8139,-0.0067,0.0271,-0.7123,54,random,,,,,,
274,2244608,8963,35,3017.3,2442.3,3.4,8.1,2.15,0.7895,0.875,0.7273,0.0,0.7895,,291.6,5.71,11.32,0.7888,14.85,0.2924,2.2,0.0104,0.0819,0.8386,-0.008,0.0302,-0.6931,54,random,,,,,,
275,2252800,9003,40,3028.9,2439.8,3.4,9.7,2.14,0.8571,0.9,0.8182,0.0,0.8571,,216.6,4.42,10.67,0.7295,14.06,0.276,2.07,0.0107,0.0862,0.7609,-0.0065,0.0399,-0.6829,54,random,1018,200,0.7325,0.69,0.775,1.7
276,2260992,9042,39,3043.7,2586.4,3.2,8.0,2.02,0.8235,0.7143,0.9,0.0,0.8235,,228.4,4.56,11.35,0.7445,13.3,0.2877,2.11,0.0107,0.0925,0.7144,-0.0074,0.0424,-0.668,55,random,,,,,,
277,2269184,9068,26,3055.2,2436.0,3.4,8.0,2.19,0.9412,1.0,0.9091,0.0,0.9412,,223.0,4.88,8.0,0.721,13.1,0.2803,2.06,0.0109,0.0824,0.8666,-0.0069,0.0221,-0.6698,55,random,,,,,,
278,2277376,9101,33,3066.7,2463.2,3.3,7.8,2.1,0.6316,0.6364,0.625,0.0,0.6316,,225.7,4.67,13.53,0.7601,14.76,0.2823,2.14,0.0085,0.079,0.7664,-0.0065,0.0318,-0.6788,55,random,,,,,,
279,2285568,9130,29,3077.7,2771.3,3.0,7.9,1.78,0.8462,0.75,1.0,0.0,0.8462,,244.6,4.83,6.77,0.7628,14.39,0.2861,2.14,0.0087,0.0776,0.7447,-0.0069,0.0325,-0.6863,55,random,,,,,,
280,2293760,9168,38,3088.8,2731.0,3.0,8.1,1.82,0.6111,0.5556,0.6667,0.0,0.6111,,250.3,5.0,9.17,0.7209,14.52,0.2694,2.06,0.0116,0.084,0.761,-0.0085,0.0399,-0.6633,55,random,,,,,,
281,2301952,9198,30,3100.0,2727.5,3.0,8.0,1.85,0.5385,0.8571,0.1667,0.0,0.5385,,304.6,5.23,10.54,0.7424,14.22,0.2797,2.1,0.0148,0.0981,0.7011,-0.0072,0.038,-0.6664,56,random,,,,,,
282,2310144,9229,31,3111.2,2659.3,3.1,8.1,1.88,0.6875,0.6667,0.7,0.0,0.6875,,274.6,5.26,7.88,0.7557,13.74,0.2884,2.13,0.011,0.1003,0.7239,-0.0054,0.0301,-0.7091,56,random,,,,,,
283,2318336,9256,27,3122.6,2630.8,3.1,7.8,1.95,0.5714,0.625,0.5,0.0,0.5714,,216.3,4.3,2.29,0.7927,14.98,0.2929,2.21,0.0084,0.0796,0.7151,-0.0077,0.0311,-0.7184,56,random,,,,,,
284,2326528,9296,40,3134.0,2393.0,3.4,7.8,2.23,0.5882,0.2857,0.8,0.0,0.5882,,292.8,5.42,1.65,0.7958,14.07,0.301,2.22,0.0117,0.0848,0.7934,-0.0092,0.0304,-0.7296,56,random,,,,,,
285,2334720,9329,33,3145.3,2409.5,3.4,8.0,2.24,0.65,0.875,0.5,0.0,0.65,,219.3,4.52,9.75,0.7711,13.74,0.2943,2.16,0.0091,0.0941,0.7572,-0.0073,0.035,-0.7214,56,random,,,,,,
286,2342912,9367,38,3157.0,2333.0,3.5,8.0,2.31,0.6522,0.8,0.5385,0.0,0.6522,,211.8,4.55,4.78,0.7739,15.2,0.2844,2.17,0.0075,0.0696,0.6897,-0.0068,0.0426,-0.6796,57,random,,,,,,
287,2351104,9411,44,3168.9,2219.6,3.7,7.9,2.53,0.72,0.875,0.6471,0.0,0.72,,252.4,4.95,8.56,0.7608,14.39,0.2853,2.14,0.0106,0.0916,0.6962,-0.0086,0.0423,-0.6766,57,random,,,,,,
288,2359296,9442,31,3180.6,2214.4,3.7,7.9,2.52,0.6,0.4444,0.7273,0.0,0.6,,231.8,5.16,4.4,0.7675,13.89,0.2917,2.15,0.0139,0.0932,0.7612,-0.0069,0.0321,-0.6955,57,random,,,,,,
289,2367488,9479,37,3192.2,2342.7,3.5,7.9,2.33,0.7826,0.8462,0.7,0.0,0.7826,,204.8,4.57,9.26,0.7648,13.82,0.2912,2.15,0.0093,0.0887,0.8194,-0.0069,0.0313,-0.7316,57,random,,,,,,
290,2375680,9518,39,3203.7,2401.8,3.4,9.1,2.22,0.7895,0.5556,1.0,0.0,0.7895,,219.4,4.82,9.47,0.7947,13.71,0.3035,2.21,0.0095,0.0828,0.6599,-0.0074,0.0437,-0.7269,57,random,1019,200,0.7075,0.63,0.785,0.3
291,2383872,9559,41,3216.8,2329.5,3.5,8.0,2.31,0.5769,0.625,0.5556,0.0,0.5769,,209.0,4.63,6.65,0.7863,14.2,0.2964,2.2,0.008,0.0744,0.7725,-0.0073,0.0353,-0.7112,58,random,,,,,,
292,2392064,9589,30,3228.5,2301.1,3.6,8.0,2.37,0.7333,0.75,0.7143,0.0,0.7333,,265.8,5.3,12.6,0.7302,14.1,0.2759,2.08,0.0121,0.0999,0.7983,-0.0062,0.0317,-0.6921,58,random,,,,,,
293,2400256,9625,36,3240.0,2387.7,3.4,8.0,2.28,0.5455,0.6154,0.4444,0.0,0.5455,,233.7,5.17,5.73,0.7368,13.82,0.2806,2.09,0.0137,0.0888,0.6746,-0.0104,0.0441,-0.6764,58,random,,,,,,
294,2408448,9654,29,3251.3,2612.1,3.1,7.9,1.99,0.8,0.75,0.8571,0.0,0.8,,178.8,4.14,12.87,0.7654,14.17,0.2887,2.15,0.0096,0.0724,0.7374,-0.0074,0.0331,-0.7002,58,random,,,,,,
295,2416640,9686,32,3262.3,2728.3,3.0,8.0,1.82,0.8,0.7143,0.875,0.0,0.8,,269.9,5.28,13.47,0.7572,14.05,0.2865,2.13,0.0116,0.088,0.7074,-0.0071,0.032,-0.6844,58,random,,,,,,
296,2424832,9724,38,3273.7,2533.1,3.2,7.9,2.04,0.8421,0.7,1.0,0.0,0.8421,,234.5,4.97,8.21,0.7153,13.76,0.2728,2.04,0.0112,0.0835,0.6952,-0.0092,0.0332,-0.6474,59,random,,,,,,
297,2433024,9755,31,3284.9,2629.0,3.1,8.0,1.94,1.0,1.0,1.0,0.0,1.0,,260.3,5.03,11.47,0.7288,13.99,0.2762,2.07,0.0098,0.0847,0.7213,-0.0066,0.0299,-0.6534,59,random,,,,,,
298,2441216,9781,26,3296.4,2449.6,3.3,8.0,2.19,0.5333,0.5556,0.5,0.0,0.5333,,237.3,5.12,5.47,0.7683,15.01,0.2837,2.16,0.0108,0.0882,0.7162,-0.0079,0.0349,-0.6842,59,random,,,,,,
299,2449408,9808,27,3307.8,2526.2,3.2,8.0,2.06,0.8182,1.0,0.75,0.0,0.8182,,318.9,5.85,12.18,0.749,14.49,0.2802,2.11,0.0126,0.0929,0.7695,-0.0048,0.0285,-0.6695,59,random,,,,,,
300,2457600,9838,30,3319.3,2497.1,3.3,7.9,2.09,0.7333,1.0,0.5556,0.0,0.7333,,334.8,6.63,7.53,0.757,13.96,0.2872,2.13,0.0117,0.0915,0.8457,-0.0073,0.0259,-0.6649,59,random,,,,,,
301,2465792,9870,32,3330.6,2516.2,3.3,7.9,2.05,0.7647,0.8182,0.6667,0.0,0.7647,,271.4,5.38,8.88,0.7585,14.16,0.2862,2.14,0.0085,0.0731,0.7601,-0.0074,0.0327,-0.6856,60,random,,,,,,
302,2473984,9902,32,3341.9,2583.9,3.2,8.0,2.0,0.8235,0.875,0.7778,0.0,0.8235,,224.0,4.88,9.88,0.7576,14.55,0.2829,2.13,0.0091,0.0768,0.7433,-0.0072,0.0332,-0.6691,60,random,,,,,,
303,2482176,9926,24,3353.2,2647.6,3.1,8.1,1.96,0.5385,0.4444,0.75,0.0,0.5385,,194.8,3.96,9.46,0.7635,14.37,0.2864,2.15,0.0093,0.0757,0.7347,-0.0073,0.03,-0.6948,60,random,,,,,,
304,2490368,9952,26,3364.3,2810.7,2.9,8.0,1.75,0.6667,1.0,0.5833,0.0,0.6667,,288.8,5.69,6.2,0.7428,14.65,0.2767,2.1,0.0077,0.08,0.8293,-0.0078,0.0224,-0.6608,60,random,,,,,,
305,2498560,9985,33,3375.3,2934.3,2.8,8.1,1.67,0.9231,1.0,0.75,0.0,0.9231,,376.8,6.48,12.46,0.722,14.67,0.2688,2.06,0.0106,0.0816,0.8085,-0.0065,0.0283,-0.6643,60,random,,,,,,
306,2506752,10019,34,3386.7,2678.3,3.1,9.4,1.86,0.6667,0.8,0.6,0.0,0.6667,,235.5,4.32,9.13,0.7312,14.14,0.276,2.08,0.0104,0.0839,0.7012,-0.0081,0.0373,-0.6435,61,random,1020,200,0.69,0.65,0.73,3.0
307,2514944,10045,26,3402.2,2673.8,3.1,8.0,1.94,0.9286,1.0,0.8571,0.0,0.9286,,290.2,5.46,8.21,0.699,14.21,0.2633,2.01,0.0102,0.0734,0.8169,-0.0057,0.0238,-0.6395,61,random,,,,,,
308,2523136,10071,26,3413.5,2614.7,3.1,8.0,1.95,0.7692,1.0,0.5714,0.0,0.7692,,228.8,4.42,10.85,0.7147,14.09,0.2701,2.04,0.0081,0.0729,0.8224,-0.0064,0.0206,-0.6619,61,random,,,,,,
309,2531328,10099,28,3424.8,2627.6,3.1,8.0,1.97,0.7692,0.7778,0.75,0.0,0.7692,,326.8,6.25,10.31,0.7321,15.15,0.2694,2.08,0.0104,0.088,0.7842,-0.0064,0.0287,-0.6555,61,random,,,,,,
310,2539520,10122,23,3436.1,2601.4,3.1,8.0,2.0,0.7778,0.75,0.8,0.0,0.7778,,346.3,6.04,0.78,0.7535,15.7,0.2736,2.12,0.0115,0.0842,0.8132,-0.0083,0.0245,-0.6469,61,random,,,,,,
311,2547712,10151,29,3447.4,2651.7,3.1,8.1,1.91,0.5556,0.7143,0.4545,0.0,0.5556,,262.2,5.38,1.0,0.7185,15.51,0.2621,2.05,0.0084,0.072,0.7811,-0.0073,0.0307,-0.6504,62,random,,,,,,
312,2555904,10184,33,3458.6,2675.6,3.1,7.9,1.86,0.75,0.625,0.875,0.0,0.75,,361.2,6.36,7.75,0.6821,14.37,0.2559,1.98,0.0096,0.0802,0.769,-0.006,0.0288,-0.6209,62,random,,,,,,
313,2564096,10209,25,3469.7,2805.4,2.9,8.1,1.78,0.8333,0.7778,1.0,0.0,0.8333,,261.4,5.04,11.75,0.7058,14.77,0.2622,2.03,0.0065,0.0619,0.7502,-0.0067,0.0272,-0.6403,62,random,,,,,,
314,2572288,10239,30,3480.9,2758.0,3.0,8.1,1.82,0.8,0.7143,0.875,0.0,0.8,,284.9,5.43,10.67,0.7165,14.63,0.2671,2.05,0.0109,0.0764,0.805,-0.0082,0.0248,-0.6674,62,random,,,,,,
315,2580480,10254,15,3491.9,2962.3,2.8,8.1,1.65,0.6,0.75,0.5,0.0,0.6,,253.1,5.47,6.7,0.6828,14.64,0.2544,1.98,0.0085,0.0786,0.8805,-0.0075,0.0164,-0.6316,62,random,,,,,,
316,2588672,10294,40,3503.1,2826.8,2.9,8.1,1.76,0.8,0.625,1.0,0.0,0.8,,320.6,5.38,7.6,0.7235,15.41,0.2645,2.06,0.0095,0.0955,0.7749,-0.0058,0.0389,-0.6331,63,random,,,,,,
317,2596864,10325,31,3514.5,2543.7,3.2,8.0,2.03,0.6667,0.7,0.625,0.0,0.6667,,283.8,5.42,9.39,0.6757,14.2,0.2547,1.97,0.0117,0.0894,0.6528,-0.0077,0.0367,-0.6247,63,random,,,,,,
318,2605056,10346,21,3525.9,2570.5,3.2,8.2,2.01,0.8,0.8571,0.6667,0.0,0.8,,310.0,5.71,8.8,0.719,15.36,0.2632,2.05,0.0109,0.0862,0.7565,-0.0093,0.0258,-0.6351,63,random,,,,,,
319,2613248,10379,33,3537.2,2702.7,3.0,8.0,1.85,0.7333,0.625,0.8571,0.0,0.7333,,269.8,5.27,9.47,0.7249,15.75,0.2629,2.06,0.0109,0.0826,0.7441,-0.0083,0.0311,-0.6361,63,random,,,,,,
320,2621440,10403,24,3548.4,2767.8,3.0,8.1,1.8,0.8182,1.0,0.7143,0.0,0.8182,,335.7,6.17,18.73,0.6929,15.43,0.2532,2.0,0.0104,0.0764,0.7612,-0.0078,0.0257,-0.628,63,random,,,,,,
321,2629632,10430,27,3559.5,2848.3,2.9,7.9,1.65,0.6364,0.4286,1.0,0.0,0.6364,,293.7,5.33,9.64,0.6757,13.77,0.2576,1.97,0.0087,0.0746,0.7258,-0.0086,0.0311,-0.6138,64,random,,,,,,
322,2637824,10465,35,3570.7,2616.9,3.1,8.1,1.96,0.7,0.75,0.6667,0.0,0.7,,278.8,4.77,4.1,0.6704,14.21,0.2526,1.96,0.0128,0.0813,0.7168,-0.006,0.0309,-0.5841,64,random,,,,,,
323,2646016,10497,32,3582.1,2565.6,3.2,8.1,2.03,0.85,0.7,1.0,0.0,0.85,,217.5,4.59,3.25,0.6554,13.92,0.2489,1.93,0.0114,0.0844,0.6648,-0.0066,0.032,-0.6049,64,random,,,,,,
324,2654208,10529,32,3593.4,2646.5,3.1,9.5,1.92,0.7059,0.7778,0.625,0.0,0.7059,,265.2,5.03,4.88,0.6371,14.85,0.2361,1.89,0.0094,0.0807,0.7376,-0.0072,0.0302,-0.5795,64,random,1021,200,0.7825,0.8,0.765,2.2
325,2662400,10554,25,3608.4,2651.9,3.1,8.3,1.98,0.7143,0.7273,0.6667,0.0,0.7143,,259.4,5.0,3.36,0.6538,14.97,0.2416,1.92,0.0101,0.089,0.6821,-0.0068,0.0314,-0.5999,64,random,,,,,,
326,2670592,10588,34,3619.8,2807.3,2.9,8.1,1.74,0.8,1.0,0.7,0.0,0.8,,303.1,5.5,8.47,0.6918,14.87,0.2563,2.0,0.0108,0.0773,0.7054,-0.0077,0.0315,-0.6107,65,random,,,,,,
327,2678784,10620,32,3631.2,2593.7,3.2,8.0,1.95,0.9091,0.8333,1.0,0.0,0.9091,,318.6,5.41,7.09,0.7123,15.48,0.26,2.04,0.0108,0.0799,0.662,-0.0076,0.0304,-0.6206,65,random,,,,,,
328,2686976,10652,32,3642.2,2813.2,2.9,8.1,1.72,0.7647,0.6667,1.0,0.0,0.7647,,200.6,4.34,7.47,0.6969,14.78,0.2588,2.01,0.0096,0.0735,0.6497,-0.0072,0.0366,-0.6361,65,random,,,,,,
329,2695168,10688,36,3653.6,2688.4,3.0,7.9,1.85,0.8182,0.75,0.8571,0.0,0.8182,,247.2,4.31,6.45,0.6776,14.26,0.255,1.97,0.0102,0.075,0.6033,-0.0081,0.0375,-0.6156,65,random,,,,,,
330,2703360,10725,37,3664.9,2541.1,3.2,7.8,2.08,0.8,0.8182,0.7778,0.0,0.8,,204.7,4.05,9.0,0.6901,14.48,0.2582,1.99,0.0124,0.0845,0.7054,-0.0076,0.0346,-0.6445,65,random,,,,,,
331,2711552,10758,33,3676.1,2496.7,3.3,8.0,2.12,0.8421,0.875,0.8182,0.0,0.8421,,278.7,5.27,11.89,0.653,14.43,0.2446,1.92,0.0097,0.0758,0.772,-0.0077,0.0297,-0.6143,66,random,,,,,,
332,2719744,10798,40,3687.4,2635.5,3.1,8.1,1.93,0.7778,0.9,0.625,0.0,0.7778,,232.2,4.53,14.22,0.6792,14.99,0.2509,1.97,0.0108,0.0795,0.7459,-0.0069,0.0338,-0.6126,66,random,,,,,,
333,2727936,10826,28,3698.9,2472.8,3.3,8.0,2.21,0.7059,0.7778,0.625,0.0,0.7059,,189.4,4.21,9.76,0.6983,15.41,0.2553,2.01,0.0109,0.0819,0.7486,-0.0068,0.0295,-0.6022,66,random,,,,,,
334,2736128,10856,30,3710.5,2458.0,3.3,8.2,2.2,0.7222,1.0,0.5833,0.0,0.7222,,228.6,4.7,9.0,0.6943,15.03,0.2562,2.0,0.009,0.072,0.7272,-0.0069,0.0345,-0.6248,66,random,,,,,,
335,2744320,10890,34,3722.1,2516.6,3.3,8.0,2.11,0.6471,0.5714,0.7,0.0,0.6471,,310.3,5.74,8.35,0.6749,16.01,0.2434,1.96,0.0117,0.1039,0.6947,-0.0053,0.0368,-0.6071,66,random,,,,,,
336,2752512,10923,33,3733.8,2292.9,3.6,8.0,2.36,0.9286,1.0,0.8889,0.0,0.9286,,271.5,5.09,12.5,0.6691,14.91,0.2476,1.95,0.01,0.0936,0.7758,-0.0079,0.0276,-0.6152,67,random,,,,,,
337,2760704,10961,38,3745.6,2297.9,3.6,8.2,2.4,0.931,0.9091,0.9444,0.0,0.931,,218.4,5.39,9.9,0.6777,14.92,0.2507,1.97,0.0119,0.0807,0.773,-0.0072,0.0304,-0.6213,67,random,,,,,,
338,2768896,10993,32,3757.1,2610.9,3.1,8.3,1.95,0.8235,0.8,0.8571,0.0,0.8235,,244.2,4.81,10.12,0.6913,15.21,0.254,2.0,0.0109,0.089,0.7381,-0.0063,0.0336,-0.6242,67,random,,,,,,
339,2777088,11024,31,3768.5,2702.7,3.0,9.6,1.84,0.7333,0.875,0.5714,0.0,0.7333,,215.9,4.19,6.73,0.6734,13.83,0.2564,1.96,0.0095,0.0861,0.6483,-0.0076,0.0351,-0.6088,67,random,1022,200,0.8275,0.85,0.805,2.7
340,2785344,11043,19,4.1,2075.7,3.9,7.6,2.93,1.0,1.0,1.0,0.0,1.0,,82.4,2.53,9.88,0.6383,12.58,0.2521,1.89,0.0088,0.0698,0.8156,-0.0053,0.0201,-0.5664,67,random,,,,,,
341,2793536,11071,28,15.5,2233.7,3.7,7.8,2.55,0.6842,0.625,0.7273,0.0,0.6842,,159.6,4.14,6.84,0.6782,14.33,0.2547,1.97,0.0111,0.0862,0.7488,-0.0058,0.03,-0.6064,68,random,,,,,,
342,2801728,11106,35,27.2,2230.0,3.7,7.8,2.54,0.5263,0.4444,0.6,0.0,0.5263,,228.8,5.09,5.53,0.678,14.78,0.2517,1.97,0.0101,0.0787,0.7042,-0.0077,0.0373,-0.6054,68,random,,,,,,
343,2809920,11135,29,38.4,2550.9,3.2,8.0,2.09,0.6,0.5714,0.625,0.0,0.6,,221.0,4.66,10.47,0.6646,14.96,0.2456,1.94,0.0088,0.0822,0.771,-0.0067,0.0327,-0.6188,68,random,,,,,,
344,2818112,11171,36,49.6,2596.4,3.2,8.1,2.02,0.7647,0.8,0.7143,0.0,0.7647,,228.6,4.86,7.24,0.6574,15.02,0.2427,1.93,0.0124,0.0945,0.7343,-0.0057,0.0383,-0.5868,68,random,,,,,,
345,2826304,11191,20,61.1,2496.4,3.3,8.0,2.09,0.9091,0.75,1.0,0.0,0.9091,,258.6,5.45,15.82,0.7146,15.86,0.2585,2.04,0.0081,0.074,0.8451,-0.0077,0.0202,-0.6241,68,random,,,,,,
346,2834496,11226,35,72.3,2727.0,3.0,7.9,1.82,0.75,0.7,0.8333,0.0,0.75,,290.6,5.37,7.0,0.6757,15.67,0.2455,1.97,0.0098,0.0771,0.8134,-0.0069,0.0281,-0.6089,69,random,,,,,,
347,2842688,11256,30,83.7,2495.0,3.3,7.9,2.12,0.8182,1.0,0.7143,0.0,0.8182,,301.0,5.1,7.27,0.6756,15.02,0.2494,1.97,0.0157,0.0962,0.7634,-0.0059,0.0286,-0.5835,69,random,,,,,,
348,2850880,11285,29,95.1,2457.9,3.3,8.0,2.15,0.8667,1.0,0.6667,0.0,0.8667,,272.2,5.24,8.13,0.6597,14.87,0.2444,1.93,0.0086,0.0867,0.7438,-0.0059,0.0315,-0.5826,69,random,,,,,,
349,2859072,11317,32,106.5,2543.1,3.2,8.0,2.02,0.9333,1.0,0.9091,0.0,0.9333,,261.0,5.0,10.33,0.649,14.99,0.2397,1.91,0.0107,0.0764,0.8249,-0.0073,0.0268,-0.5838,69,random,,,,,,
350,2867264,11349,32,117.7,2648.0,3.1,8.0,1.88,0.9286,0.8571,1.0,0.0,0.9286,,283.6,5.22,14.21,0.6394,14.97,0.2363,1.9,0.0095,0.0708,0.7573,-0.0064,0.03,-0.5968,69,random,,,,,,
351,2875456,11378,29,129.2,2414.2,3.4,8.0,2.17,0.6875,0.8333,0.6,0.0,0.6875,,196.4,4.03,3.69,0.6629,15.12,0.2441,1.94,0.0094,0.0757,0.7419,-0.0067,0.0293,-0.6081,70,random,,,,,,
352,2883648,11409,31,141.0,2286.1,3.6,7.9,2.39,0.8125,0.875,0.75,0.0,0.8125,,265.8,5.16,11.94,0.6428,15.05,0.2371,1.9,0.0101,0.0789,0.7861,-0.0093,0.0276,-0.5834,70,random,,,,,,
353,2891840,11439,30,152.8,2202.6,3.7,7.9,2.55,0.8824,1.0,0.8182,0.0,0.8824,,322.1,6.03,10.88,0.6535,15.11,0.2406,1.92,0.0092,0.0714,0.7896,-0.009,0.029,-0.599,70,random,,,,,,
354,2900032,11478,39,164.4,2335.8,3.5,8.0,2.32,0.6154,0.4545,0.7333,0.0,0.6154,,236.2,4.82,2.0,0.6239,14.85,0.2313,1.87,0.0135,0.0965,0.7207,-0.0058,0.0411,-0.5786,70,random,,,,,,
355,2908224,11499,21,175.7,2550.6,3.2,8.0,2.04,0.8182,0.8571,0.75,0.0,0.8182,,241.0,5.14,12.18,0.6833,15.48,0.2494,1.98,0.0158,0.082,0.787,-0.0056,0.0245,-0.6092,70,random,,,,,,
356,2916416,11546,47,187.3,2415.8,3.4,9.0,2.2,0.7391,0.7,0.7692,0.0,0.7391,,264.0,4.96,6.83,0.6601,14.82,0.2448,1.94,0.0098,0.0866,0.6619,-0.0074,0.0439,-0.6097,71,random,1023,200,0.85,0.85,0.85,2.4
357,2924608,11584,38,202.3,2366.1,3.5,7.9,2.29,0.8667,0.8333,0.8889,0.0,0.8667,,259.7,4.71,10.0,0.6639,14.13,0.2507,1.94,0.0118,0.0829,0.6966,-0.0096,0.0369,-0.5937,71,random,,,,,,
358,2932800,11622,38,213.9,2298.8,3.6,8.0,2.36,0.7917,0.7,0.8571,0.0,0.7917,,169.2,3.66,7.17,0.6365,14.74,0.2366,1.89,0.0116,0.0753,0.7321,-0.0064,0.0346,-0.5746,71,random,,,,,,
359,2940992,11652,30,225.4,2460.2,3.3,8.0,2.12,0.75,0.6667,0.8571,0.0,0.75,,270.6,5.27,10.0,0.6904,15.09,0.2544,1.99,0.0106,0.0798,0.8139,-0.0076,0.026,-0.6143,71,random,,,,,,
360,2949184,11693,41,236.9,2476.7,3.3,7.9,2.13,0.6087,0.7143,0.4444,0.0,0.6087,,193.4,4.27,6.22,0.6054,14.38,0.2271,1.83,0.0119,0.0821,0.7077,-0.0071,0.0411,-0.5874,71,random,,,,,,
361,2957376,11720,27,248.1,2590.9,3.2,7.8,1.98,0.8667,0.875,0.8571,0.0,0.8667,,225.3,4.44,7.87,0.6796,15.14,0.2501,1.97,0.0109,0.085,0.7359,-0.0066,0.0357,-0.6063,72,random,,,,,,
362,2965568,11748,28,259.3,2600.8,3.1,8.0,1.95,0.8333,0.7778,1.0,0.0,0.8333,,263.3,4.75,9.67,0.6837,15.25,0.2509,1.98,0.01,0.0866,0.7802,-0.0068,0.0281,-0.6029,72,random,,,,,,
363,2973760,11784,36,270.8,2437.0,3.4,8.0,2.18,0.75,0.875,0.625,0.0,0.75,,269.9,4.97,5.75,0.6481,14.95,0.2396,1.91,0.0154,0.0935,0.7055,-0.0064,0.0349,-0.5826,72,random,,,,,,
364,2981952,11814,30,282.5,2344.1,3.5,7.8,2.29,0.8889,1.0,0.7778,0.0,0.8889,,257.1,5.2,7.94,0.6761,15.85,0.2447,1.97,0.0128,0.0808,0.7677,-0.0051,0.0298,-0.5946,72,random,,,,,,
365,2990144,11850,36,294.0,2283.1,3.6,8.0,2.37,0.5294,0.375,0.6667,0.0,0.5294,,257.5,5.0,6.0,0.606,15.27,0.2223,1.83,0.0108,0.0799,0.7154,-0.0063,0.0428,-0.585,72,random,,,,,,
366,2998336,11887,37,305.7,2327.3,3.5,8.0,2.35,0.7083,0.6154,0.8182,0.0,0.7083,,239.5,4.81,7.62,0.6601,15.18,0.2427,1.94,0.0122,0.0821,0.8147,-0.0073,0.0285,-0.5756,73,random,,,,,,
367,3006528,11926,39,317.6,2156.1,3.8,8.0,2.56,0.6923,0.6842,0.7143,0.0,0.6923,,208.6,4.64,9.54,0.6435,15.17,0.2366,1.9,0.0112,0.0843,0.797,-0.0078,0.0336,-0.5541,73,random,,,,,,
368,3014720,11954,28,329.1,2458.1,3.3,8.0,2.15,0.9231,1.0,0.8889,0.0,0.9231,,232.9,4.71,9.38,0.6191,15.49,0.226,1.86,0.0132,0.0901,0.8176,-0.0071,0.0283,-0.5457,73,random,,,,,,
369,3022912,11990,36,341.0,2193.3,3.7,7.9,2.53,0.7778,0.8182,0.7143,0.0,0.7778,,263.5,5.14,6.11,0.5924,15.33,0.217,1.81,0.0111,0.0785,0.786,-0.0075,0.0372,-0.5241,73,random,,,,,,
370,3031104,12023,33,352.5,2375.3,3.4,8.8,2.29,0.7727,0.6923,0.8889,0.0,0.7727,,224.1,4.58,5.18,0.5979,15.0,0.2208,1.82,0.0135,0.0826,0.7427,-0.0063,0.0387,-0.5332,73,random,1024,200,0.87,0.85,0.89,1.4
371,3039296,12058,35,366.3,2390.2,3.4,8.0,2.28,0.6471,0.875,0.4444,0.0,0.6471,,260.2,5.2,9.35,0.5851,14.95,0.2163,1.8,0.0104,0.0865,0.7381,0.0,0.0396,-0.518,74,random,,,,,,
372,3047488,12097,39,378.2,2230.6,3.7,7.9,2.49,0.5882,0.4444,0.75,0.0,0.5882,,260.2,5.03,4.18,0.5745,14.69,0.2138,1.78,0.0155,0.0919,0.6304,-0.007,0.0425,-0.5096,74,random,,,,,,
373,3055680,12123,26,389.9,2228.4,3.7,8.1,2.54,0.8333,0.7,1.0,0.0,0.8333,,225.5,5.19,10.06,0.5787,15.94,0.209,1.78,0.0091,0.0853,0.7884,-0.0036,0.0307,-0.5339,74,random,,,,,,
374,3063872,12160,37,401.8,2248.1,3.6,8.1,2.45,0.8696,0.8889,0.8571,0.0,0.8696,,239.4,5.22,6.09,0.5993,14.81,0.2223,1.82,0.0119,0.0734,0.7809,-0.0051,0.0315,-0.5355,74,random,,,,,,
375,3072064,12191,31,413.3,2450.5,3.3,8.0,2.21,0.6364,0.6,0.6667,0.0,0.6364,,206.4,4.77,3.73,0.591,15.85,0.2139,1.81,0.0135,0.0677,0.7622,-0.0055,0.0341,-0.5324,74,random,,,,,,
376,3080256,12220,29,424.7,2541.7,3.2,7.9,1.99,0.7222,0.5714,0.8182,0.0,0.7222,,222.2,4.45,9.11,0.5821,15.58,0.212,1.79,0.011,0.0801,0.7825,-0.0058,0.0306,-0.5362,75,random,,,,,,
377,3088448,12251,31,435.9,2625.4,3.1,7.9,2.0,0.8462,1.0,0.75,0.0,0.8462,,315.7,5.42,7.92,0.5981,15.69,0.2173,1.82,0.0142,0.0932,0.7031,-0.0062,0.0322,-0.5445,75,random,,,,,,
378,3096640,12279,28,446.9,2807.0,2.9,8.0,1.79,0.6429,0.625,0.6667,0.0,0.6429,,202.0,4.25,-2.93,0.5812,15.47,0.2122,1.79,0.0117,0.0808,0.7875,-0.0065,0.0293,-0.5415,75,random,,,,,,
379,3104832,12315,36,458.2,2592.4,3.2,8.1,1.95,0.9412,1.0,0.9091,0.0,0.9412,,289.9,5.03,7.35,0.5984,15.49,0.2184,1.82,0.0112,0.0737,0.7608,-0.0073,0.0301,-0.5374,75,random,,,,,,
380,3113024,12345,30,469.4,2735.7,3.0,8.2,1.85,0.75,0.5,0.9,0.0,0.75,,250.6,4.83,8.38,0.5634,15.55,0.2053,1.76,0.0086,0.0715,0.748,-0.0062,0.0311,-0.5315,75,random,,,,,,
381,3121216,12387,42,480.9,2663.7,3.1,8.1,1.9,0.8889,1.0,0.8,0.0,0.8889,,263.3,4.52,1.61,0.5744,15.5,0.2096,1.78,0.0102,0.0742,0.5604,-0.008,0.0494,-0.5127,76,random,,,,,,
382,3129408,12418,31,492.5,2435.1,3.4,8.0,2.23,0.8,0.8182,0.7778,0.0,0.8,,236.3,4.71,2.1,0.5845,15.03,0.2157,1.79,0.0087,0.0745,0.7419,-0.0073,0.0304,-0.5407,76,random,,,,,,
383,3137600,12457,39,504.0,2426.6,3.4,8.1,2.19,0.7647,0.8182,0.6667,0.0,0.7647,,217.0,4.13,5.53,0.5845,14.4,0.2192,1.79,0.0091,0.0954,0.7642,-0.0025,0.0353,-0.5162,76,random,,,,,,
384,3145792,12491,34,515.6,2385.1,3.4,8.0,2.22,0.7273,0.6923,0.7778,0.0,0.7273,,238.7,5.0,3.32,0.5738,15.33,0.2102,1.78,0.0122,0.0822,0.7243,-0.0052,0.0355,-0.5128,76,random,,,,,,
385,3153984,12526,35,527.0,2565.7,3.2,9.2,2.02,0.8667,1.0,0.8,0.0,0.8667,,254.9,4.6,5.73,0.5997,14.86,0.2222,1.82,0.011,0.0713,0.7469,-0.0057,0.0331,-0.5411,76,random,1025,200,0.875,0.91,0.84,1.9
386,3162176,12559,33,541.6,2473.9,3.3,8.0,2.15,0.7368,0.8333,0.5714,0.0,0.7368,,186.2,3.85,3.0,0.6116,15.3,0.2242,1.84,0.0092,0.0756,0.797,-0.0059,0.0284,-0.5331,77,random,,,,,,
387,3170368,12587,28,552.9,2642.2,3.1,8.0,1.93,1.0,1.0,1.0,0.0,1.0,,266.0,5.57,12.62,0.6086,15.48,0.2222,1.84,0.0114,0.0759,0.8136,-0.0069,0.0261,-0.5505,77,random,,,,,,
388,3178560,12619,32,564.0,2732.4,3.0,7.9,1.85,0.8824,0.6667,1.0,0.0,0.8824,,271.3,5.0,7.82,0.5987,14.68,0.2229,1.82,0.0094,0.0832,0.7962,-0.0048,0.0326,-0.5478,77,random,,,,,,
389,3186752,12650,31,575.1,2705.0,3.0,8.0,1.89,0.7333,0.75,0.7143,0.0,0.7333,,281.9,5.26,5.8,0.6404,14.91,0.237,1.9,0.0075,0.0651,0.7937,-0.0074,0.0351,-0.5449,77,random,,,,,,
390,3194944,12682,32,586.3,2603.4,3.1,8.2,1.98,0.6429,0.8571,0.4286,0.0,0.6429,,309.7,5.5,5.79,0.5788,14.65,0.2156,1.78,0.0076,0.0701,0.7497,-0.0076,0.0325,-0.5373,77,random,,,,,,
391,3203136,12714,32,597.9,2486.5,3.3,8.0,2.13,0.8125,0.875,0.75,0.0,0.8125,,211.2,4.19,4.19,0.6085,15.31,0.223,1.84,0.0112,0.0717,0.8476,-0.0068,0.0243,-0.5534,78,random,,,,,,
392,3211328,12743,29,609.2,2599.3,3.2,7.9,1.97,0.8333,0.7778,0.8889,0.0,0.8333,,238.8,5.07,8.89,0.6236,15.71,0.2264,1.87,0.0115,0.0788,0.8464,-0.0075,0.0236,-0.5582,78,random,,,,,,
393,3219520,12770,27,620.5,2537.9,3.2,8.0,2.07,0.8462,0.8571,0.8333,0.0,0.8462,,309.7,5.93,2.69,0.5951,14.7,0.2214,1.81,0.0128,0.0802,0.7852,-0.0061,0.0319,-0.5652,78,random,,,,,,
394,3227712,12797,27,631.7,2666.5,3.1,8.1,1.9,0.8,0.8333,0.7778,0.0,0.8,,242.7,4.78,9.0,0.6246,15.74,0.2266,1.87,0.0095,0.0829,0.8172,-0.0058,0.0265,-0.5584,78,random,,,,,,
395,3235904,12828,31,642.9,2821.5,2.9,8.0,1.76,0.6923,0.625,0.8,0.0,0.6923,,361.8,6.42,0.92,0.5778,14.7,0.215,1.78,0.01,0.0837,0.7924,-0.0082,0.027,-0.5358,78,random,,,,,,
396,3244096,12856,28,654.1,2782.8,2.9,8.1,1.84,0.8,0.6,1.0,0.0,0.8,,257.8,4.68,0.7,0.5602,15.19,0.2059,1.75,0.0089,0.0728,0.7376,-0.0069,0.0309,-0.5102,79,random,,,,,,
397,3252288,12893,37,665.6,2507.9,3.3,8.1,2.12,0.7143,0.7273,0.7,0.0,0.7143,,252.2,4.95,8.43,0.5784,14.9,0.2141,1.78,0.0081,0.0736,0.7695,-0.0061,0.0337,-0.5334,79,random,,,,,,
398,3260480,12916,23,677.1,2589.5,3.2,8.1,2.01,0.7857,0.8,0.7778,0.0,0.7857,,259.0,4.87,5.0,0.5865,14.57,0.2189,1.8,0.0089,0.0704,0.835,-0.0069,0.0249,-0.5309,79,random,,,,,,
399,3268672,12951,35,688.4,2652.8,3.1,8.1,1.93,0.9286,0.9,1.0,0.0,0.9286,,305.3,5.66,12.5,0.5764,14.92,0.2132,1.78,0.0099,0.0769,0.8211,-0.005,0.0279,-0.5125,79,random,,,,,,
400,3276864,12979,28,699.9,2526.1,3.2,8.1,2.08,0.875,0.7143,1.0,0.0,0.875,,270.6,5.57,4.44,0.602,15.82,0.218,1.83,0.011,0.0786,0.8338,-0.0079,0.0257,-0.5384,79,random,,,,,,
401,3285056,13013,34,711.3,2623.9,3.1,9.8,1.96,0.625,0.5556,0.7143,0.0,0.625,,231.1,4.35,0.56,0.5674,15.36,0.2077,1.76,0.0098,0.0743,0.7406,-0.0047,0.0409,-0.5192,80,random,1026,200,0.93,0.93,0.93,0.9
402,3293248,13045,32,725.1,2707.8,3.0,8.2,1.86,0.5833,0.6,0.5714,0.0,0.5833,,268.7,4.91,6.67,0.5617,15.48,0.205,1.75,0.0113,0.0675,0.7561,-0.0077,0.0334,-0.5022,80,random,,,,,,
403,3301440,13081,36,736.8,2519.6,3.3,8.1,2.06,0.8333,0.9,0.75,0.0,0.8333,,278.3,5.14,8.39,0.5604,15.48,0.2046,1.75,0.0089,0.0715,0.7742,-0.005,0.0316,-0.5008,80,random,,,,,,
404,3309632,13099,18,748.3,2566.1,3.2,8.1,2.08,0.8571,0.75,1.0,0.0,0.8571,,226.4,4.33,11.29,0.5865,16.61,0.2087,1.8,0.0123,0.0706,0.8681,-0.0077,0.0191,-0.5262,80,random,,,,,,
405,3317824,13133,34,760.0,2419.6,3.4,8.3,2.21,0.88,0.8333,0.9231,0.0,0.88,,257.1,5.71,10.36,0.6146,16.39,0.2197,1.85,0.0116,0.0819,0.8335,-0.0058,0.0266,-0.5523,80,random,,,,,,
406,3326016,13156,23,771.6,2637.0,3.1,8.2,1.96,0.9,1.0,0.75,0.0,0.9,,312.0,5.48,11.7,0.6008,15.95,0.2169,1.82,0.0151,0.0949,0.8369,-0.0069,0.0264,-0.5472,81,random,,,,,,
407,3334208,13184,28,783.1,2602.0,3.1,8.3,2.02,0.7778,0.6667,1.0,0.0,0.7778,,349.8,5.64,8.11,0.5996,16.44,0.2142,1.82,0.0098,0.0685,0.794,-0.0073,0.0291,-0.5443,81,random,,,,,,
408,3342400,13211,27,794.8,2562.1,3.2,8.3,2.05,0.6,0.7143,0.5,0.0,0.6,,299.2,5.59,1.6,0.6132,16.06,0.2209,1.85,0.0108,0.0749,0.8602,-0.0074,0.0212,-0.5487,81,random,,,,,,
409,3350592,13234,23,806.3,2790.3,2.9,8.2,1.78,0.9091,0.8333,1.0,0.0,0.9091,,344.9,6.39,8.64,0.6065,16.26,0.2175,1.83,0.0092,0.0765,0.8055,-0.0076,0.024,-0.5488,81,random,,,,,,
410,3358784,13259,25,817.5,2805.6,2.9,8.2,1.81,0.75,0.7,1.0,0.0,0.75,,297.2,5.36,8.5,0.5733,15.42,0.2096,1.77,0.01,0.0664,0.8056,-0.0075,0.0239,-0.5343,81,random,,,,,,
411,3366976,13285,26,829.2,2552.3,3.2,8.0,2.07,0.375,0.3333,0.5,0.0,0.375,,321.3,5.12,2.38,0.6204,16.67,0.2205,1.86,0.0117,0.0831,0.8066,-0.0087,0.0268,-0.5392,82,random,,,,,,
412,3375168,13320,35,840.8,2349.3,3.5,8.0,2.31,0.7368,0.6667,0.8,0.0,0.7368,,297.6,5.74,8.42,0.592,15.61,0.2154,1.81,0.009,0.0755,0.8077,-0.0072,0.0292,-0.5305,82,random,,,,,,
413,3383360,13353,33,852.9,2141.1,3.8,8.0,2.66,0.5,0.3333,0.6154,0.0,0.5,,214.8,4.48,6.0,0.5894,16.53,0.2101,1.8,0.0129,0.0913,0.7317,-0.004,0.0386,-0.5197,82,random,,,,,,
414,3391552,13385,32,864.5,2303.8,3.6,8.0,2.4,0.8636,0.8,0.9167,0.0,0.8636,,223.7,4.81,8.86,0.5661,15.75,0.2054,1.76,0.0081,0.064,0.8232,-0.0068,0.0235,-0.5415,82,random,,,,,,
415,3399744,13426,41,875.9,2566.8,3.2,8.1,2.0,0.75,0.7692,0.7273,0.0,0.75,,265.5,5.1,7.71,0.5772,15.06,0.2128,1.78,0.009,0.0681,0.6952,-0.0083,0.0369,-0.5277,82,random,,,,,,
416,3407936,13449,23,886.9,2993.1,2.7,8.2,1.58,0.8889,1.0,0.8571,0.0,0.8889,,256.6,4.52,12.11,0.6164,15.13,0.2269,1.85,0.0095,0.0703,0.8495,-0.0078,0.0193,-0.5679,83,random,,,,,,
417,3416128,13475,26,898.4,2709.6,3.0,8.2,1.87,0.9231,1.0,0.8,0.0,0.9231,,301.5,5.19,9.85,0.6475,15.7,0.2352,1.91,0.009,0.0793,0.7789,-0.0055,0.0253,-0.5829,83,random,,,,,,
418,3424320,13512,37,909.7,2779.5,2.9,10.1,1.77,0.7692,0.8889,0.5,0.0,0.7692,,259.5,4.57,6.38,0.6491,15.11,0.239,1.91,0.0088,0.0755,0.7225,-0.0073,0.04,-0.5688,83,random,1027,200,0.8925,0.945,0.84,1.1
419,3432512,13550,38,924.1,2730.2,3.0,8.1,1.84,0.8235,1.0,0.7273,0.0,0.8235,,291.0,5.08,7.76,0.6245,14.71,0.2323,1.87,0.0129,0.0829,0.6987,-0.0077,0.0415,-0.5722,83,random,,,,,,
420,3440704,13577,27,935.2,2817.7,2.9,8.2,1.76,0.7857,1.0,0.6667,0.0,0.7857,,194.3,3.81,8.29,0.6503,15.05,0.2398,1.92,0.0121,0.0786,0.7396,-0.0062,0.0297,-0.5872,83,random,,,,,,
421,3448896,13601,24,946.7,2627.6,3.1,8.1,1.95,0.9167,0.8,1.0,0.0,0.9167,,270.0,5.0,14.0,0.6555,15.94,0.2367,1.93,0.0093,0.0723,0.8729,-0.0082,0.0186,-0.5822,84,random,,,,,,
422,3457088,13631,30,958.1,2607.6,3.1,8.1,2.0,0.75,1.0,0.625,0.0,0.75,,304.8,5.23,9.17,0.6074,15.6,0.2211,1.84,0.0098,0.075,0.7851,-0.0078,0.033,-0.5433,84,random,,,,,,
423,3465280,13669,38,969.8,2415.5,3.4,8.2,2.19,0.75,0.6923,0.8571,0.0,0.75,,275.8,5.24,7.15,0.6228,15.84,0.2255,1.86,0.0091,0.064,0.7931,-0.0069,0.0307,-0.543,84,random,,,,,,
424,3473472,13700,31,981.5,2396.6,3.4,8.2,2.27,0.7222,0.75,0.7,0.0,0.7222,,241.1,4.81,7.44,0.6218,15.38,0.2275,1.86,0.0086,0.069,0.8081,-0.0078,0.0331,-0.5372,84,random,,,,,,
425,3481664,13724,24,993.2,2479.8,3.3,8.1,2.15,0.7857,0.7273,1.0,0.0,0.7857,,259.3,5.33,6.21,0.5996,15.9,0.2167,1.82,0.0107,0.0652,0.8489,-0.008,0.0211,-0.5477,84,random,,,,,,
426,3489856,13747,23,1004.7,2499.4,3.3,8.0,2.13,0.8182,0.6667,1.0,0.0,0.8182,,353.0,6.26,8.64,0.6123,15.93,0.2212,1.84,0.0082,0.0675,0.806,-0.0067,0.0281,-0.5415,85,random,,,,,,
427,3498048,13785,38,1016.1,2526.4,3.2,8.2,2.06,0.9091,0.9167,0.9,0.0,0.9091,,254.0,5.03,5.5,0.5796,15.51,0.2115,1.79,0.0113,0.0747,0.7364,-0.006,0.0365,-0.5324,85,random,,,,,,
428,3506240,13810,25,1027.4,2724.8,3.0,8.0,1.88,0.7273,0.8333,0.6,0.0,0.7273,,300.5,5.44,11.73,0.589,16.24,0.2113,1.8,0.0115,0.0846,0.8005,-0.0065,0.0273,-0.5068,85,random,,,,,,
429,3514432,13829,19,1038.6,2764.0,3.0,8.1,1.85,0.8571,0.6667,1.0,0.0,0.8571,,322.8,5.47,7.71,0.5804,15.79,0.2103,1.79,0.0091,0.0715,0.8433,-0.005,0.0247,-0.5198,85,random,,,,,,
430,3522624,13856,27,1049.8,2735.5,3.0,8.2,1.85,0.8667,1.0,0.8333,0.0,0.8667,,291.7,5.52,2.67,0.585,16.12,0.2104,1.8,0.0097,0.0782,0.8602,-0.0083,0.0197,-0.5302,85,random,,,,,,
431,3530816,13887,31,1061.1,2820.8,2.9,7.8,1.66,0.9091,0.8333,1.0,0.0,0.9091,,345.9,5.71,13.09,0.5828,15.97,0.2103,1.79,0.0115,0.0886,0.8238,-0.005,0.0291,-0.5158,86,random,,,,,,
432,3539008,13907,20,1071.9,2837.2,2.9,8.2,1.74,1.0,1.0,1.0,0.0,1.0,,306.2,5.5,10.6,0.6003,16.27,0.2152,1.82,0.0095,0.075,0.8567,-0.0063,0.0184,-0.548,86,random,,,,,,
433,3547200,13930,23,1083.3,2790.6,2.9,8.1,1.81,0.6667,1.0,0.4286,0.0,0.6667,,298.2,5.43,9.75,0.5927,16.44,0.2117,1.81,0.0107,0.0867,0.8562,-0.0065,0.022,-0.5294,86,random,,,,,,
434,3555392,13955,25,1094.4,2813.5,2.9,8.0,1.78,0.6,0.75,0.5,0.0,0.6,,365.7,6.2,3.0,0.5645,15.26,0.2071,1.76,0.01,0.0731,0.812,-0.0068,0.031,-0.5139,86,random,,,,,,
435,3563584,13980,25,1105.4,2895.3,2.8,8.3,1.67,1.0,1.0,1.0,0.0,1.0,,298.8,5.44,13.5,0.5861,16.9,0.2073,1.8,0.0111,0.0836,0.8555,-0.0059,0.0187,-0.523,86,random,,,,,,
436,3571776,14008,28,1116.8,2836.7,2.9,10.0,1.75,0.875,0.875,,0.0,0.875,,333.8,5.46,5.5,0.5529,15.39,0.2023,1.74,0.0124,0.0766,0.8201,-0.0077,0.023,-0.4971,87,random,1028,200,0.9,0.92,0.88,0.7
437,3579968,14039,31,1131.0,2473.1,3.3,8.1,2.15,0.7143,0.6667,0.75,0.0,0.7143,,326.9,5.52,1.64,0.5934,15.83,0.2149,1.81,0.0128,0.0793,0.7613,-0.0083,0.032,-0.5217,87,random,,,,,,
438,3588160,14068,29,1142.6,2471.8,3.3,8.1,2.17,0.5714,0.625,0.5,0.0,0.5714,,291.7,5.17,3.29,0.5452,15.35,0.1996,1.73,0.0096,0.0692,0.8258,-0.0072,0.0262,-0.5153,87,random,,,,,,
439,3596352,14104,36,1154.1,2498.2,3.3,8.1,2.12,0.7143,0.7692,0.625,0.0,0.7143,,235.6,4.67,6.24,0.5931,15.58,0.216,1.81,0.0083,0.0667,0.8188,-0.0066,0.0333,-0.5127,87,random,,,,,,
440,3604544,14132,28,1165.5,2583.5,3.2,8.2,2.07,0.8667,1.0,0.8182,0.0,0.8667,,281.0,5.29,7.33,0.5853,15.06,0.2158,1.8,0.0102,0.0754,0.8448,-0.0075,0.0272,-0.5052,87,random,,,,,,
441,3612736,14161,29,1176.9,2743.9,3.0,8.1,1.85,0.8667,0.6667,1.0,0.0,0.8667,,291.7,5.59,8.27,0.5703,15.73,0.207,1.77,0.0106,0.0729,0.8286,-0.008,0.0305,-0.5092,88,random,,,,,,
442,3620928,14193,32,1188.3,2622.1,3.1,8.3,1.98,0.5625,0.6,0.5455,0.0,0.5625,,262.0,4.75,2.81,0.5409,14.67,0.2014,1.72,0.0095,0.0678,0.7759,-0.0081,0.0331,-0.4878,88,random,,,,,,
443,3629120,14217,24,1200.0,2544.1,3.2,8.1,2.09,0.9091,1.0,0.875,0.0,0.9091,,264.3,4.96,15.36,0.5469,16.22,0.1963,1.73,0.0089,0.0574,0.8572,-0.008,0.0212,-0.497,88,random,,,,,,
444,3637312,14252,35,1211.5,2502.4,3.3,8.3,2.11,0.7,0.8,0.6,0.0,0.7,,232.4,4.49,3.65,0.5928,15.54,0.2161,1.81,0.0115,0.0826,0.7642,-0.0065,0.0398,-0.5391,88,random,,,,,,
445,3645504,14285,33,1223.2,2600.1,3.2,8.4,2.01,0.8235,1.0,0.75,0.0,0.8235,,327.2,6.03,9.12,0.5835,15.63,0.2123,1.79,0.0115,0.0777,0.826,-0.0067,0.0275,-0.5131,88,random,,,,,,
446,3653696,14316,31,1234.9,2599.2,3.2,8.1,1.99,0.5714,0.8,0.3636,0.0,0.5714,,247.2,4.9,7.19,0.542,15.53,0.1976,1.72,0.0095,0.0698,0.7347,-0.0083,0.0371,-0.4938,89,random,,,,,,
447,3661888,14347,31,1246.2,2717.2,3.0,8.1,1.8,0.8667,0.9091,0.75,0.0,0.8667,,226.2,4.26,7.27,0.5678,15.46,0.2073,1.76,0.0089,0.0638,0.8016,-0.0068,0.0289,-0.5211,89,random,,,,,,
448,3670080,14372,25,1257.5,2620.1,3.1,8.2,1.98,0.5,0.5,0.5,0.0,0.5,,281.5,4.88,3.3,0.5974,15.1,0.22,1.82,0.0086,0.0735,0.7993,-0.008,0.0256,-0.5384,89,random,,,,,,
449,3678272,14397,25,1269.0,2565.4,3.2,8.4,2.07,0.6,0.6667,0.5556,0.0,0.6,,272.7,5.52,8.13,0.563,16.25,0.2019,1.76,0.0103,0.0785,0.8095,-0.0051,0.0252,-0.52,89,random,,,,,,
450,3686464,14427,30,1280.8,2513.0,3.3,8.4,2.11,0.7778,0.7273,0.8571,0.0,0.7778,,312.2,5.8,7.39,0.5851,16.13,0.2104,1.8,0.0111,0.0776,0.7993,-0.0073,0.0274,-0.5236,89,random,,,,,,
451,3694656,14452,25,1292.5,2635.0,3.1,8.1,1.96,0.7,0.7143,0.6667,0.0,0.7,,315.5,5.24,0.7,0.5719,16.32,0.2048,1.77,0.0095,0.0807,0.7419,-0.0077,0.0321,-0.5277,90,random,,,,,,
452,3702848,14476,24,1303.9,2550.6,3.2,8.3,2.09,0.6,0.4,0.7,0.0,0.6,,286.8,5.79,1.53,0.5938,15.48,0.2168,1.81,0.0112,0.0751,0.8297,-0.0081,0.0223,-0.5367,90,random,,,,,,
453,3711040,14503,27,1315.4,2658.0,3.1,9.6,1.93,0.5455,0.75,0.0,0.0,0.5455,,405.8,6.81,1.18,0.5673,15.95,0.2048,1.76,0.0095,0.0731,0.7916,-0.0069,0.0259,-0.5325,90,random,1029,200,0.87,0.81,0.93,0.4
454,3719232,14536,33,1329.0,2414.9,3.4,8.2,2.16,0.875,0.8333,0.9,0.0,0.875,,292.7,5.45,10.38,0.6293,15.79,0.2281,1.88,0.0123,0.0858,0.7678,-0.0077,0.0296,-0.5492,90,random,,,,,,
455,3727424,14574,38,1340.6,2538.1,3.2,8.1,2.07,0.8095,0.875,0.7692,0.0,0.8095,,242.6,4.87,6.9,0.5917,15.72,0.2148,1.81,0.0142,0.0827,0.7535,-0.0068,0.0328,-0.5249,90,random,,,,,,
456,3735616,14610,36,1351.9,2616.8,3.1,8.1,1.96,0.6316,0.7273,0.5,0.0,0.6316,,206.0,3.92,1.37,0.5891,15.27,0.2161,1.8,0.0142,0.078,0.8193,-0.0063,0.029,-0.5278,91,random,,,,,,
457,3743808,14635,25,1363.3,2655.0,3.1,8.3,1.96,0.8462,1.0,0.7143,0.0,0.8462,,244.5,4.72,4.15,0.6018,15.44,0.2199,1.83,0.0098,0.0737,0.8133,-0.0079,0.0259,-0.5251,91,random,,,,,,
458,3752000,14662,27,1374.9,2585.0,3.2,8.2,2.01,0.8333,0.75,1.0,0.0,0.8333,,315.7,5.67,7.5,0.6023,16.93,0.2129,1.83,0.0109,0.0772,0.7955,-0.0079,0.0281,-0.5274,91,random,,,,,,
459,3760192,14693,31,1386.3,2717.9,3.0,8.2,1.88,0.8235,0.9,0.7143,0.0,0.8235,,266.9,5.0,5.47,0.5476,15.48,0.1999,1.73,0.0108,0.0707,0.7925,-0.0087,0.0272,-0.5201,91,random,,,,,,
460,3768384,14709,16,1397.8,2667.2,3.1,8.2,1.93,0.7143,0.8,0.5,0.0,0.7143,,276.9,5.12,6.29,0.6075,16.08,0.2187,1.84,0.0138,0.0945,0.8331,-0.0084,0.0219,-0.5468,91,random,,,,,,
461,3776576,14741,32,1409.5,2493.4,3.3,8.3,2.14,0.75,0.7143,0.8,0.0,0.75,,303.5,5.19,4.92,0.6183,16.1,0.2225,1.86,0.0126,0.0939,0.7503,-0.0077,0.0322,-0.5518,92,random,,,,,,
462,3784768,14776,35,1421.2,2492.0,3.3,8.2,2.1,0.7368,0.7,0.7778,0.0,0.7368,,336.1,6.2,10.63,0.5824,15.52,0.2124,1.79,0.0111,0.0867,0.7537,-0.0081,0.034,-0.5365,92,random,,,,,,
463,3792960,14798,22,1432.5,2785.8,2.9,8.3,1.79,0.7273,0.6,0.8333,0.0,0.7273,,313.7,5.64,9.55,0.6338,16.79,0.2247,1.88,0.01,0.0872,0.8142,-0.0082,0.0235,-0.5732,92,random,,,,,,
464,3801152,14826,28,1444.1,2624.1,3.1,8.1,1.97,0.8333,0.75,1.0,0.0,0.8333,,277.8,4.75,8.17,0.6008,16.03,0.2166,1.82,0.0111,0.0864,0.8268,-0.0071,0.021,-0.5471,92,random,,,,,,
465,3809344,14852,26,1455.5,2598.0,3.2,8.4,2.02,0.8182,1.0,0.75,0.0,0.8182,,327.9,5.62,13.64,0.6217,16.61,0.2213,1.86,0.014,0.0893,0.7605,-0.0078,0.0253,-0.5426,92,random,,,,,,
466,3817536,14876,24,1467.4,2472.9,3.3,8.2,2.16,0.6154,0.5,0.7143,0.0,0.6154,,284.9,5.58,6.62,0.6333,16.15,0.2276,1.88,0.0114,0.0792,0.7905,-0.0073,0.0253,-0.5782,93,random,,,,,,
467,3825728,14905,29,1479.2,2393.5,3.4,8.2,2.24,0.8,0.7778,0.8333,0.0,0.8,,347.1,6.21,11.73,0.6452,16.33,0.231,1.91,0.0125,0.0867,0.753,-0.0077,0.0295,-0.5789,93,random,,,,,,
468,3833920,14939,34,1490.8,2462.1,3.3,8.1,2.15,0.8421,0.7857,1.0,0.0,0.8421,,254.4,4.91,5.21,0.6249,15.63,0.2273,1.87,0.0108,0.0824,0.8353,-0.0086,0.0229,-0.5726,93,random,,,,,,
469,3842112,14960,21,1502.4,2557.1,3.2,8.1,2.08,0.5455,0.6667,0.5,0.0,0.5455,,374.7,7.0,4.55,0.6863,16.31,0.2458,1.99,0.0116,0.0867,0.892,-0.0088,0.02,-0.6177,93,random,,,,,,
470,3850304,14992,32,1513.9,2508.6,3.3,8.4,2.07,0.8,0.8,0.8,0.0,0.8,,290.9,5.53,12.27,0.6608,15.96,0.2385,1.94,0.0101,0.0736,0.8124,-0.0086,0.0268,-0.6034,93,random,,,,,,
471,3858496,15016,24,1525.6,2563.2,3.2,9.8,2.05,0.5833,0.6667,0.3333,0.0,0.5833,,257.3,4.79,-2.17,0.6601,15.97,0.2383,1.94,0.0117,0.0881,0.7827,-0.0078,0.0264,-0.6236,94,random,1030,200,0.86,0.88,0.84,1.5
472,3869184,15040,16,3.9,2186.3,3.7,7.7,2.76,0.8182,0.6,1.0,0.0,0.8182,,84.8,2.5,5.09,0.5743,13.73,0.2192,1.78,0.0084,0.0801,0.8379,-0.005,0.0188,-0.5184,94,random,,,,,,
473,3877376,15066,26,15.6,2114.8,3.9,7.7,2.72,0.9091,0.8,1.0,0.0,0.9091,,177.1,4.96,13.5,0.6438,15.78,0.2334,1.9,0.0131,0.0884,0.8764,-0.0073,0.0183,-0.5832,94,random,,,,,,
474,3885568,15092,26,26.7,2485.5,3.3,7.7,2.15,0.8,0.8,0.8,0.0,0.8,,219.2,4.73,10.8,0.6603,16.05,0.2379,1.94,0.0122,0.0836,0.8576,-0.0083,0.0229,-0.6065,94,random,,,,,,
475,3893760,15131,39,37.8,2600.7,3.1,7.8,2.0,0.7778,0.7273,0.8571,0.0,0.7778,,263.2,5.0,8.33,0.6665,15.06,0.2458,1.95,0.0113,0.0943,0.8347,-0.0055,0.0317,-0.614,94,random,,,,,,
476,3901952,15157,26,49.0,2560.7,3.2,7.7,2.05,0.5,0.3077,1.0,0.0,0.5,,214.7,4.42,0.5,0.654,16.27,0.2345,1.92,0.0086,0.0818,0.817,-0.0078,0.0285,-0.6056,95,random,,,,,,
477,3910144,15179,22,59.7,2826.7,2.9,7.9,1.75,0.5,0.25,1.0,0.0,0.5,,300.9,5.77,7.0,0.6722,15.79,0.2436,1.96,0.0108,0.082,0.8391,-0.0084,0.0253,-0.6093,95,random,,,,,,
478,3918336,15204,25,70.5,3088.3,2.7,7.9,1.51,0.75,0.6667,0.8,0.0,0.75,,306.8,4.84,1.25,0.6855,16.4,0.245,1.98,0.0115,0.0827,0.8483,-0.0084,0.0218,-0.6186,95,random,,,,,,
479,3926528,15222,18,81.3,2898.8,2.8,8.2,1.7,0.8333,0.6667,1.0,0.0,0.8333,,355.3,5.83,6.33,0.7045,16.44,0.2516,2.02,0.011,0.0846,0.832,-0.0083,0.0217,-0.6371,95,random,,,,,,
480,3934720,15248,26,92.7,2678.7,3.1,7.8,1.91,0.9091,1.0,0.8571,0.0,0.9091,,351.3,5.77,5.09,0.6985,16.1,0.2514,2.01,0.0111,0.0778,0.8392,-0.0097,0.0292,-0.6516,95,random,,,,,,
481,3942912,15278,30,103.9,2565.5,3.2,8.0,2.02,0.7333,0.6667,0.7778,0.0,0.7333,,337.3,6.1,8.8,0.7018,16.23,0.2518,2.02,0.0117,0.0983,0.8361,-0.0072,0.0279,-0.6343,96,random,,,,,,
482,3951104,15297,19,115.1,2689.8,3.0,7.7,1.92,0.7778,0.3333,1.0,0.0,0.7778,,323.1,5.68,9.11,0.6786,16.37,0.2427,1.97,0.0086,0.0697,0.9018,-0.0089,0.018,-0.6337,96,random,,,,,,
483,3959296,15329,32,126.1,2642.8,3.1,7.9,1.96,0.5333,0.5,0.5556,0.0,0.5333,,276.1,5.25,7.0,0.7146,16.61,0.2543,2.04,0.0111,0.0797,0.8225,-0.0078,0.0315,-0.6542,96,random,,,,,,
484,3967488,15350,21,137.3,2620.5,3.1,7.9,2.0,0.7143,1.0,0.6,0.0,0.7143,,386.7,6.33,7.43,0.7379,16.33,0.2642,2.09,0.0102,0.0838,0.8602,-0.0088,0.0235,-0.6548,96,random,,,,,,
485,3975680,15379,29,148.8,2334.4,3.5,7.8,2.35,0.8667,0.7778,1.0,0.0,0.8667,,324.1,5.79,12.73,0.7501,16.35,0.2684,2.12,0.0135,0.08,0.8314,-0.0083,0.0284,-0.6468,96,random,,,,,,
486,3983872,15410,31,160.5,2202.5,3.7,7.9,2.57,0.6667,0.6,0.7,0.0,0.6667,,332.1,5.77,7.8,0.71,16.4,0.2538,2.03,0.0095,0.0807,0.7672,-0.0082,0.0354,-0.6422,97,random,,,,,,
487,3992064,15441,31,172.2,2237.5,3.7,7.8,2.5,0.7,0.6,0.8,0.0,0.7,,243.7,5.1,3.7,0.7103,15.28,0.2605,2.03,0.0111,0.0814,0.6939,-0.0047,0.0402,-0.6334,97,random,,,,,,
488,4000256,15467,26,183.7,2334.2,3.5,7.8,2.4,0.5333,0.5,0.5556,0.0,0.5333,,278.8,5.42,-0.2,0.756,16.58,0.2692,2.13,0.0115,0.0853,0.7708,-0.0087,0.0272,-0.6678,97,random,,,,,,
489,4008448,15496,29,194.8,2588.7,3.2,8.1,2.0,0.7222,0.625,0.8,0.0,0.7222,,301.0,5.9,3.0,0.7332,15.99,0.2645,2.08,0.0124,0.0946,0.7105,-0.0078,0.0265,-0.6255,97,random,,,,,,
490,4016640,15527,31,206.2,2651.6,3.1,8.8,1.95,0.6875,0.5714,0.7778,0.0,0.6875,,256.1,4.81,5.75,0.7301,15.96,0.2636,2.08,0.0114,0.0849,0.7331,-0.0085,0.0323,-0.6705,97,random,1031,200,0.865,0.89,0.84,1.7
491,4024832,15555,28,220.1,2449.0,3.3,7.9,2.19,0.7143,0.5714,0.8571,0.0,0.7143,,308.1,5.57,4.29,0.7065,16.37,0.2527,2.03,0.009,0.0832,0.7391,-0.0076,0.0311,-0.6384,98,random,,,,,,
492,4033024,15581,26,231.8,2276.8,3.6,7.8,2.47,0.7143,0.75,0.6667,0.0,0.7143,,244.0,4.46,5.36,0.7436,15.85,0.2691,2.1,0.0105,0.0901,0.8249,-0.0089,0.0227,-0.667,98,random,,,,,,
493,4041216,15606,25,243.4,2217.2,3.7,7.9,2.55,0.9231,0.8571,1.0,0.0,0.9231,,359.8,6.64,8.62,0.7776,16.27,0.2788,2.18,0.0118,0.0819,0.8436,-0.0099,0.0211,-0.7199,98,random,,,,,,
494,4049408,15641,35,255.0,2311.7,3.5,7.8,2.37,0.6364,0.5556,0.6923,0.0,0.6364,,277.9,5.49,11.09,0.7348,15.55,0.2678,2.09,0.0103,0.082,0.7159,-0.0095,0.0365,-0.6764,98,random,,,,,,
495,4057600,15667,26,266.1,2594.7,3.2,7.9,2.01,0.5625,0.7143,0.4444,0.0,0.5625,,294.2,5.88,4.31,0.7402,15.83,0.268,2.1,0.0085,0.0744,0.7266,-0.0085,0.0251,-0.6812,98,random,,,,,,
496,4065792,15691,24,277.3,2643.8,3.1,7.9,1.96,0.5833,0.2,0.8571,0.0,0.5833,,278.9,4.92,2.75,0.7628,16.24,0.2737,2.14,0.0122,0.0815,0.8026,-0.0071,0.0246,-0.6943,99,random,,,,,,
497,4073984,15723,32,288.6,2527.4,3.2,8.1,2.08,0.7222,0.5455,1.0,0.0,0.7222,,262.6,5.28,2.56,0.7449,15.26,0.2733,2.11,0.0114,0.0885,0.7905,-0.0097,0.0301,-0.7048,99,random,,,,,,
498,4082176,15752,29,300.2,2387.9,3.4,7.7,2.21,0.6429,0.6667,0.6,0.0,0.6429,,330.1,5.66,-0.07,0.7654,15.34,0.2803,2.15,0.0092,0.0823,0.7577,-0.0091,0.0279,-0.719,99,random,,,,,,
499,4090368,15781,29,311.3,2577.0,3.2,7.9,2.02,0.75,0.625,0.875,0.0,0.75,,243.5,4.76,4.69,0.7715,15.93,0.2787,2.16,0.0134,0.0886,0.7671,-0.0092,0.0268,-0.7031,99,random,,,,,,
500,4098560,15807,26,322.6,2577.4,3.2,7.9,2.04,0.6667,0.6667,0.6667,0.0,0.6667,,318.6,5.73,1.75,0.7803,15.74,0.2831,2.18,0.0123,0.097,0.8282,-0.0075,0.0218,-0.69,99,random,,,,,,
501,4106752,15835,28,333.7,2645.1,3.1,7.8,1.96,0.7692,0.6667,0.8571,0.0769,0.7692,,344.6,6.04,5.46,0.7692,16.22,0.2761,2.16,0.0156,0.0912,0.8198,-0.0087,0.0239,-0.6753,100,random,,,,,,
502,4114944,15861,26,344.9,2546.1,3.2,7.9,2.07,0.6,0.4,0.8,0.0,0.6,,309.8,5.35,7.2,0.7712,16.2,0.2769,2.16,0.0129,0.0818,0.8726,-0.0064,0.0221,-0.693,100,random,,,,,,
503,4123136,15884,23,356.6,2262.0,3.6,7.8,2.47,0.7857,0.625,1.0,0.0,0.7857,,221.9,4.52,3.43,0.7879,16.55,0.2807,2.2,0.0103,0.0805,0.8621,-0.0093,0.021,-0.7397,100,random,,,,,,
504,4131328,15914,30,367.9,2361.0,3.5,8.1,2.31,0.4375,0.4,0.5,0.0,0.4375,,339.4,6.37,-1.81,0.819,16.67,0.2911,2.27,0.0103,0.0787,0.8388,-0.0094,0.0259,-0.7404,100,random,,,,,,
505,4139520,15949,35,380.0,2142.2,3.8,8.1,2.65,0.7222,0.6923,0.8,0.0,0.7222,,300.7,5.8,2.22,0.7912,15.9,0.286,2.21,0.0107,0.0765,0.8496,-0.0103,0.0237,-0.6939,100,random,,,,,,
506,4147712,15979,30,392.5,1950.8,4.2,7.9,2.98,0.5,0.3636,0.6667,0.0,0.5,,277.0,5.3,2.7,0.7601,16.06,0.2738,2.14,0.0095,0.0785,0.8214,-0.009,0.0293,-0.6952,101,random,,,,,,
507,4155904,16013,34,404.3,2172.6,3.8,8.8,2.58,0.6818,0.7273,0.6364,0.0,0.6818,,243.6,5.41,1.09,0.8017,16.12,0.2884,2.23,0.0104,0.0827,0.7841,-0.0094,0.0336,-0.6931,101,random,1032,200,0.895,0.86,0.93,0.9
508,4164096,16036,23,417.7,2326.6,3.5,8.0,2.36,0.5714,0.5714,0.5714,0.0,0.5714,,279.9,5.65,5.86,0.78,16.4,0.2788,2.18,0.0102,0.0846,0.853,-0.0085,0.0236,-0.7008,101,random,,,,,,
509,4172288,16074,38,429.4,2300.3,3.6,7.9,2.39,0.75,0.8462,0.5714,0.0,0.75,,251.3,5.03,5.75,0.7884,15.65,0.2866,2.2,0.0103,0.0801,0.7867,-0.0095,0.036,-0.7256,101,random,,,,,,
510,4180480,16105,31,440.8,2414.9,3.4,7.8,2.23,0.7222,0.75,0.7,0.0,0.7222,,260.6,5.03,4.28,0.7613,15.73,0.2763,2.14,0.0122,0.0801,0.8236,-0.0088,0.0248,-0.671,101,random,,,,,,
511,4188672,16128,23,452.1,2559.0,3.2,8.1,2.05,0.7692,0.6667,0.8571,0.0,0.7692,,298.3,5.43,5.85,0.8014,17.11,0.2822,2.23,0.0109,0.0958,0.8506,-0.007,0.0237,-0.7451,102,random,,,,,,
512,4196864,16157,29,463.6,2483.1,3.3,7.9,2.14,0.7647,0.5556,1.0,0.0,0.7647,,241.0,4.69,4.06,0.8415,16.49,0.3002,2.32,0.0101,0.0845,0.8313,-0.0087,0.0255,-0.7758,102,random,,,,,,
513,4205056,16184,27,474.7,2693.3,3.0,7.9,1.9,0.5333,0.3333,0.5833,0.0,0.5333,,294.9,5.37,5.47,0.8648,16.73,0.307,2.37,0.011,0.1021,0.8459,-0.0084,0.0274,-0.7757,102,random,,,,,,
514,4213248,16213,29,486.0,2536.6,3.2,8.1,2.08,0.5714,0.4286,0.7143,0.0,0.5714,,288.0,5.28,3.71,0.8623,17.09,0.3038,2.37,0.0111,0.0797,0.8198,-0.0095,0.0288,-0.7975,102,random,,,,,,
515,4221440,16238,25,497.6,2427.2,3.4,8.0,2.23,0.8,0.8,0.8,0.0,0.8,,338.4,5.68,4.3,0.8615,16.77,0.3055,2.37,0.0085,0.0851,0.8238,-0.0083,0.0274,-0.7786,102,random,,,,,,
516,4229632,16272,34,509.1,2477.8,3.3,7.9,2.13,0.6316,0.5714,0.6667,0.0,0.6316,,305.3,5.59,4.16,0.8066,16.39,0.2884,2.24,0.0131,0.0772,0.7997,-0.0082,0.0301,-0.7382,103,random,,,,,,
517,4237824,16304,32,520.7,2282.4,3.6,7.8,2.42,0.6667,0.5833,0.7778,0.0,0.6667,,237.4,4.72,6.29,0.7823,16.46,0.2793,2.19,0.0105,0.0966,0.7856,-0.0077,0.0302,-0.7115,103,random,,,,,,
518,4246016,16332,28,532.1,2393.3,3.4,8.0,2.26,0.7647,0.875,0.6667,0.0,0.7647,,263.1,5.0,11.76,0.8484,16.67,0.3015,2.34,0.0102,0.0894,0.8111,-0.0081,0.0302,-0.7674,103,random,,,,,,
519,4254208,16356,24,543.5,2582.2,3.2,7.8,2.02,0.5333,0.5,0.5714,0.0,0.5333,,246.9,5.21,-1.07,0.884,17.02,0.3119,2.42,0.0122,0.0908,0.8256,-0.0091,0.0221,-0.7874,103,random,,,,,,
520,4262400,16378,22,554.5,2675.6,3.1,8.0,1.92,0.75,0.75,0.75,0.0,0.75,,405.8,6.5,3.12,0.9021,16.86,0.3193,2.46,0.0094,0.0851,0.8344,-0.0061,0.0251,-0.7879,103,random,,,,,,
521,4270592,16402,24,566.0,2457.5,3.3,8.1,2.19,0.75,1.0,0.7143,0.0,0.75,,326.9,5.62,3.62,0.8539,16.59,0.304,2.35,0.0109,0.0724,0.8699,-0.0094,0.0201,-0.7782,104,random,,,,,,
522,4278784,16443,41,577.9,2244.6,3.6,7.9,2.45,0.6364,0.6667,0.6,0.0,0.6364,,302.9,5.73,-0.23,0.8309,16.28,0.2978,2.3,0.0109,0.0911,0.7874,-0.0098,0.0323,-0.7501,104,random,,,,,,
523,4286976,16471,28,589.2,2522.2,3.2,7.9,2.07,0.75,0.7,0.8,0.0,0.75,,236.7,5.04,8.95,0.7981,16.07,0.2874,2.22,0.0121,0.0846,0.7304,-0.0075,0.0342,-0.7321,104,random,,,,,,
524,4295168,16498,27,600.2,2723.6,3.0,8.0,1.85,0.8,0.7273,1.0,0.0,0.8,,251.3,4.93,3.07,0.8397,15.77,0.3044,2.32,0.0117,0.0773,0.7496,-0.0078,0.0269,-0.7464,104,random,,,,,,
525,4303360,16524,26,611.2,2883.4,2.8,9.1,1.68,0.4167,0.6,0.2857,0.0,0.4167,,249.9,4.96,7.42,0.866,16.35,0.3099,2.38,0.0117,0.0789,0.7265,-0.0094,0.0323,-0.7835,104,random,1033,200,0.87,0.83,0.91,0.0
526,4311552,16543,19,623.5,2768.3,3.0,8.1,1.84,0.5714,0.8,0.0,0.0,0.5714,,355.7,5.84,-5.43,0.8676,16.51,0.3094,2.38,0.0114,0.0885,0.8481,-0.0097,0.0195,-0.8224,105,random,,,,,,
527,4319744,16569,26,634.9,2532.1,3.2,8.0,2.1,0.6,0.5714,0.6667,0.0,0.6,,365.1,6.15,2.8,0.8307,15.54,0.3028,2.29,0.0136,0.0892,0.8357,-0.009,0.0262,-0.75,105,random,,,,,,
528,4327936,16606,37,646.3,2548.1,3.2,8.0,2.04,0.5,0.3333,0.6667,0.0,0.5,,329.9,5.84,2.78,0.8146,15.69,0.2959,2.26,0.0127,0.0984,0.8166,-0.0076,0.0335,-0.7349,105,random,,,,,,
529,4336128,16646,40,657.7,2548.0,3.2,8.0,2.06,0.5909,0.7,0.5,0.0455,0.5909,,234.7,4.42,5.64,0.7677,14.4,0.2878,2.15,0.0109,0.0833,0.7309,-0.0099,0.038,-0.702,105,random,,,,,,
530,4344320,16673,27,669.1,2535.2,3.2,8.0,2.09,0.8182,0.6667,1.0,0.0,0.8182,,242.4,4.11,4.18,0.7919,16.76,0.2809,2.21,0.009,0.0686,0.7941,-0.0097,0.0263,-0.6929,105,random,,,,,,
531,4352512,16701,28,680.5,2507.0,3.3,7.9,2.1,0.7273,0.8333,0.6,0.0,0.7273,,267.2,4.86,11.18,0.7746,16.54,0.276,2.17,0.0096,0.0851,0.7953,-0.0077,0.0262,-0.6958,106,random,,,,,,
532,4360704,16736,35,692.2,2221.5,3.7,7.9,2.49,0.85,0.9091,0.7778,0.0,0.85,,265.5,5.06,7.3,0.7666,16.07,0.276,2.15,0.0119,0.0901,0.7363,-0.0088,0.0329,-0.6896,106,random,,,,,,
533,4368896,16765,29,703.6,2446.4,3.3,8.0,2.19,0.6842,0.7,0.6667,0.0,0.6842,,223.8,4.41,4.58,0.757,16.3,0.2712,2.13,0.0096,0.0816,0.7537,-0.0096,0.0304,-0.6957,106,random,,,,,,
534,4377088,16795,30,715.1,2495.7,3.3,8.0,2.12,0.8125,1.0,0.75,0.0,0.8125,,310.6,5.57,10.5,0.7723,16.6,0.2749,2.16,0.01,0.0766,0.7867,-0.0093,0.0277,-0.687,106,random,,,,,,
535,4385280,16821,26,726.5,2517.9,3.3,8.0,2.11,0.5833,0.5556,0.6667,0.0,0.5833,,235.9,4.42,2.67,0.716,15.68,0.2601,2.05,0.0095,0.0714,0.7914,-0.0073,0.0295,-0.6462,106,random,,,,,,
536,4393472,16850,29,737.7,2603.0,3.1,8.0,1.99,0.8333,0.8333,0.8333,0.0,0.8333,,315.5,5.69,9.5,0.7349,16.3,0.2633,2.09,0.0114,0.081,0.7559,-0.0067,0.0283,-0.6291,107,random,,,,,,
537,4401664,16882,32,749.3,2399.2,3.4,8.0,2.21,0.65,0.7143,0.6154,0.0,0.65,,266.9,4.91,5.75,0.7136,15.95,0.2577,2.04,0.0086,0.084,0.6413,-0.0066,0.0384,-0.689,107,random,,,,,,
538,4409856,16906,24,760.5,2665.7,3.1,8.0,1.94,0.6667,1.0,0.5833,0.0,0.6667,,265.1,5.0,1.6,0.7529,16.12,0.2708,2.12,0.0097,0.0819,0.8567,-0.0069,0.017,-0.7003,107,random,,,,,,
539,4418048,16934,28,771.7,2779.9,2.9,8.0,1.8,0.75,0.6,1.0,0.0,0.75,,295.0,4.64,4.25,0.7828,16.38,0.28,2.19,0.012,0.0864,0.7867,-0.0086,0.0289,-0.6979,107,random,,,,,,
540,4426240,16967,33,782.8,2755.9,3.0,8.2,1.8,0.4167,0.5,0.25,0.0,0.4167,,311.0,5.21,-5.42,0.7258,15.55,0.2645,2.07,0.0103,0.0833,0.6826,-0.0092,0.0399,-0.6649,107,random,,,,,,
541,4434432,16994,27,794.1,2708.1,3.0,8.1,1.87,0.6,0.5,0.8,0.0,0.6,,281.7,5.33,0.13,0.7558,16.63,0.2689,2.13,0.0102,0.0831,0.8073,-0.0093,0.0254,-0.6707,108,random,,,,,,
542,4442624,17018,24,805.3,2736.6,3.0,9.5,1.85,0.8182,0.6667,1.0,0.0,0.8182,,331.9,5.42,4.91,0.7694,15.88,0.2783,2.16,0.0097,0.0763,0.8525,-0.0074,0.0209,-0.7037,108,random,1034,200,0.915,0.89,0.94,0.6
543,4450816,17046,28,818.8,2551.9,3.2,7.8,2.05,0.75,0.75,0.75,0.0,0.75,,252.7,4.68,4.75,0.8145,16.57,0.2901,2.26,0.0103,0.093,0.7836,-0.0074,0.0288,-0.7174,108,random,,,,,,
544,4459008,17073,27,830.1,2497.3,3.3,8.0,2.15,0.7143,0.75,0.6667,0.0,0.7143,,291.3,5.15,7.64,0.7381,16.73,0.262,2.09,0.0103,0.0828,0.7929,-0.0068,0.0317,-0.6754,108,random,,,,,,
545,4467200,17101,28,841.8,2356.8,3.5,7.9,2.28,0.8,1.0,0.7,0.0,0.8,,330.1,5.82,15.47,0.7871,17.06,0.2775,2.2,0.0105,0.0797,0.8759,-0.0072,0.0212,-0.7063,108,random,,,,,,
546,4475392,17130,29,853.4,2296.5,3.6,7.9,2.44,0.9091,0.8333,1.0,0.0,0.9091,,341.8,5.59,14.64,0.801,17.24,0.2813,2.23,0.0085,0.0743,0.8166,-0.0087,0.0266,-0.7032,109,random,,,,,,
547,4483584,17164,34,864.8,2485.2,3.3,8.1,2.12,0.7143,0.6923,0.75,0.0,0.7143,,253.4,4.79,6.14,0.758,16.91,0.2681,2.13,0.0115,0.0742,0.8147,-0.0097,0.0296,-0.6923,109,random,,,,,,
548,4491776,17192,28,876.2,2611.4,3.1,8.0,1.99,0.75,0.6364,1.0,0.0,0.75,,273.4,5.29,9.56,0.739,16.17,0.2655,2.09,0.0094,0.0763,0.8587,-0.0089,0.0226,-0.662,109,random,,,,,,
549,4499968,17218,26,887.4,2659.8,3.1,8.3,1.92,0.7692,0.7143,0.8333,0.0,0.7692,,294.6,5.46,10.69,0.7515,16.22,0.2697,2.12,0.0104,0.0859,0.8612,-0.0093,0.0216,-0.695,109,random,,,,,,
550,4508160,17247,29,898.9,2717.5,3.0,8.1,1.87,0.6,0.25,0.8333,0.0,0.6,,294.8,5.0,1.5,0.8078,16.63,0.2873,2.24,0.0104,0.0832,0.7997,-0.009,0.0311,-0.7214,109,random,,,,,,
551,4516352,17271,24,910.2,2728.9,3.0,8.0,1.86,0.8,0.7778,1.0,0.0,0.8,,291.2,5.17,12.5,0.7538,16.36,0.2697,2.13,0.0105,0.0791,0.8439,-0.0082,0.0252,-0.6614,110,random,,,,,,
552,4524544,17302,31,921.6,2543.4,3.2,8.1,2.09,0.7857,0.6667,1.0,0.0714,0.7857,,264.7,4.65,2.79,0.7643,15.94,0.276,2.15,0.0109,0.0845,0.8427,-0.0081,0.0268,-0.6943,110,random,,,,,,
553,4532736,17330,28,933.4,2331.0,3.5,7.9,2.37,0.8125,0.8571,0.7778,0.0,0.8125,,274.4,5.25,11.69,0.7264,15.54,0.2648,2.07,0.0098,0.0801,0.8667,-0.0101,0.021,-0.6652,110,random,,,,,,
554,4540928,17365,35,944.8,2453.9,3.3,8.1,2.15,0.6667,0.8,0.5455,0.0,0.6667,,279.3,5.34,6.48,0.7239,15.48,0.2643,2.06,0.0095,0.0913,0.8138,-0.0089,0.0322,-0.6252,110,random,,,,,,
555,4549120,17388,23,956.5,2388.4,3.4,8.1,2.3,0.625,0.5,0.75,0.0,0.625,,352.5,5.83,6.62,0.6339,14.7,0.2358,1.88,0.0086,0.0673,0.7906,-0.0074,0.0278,-0.5807,110,random,,,,,,
556,4557312,17423,35,968.0,2461.6,3.3,8.0,2.18,0.619,0.5,0.6667,0.0,0.619,,252.7,5.03,5.29,0.6574,15.28,0.2411,1.93,0.01,0.0759,0.8247,-0.007,0.0278,-0.5886,111,random,,,,,,
557,4565504,17450,27,979.6,2440.3,3.4,8.1,2.2,0.7273,0.6667,0.8,0.0,0.7273,,287.0,5.15,-1.73,0.6193,15.89,0.2239,1.86,0.0091,0.0809,0.8253,-0.0081,0.0265,-0.5702,111,random,,,,,,
558,4573696,17472,22,991.4,2270.8,3.6,8.2,2.46,0.8462,0.8571,0.8333,0.0,0.8462,,293.8,5.5,7.0,0.6856,15.66,0.2493,1.99,0.0127,0.0812,0.8966,-0.0112,0.0172,-0.604,111,random,,,,,,
559,4581888,17504,32,1003.0,2595.1,3.2,9.3,1.99,0.6471,0.6667,0.625,0.0,0.6471,,310.4,6.16,8.47,0.6647,16.0,0.2397,1.94,0.012,0.0898,0.8397,-0.0097,0.0262,-0.5804,111,random,1035,200,0.935,0.93,0.94,0.7
560,4590080,17531,27,1016.4,2512.1,3.3,8.1,2.14,0.5,0.5,0.5,0.0,0.5,,279.6,4.89,0.88,0.6403,15.22,0.2352,1.9,0.011,0.0801,0.8326,-0.009,0.0289,-0.5843,111,random,,,,,,
561,4598272,17558,27,1028.0,2490.0,3.3,8.1,2.18,0.8333,0.75,0.875,0.0,0.8333,,334.3,5.67,10.17,0.6613,15.77,0.2398,1.94,0.0113,0.0805,0.8796,-0.0097,0.0232,-0.5872,112,random,,,,,,
562,4606464,17589,31,1039.4,2599.6,3.2,8.2,2.01,0.5,0.5,0.5,0.0,0.5,,312.2,5.97,-5.69,0.6686,15.02,0.2468,1.95,0.0116,0.0757,0.7369,-0.0081,0.0366,-0.5777,112,random,,,,,,
563,4614656,17610,21,1051.0,2519.0,3.3,8.1,2.12,0.5556,0.4,0.75,0.0,0.5556,,262.5,4.48,4.44,0.6311,15.14,0.2323,1.88,0.0092,0.0723,0.7678,-0.0079,0.0316,-0.5639,112,random,,,,,,
564,4622848,17644,34,1062.6,2445.2,3.4,8.1,2.22,0.85,0.8182,0.8889,0.0,0.85,,236.1,4.74,10.85,0.6819,16.46,0.2434,1.98,0.0098,0.0796,0.8374,-0.0085,0.0284,-0.5877,112,random,,,,,,
565,4631040,17672,28,1074.2,2462.7,3.3,8.2,2.19,0.7143,0.7778,0.6,0.0,0.7143,,277.2,5.14,11.57,0.6561,15.22,0.241,1.93,0.0132,0.0856,0.8207,-0.0091,0.0319,-0.5821,112,random,,,,,,
566,4639232,17712,40,1086.1,2363.1,3.5,8.0,2.28,0.8095,0.8182,0.8,0.0,0.8095,,277.0,5.12,8.9,0.6303,15.64,0.2292,1.88,0.0096,0.0729,0.8053,-0.0086,0.0319,-0.565,113,random,,,,,,
567,4647424,17734,22,1097.5,2527.1,3.2,8.2,2.07,0.6923,0.4286,1.0,0.0,0.6923,,288.7,5.36,7.54,0.6442,15.55,0.2347,1.9,0.0106,0.0714,0.7513,-0.0082,0.0279,-0.5584,113,random,,,,,,
568,4655616,17761,27,1109.1,2584.1,3.2,8.2,2.03,0.3571,0.0,0.8333,0.0,0.3571,,302.1,5.93,-5.86,0.6551,15.86,0.237,1.93,0.0149,0.0918,0.7335,-0.0093,0.0343,-0.5986,113,random,,,,,,
569,4663808,17790,29,1120.5,2589.0,3.2,8.1,2.03,0.8235,0.6667,0.9091,0.0,0.8235,,282.7,5.21,5.06,0.6294,16.1,0.2265,1.88,0.013,0.0846,0.8526,-0.0081,0.021,-0.563,113,random,,,,,,
570,4672000,17824,34,1132.2,2442.8,3.4,8.1,2.21,0.7368,0.7,0.7778,0.0,0.7368,,275.5,5.03,6.74,0.5597,15.24,0.2055,1.75,0.0085,0.0695,0.6947,-0.0073,0.0403,-0.5322,113,random,,,,,,
571,4680192,17854,30,1143.5,2761.1,3.0,8.2,1.81,0.8462,0.8333,0.8571,0.0,0.8462,,259.9,4.63,13.15,0.6007,16.15,0.2159,1.82,0.0126,0.0803,0.717,-0.0074,0.0317,-0.5107,114,random,,,,,,
572,4688384,17880,26,1154.4,3199.8,2.6,8.1,1.42,0.75,0.75,0.75,0.0,0.75,,263.0,4.88,2.67,0.6485,16.13,0.2332,1.91,0.011,0.0792,0.7466,-0.008,0.0288,-0.5524,114,random,,,,,,
573,4696576,17895,15,1165.3,3091.6,2.6,8.2,1.55,0.7143,0.5,1.0,0.0,0.7143,,339.5,5.87,11.71,0.6463,15.76,0.2344,1.91,0.0093,0.0645,0.8619,-0.0075,0.0162,-0.5882,114,random,,,,,,
574,4704768,17922,27,1176.5,2866.9,2.9,8.2,1.7,0.5,1.0,0.4286,0.0,0.5,,360.0,5.67,9.12,0.668,16.0,0.2409,1.95,0.0105,0.0815,0.7927,-0.0072,0.0296,-0.6109,114,random,,,,,,
575,4712960,17951,29,1187.8,2752.1,3.0,8.3,1.85,0.8462,0.875,0.8,0.0,0.8462,,313.5,5.34,8.15,0.6418,15.21,0.2358,1.9,0.0092,0.0802,0.7774,-0.0085,0.029,-0.5667,114,random,,,,,,
576,4721152,17981,30,1199.1,2888.5,2.8,8.1,1.68,0.75,0.8,0.7273,0.0,0.75,,330.2,5.73,5.5,0.6096,15.38,0.2231,1.84,0.0152,0.0957,0.8528,-0.0058,0.0221,-0.5903,115,random,,,,,,
577,4729344,17999,18,1209.9,3092.3,2.6,8.1,1.52,0.875,1.0,0.75,0.0,0.875,,356.9,5.83,14.75,0.6843,16.14,0.246,1.98,0.0082,0.072,0.8892,-0.0086,0.0167,-0.6063,115,random,,,,,,
578,4737536,18026,27,1221.2,2680.2,3.1,9.7,1.94,0.75,0.6,1.0,0.0,0.75,,312.8,5.11,5.12,0.6603,15.2,0.2427,1.94,0.0094,0.0746,0.8238,-0.0088,0.025,-0.5954,115,random,1036,200,0.895,0.88,0.91,0.5
579,4745728,18063,37,1234.7,2606.7,3.1,8.1,1.96,0.8421,0.8,0.8889,0.0,0.8421,,247.6,4.49,6.47,0.6638,15.34,0.2431,1.94,0.0102,0.0732,0.8354,-0.0066,0.0287,-0.569,115,random,,,,,,
580,4753920,18093,30,1246.0,2731.2,3.0,8.1,1.84,0.7895,0.7273,0.875,0.0,0.7895,,244.4,4.77,11.47,0.6817,16.2,0.2448,1.98,0.0083,0.0765,0.8074,-0.0066,0.0264,-0.5914,115,random,,,,,,
581,4762112,18124,31,1257.3,2762.4,3.0,8.2,1.77,0.8462,0.8571,0.8333,0.0,0.8462,,331.5,5.71,4.0,0.6579,14.98,0.2431,1.93,0.0118,0.0698,0.7919,-0.0092,0.0277,-0.5645,116,random,,,,,,
582,4770304,18154,30,1268.8,2629.6,3.1,8.2,1.99,0.8,0.8,0.8,0.0,0.8,,281.5,4.6,3.0,0.6207,14.79,0.2304,1.86,0.0097,0.0653,0.7965,-0.0084,0.0343,-0.5437,116,random,,,,,,
583,4778496,18183,29,1280.4,2506.2,3.3,8.1,2.15,1.0,1.0,1.0,0.0,1.0,,293.7,5.21,12.33,0.6475,15.02,0.239,1.91,0.0093,0.0707,0.7981,-0.01,0.0321,-0.5962,116,random,,,,,,
584,4786688,18211,28,1292.0,2420.0,3.4,8.2,2.26,0.65,0.6667,0.6429,0.0,0.65,,245.1,5.21,2.3,0.69,15.19,0.2536,1.99,0.0098,0.0752,0.8141,-0.008,0.0294,-0.6333,116,random,,,,,,
585,4794880,18239,28,1303.6,2469.4,3.3,8.4,2.19,0.6364,0.4,0.8333,0.0,0.6364,,283.0,4.82,-5.91,0.7312,15.65,0.2658,2.08,0.0118,0.0948,0.8254,-0.0073,0.0309,-0.6605,116,random,,,,,,
586,4803072,18277,38,1315.7,2344.4,3.5,8.2,2.32,0.7273,0.6667,0.8,0.0,0.7273,,246.4,4.89,6.91,0.6843,15.91,0.2473,1.98,0.0108,0.0811,0.7677,-0.0065,0.0357,-0.5903,117,random,,,,,,
587,4811264,18308,31,1327.3,2524.9,3.2,8.1,2.1,0.8182,0.75,0.8571,0.0,0.8182,,216.2,4.68,8.45,0.6811,14.46,0.255,1.98,0.0085,0.084,0.8713,-0.009,0.0206,-0.6151,117,random,,,,,,
588,4819456,18342,34,1338.9,2441.5,3.4,7.7,2.18,0.5,0.5,0.5,0.0,0.5,,242.0,4.71,0.78,0.6822,15.3,0.2501,1.98,0.0117,0.0862,0.7499,-0.0087,0.0405,-0.6036,117,random,,,,,,
589,4827648,18380,38,1350.3,2360.7,3.5,7.8,2.29,0.75,0.75,0.75,0.0,0.75,,259.4,4.53,5.4,0.6507,15.1,0.2397,1.92,0.0078,0.0679,0.789,-0.0084,0.0285,-0.5876,117,random,,,,,,
590,4835840,18394,14,1361.4,2647.8,3.1,8.0,1.97,0.875,0.75,1.0,0.0,0.875,,268.7,5.0,6.38,0.6959,16.59,0.2477,2.01,0.0128,0.0923,0.8966,-0.0081,0.0152,-0.6134,117,random,,,,,,
591,4844032,18424,30,1372.4,2853.3,2.9,8.1,1.74,0.8333,0.8,0.875,0.0,0.8333,,318.1,6.27,9.06,0.7364,15.79,0.2669,2.09,0.01,0.0807,0.8609,-0.0082,0.0236,-0.6548,118,random,,,,,,
592,4852224,18449,25,1383.6,2722.9,3.0,8.1,1.89,0.7273,0.5,1.0,0.0,0.7273,,311.5,5.4,2.82,0.7245,15.93,0.2617,2.06,0.0082,0.073,0.8513,-0.0096,0.0249,-0.6478,118,random,,,,,,
593,4860416,18486,37,1395.0,2611.5,3.1,8.0,1.97,0.8571,1.0,0.8182,0.0,0.8571,,305.4,5.05,8.36,0.6917,15.43,0.2528,2.0,0.0117,0.0765,0.7677,-0.0098,0.0372,-0.6444,118,random,,,,,,
594,4868608,18514,28,1406.7,2336.0,3.5,9.4,2.34,0.5625,0.625,0.5,0.0,0.5625,,285.1,5.36,5.62,0.7071,14.98,0.2612,2.03,0.0091,0.0718,0.7681,-0.0095,0.037,-0.6482,118,random,1037,200,0.92,0.92,0.92,0.2
595,4876800,18545,31,1420.1,2248.1,3.6,8.0,2.42,0.8125,0.7273,1.0,0.0,0.8125,,288.5,5.19,3.5,0.7134,15.34,0.2613,2.04,0.0092,0.082,0.8398,-0.0084,0.0259,-0.6441,118,random,,,,,,
596,4884992,18578,33,1431.6,2412.1,3.4,8.0,2.23,0.8636,0.8889,0.8462,0.0,0.8636,,273.8,5.82,11.05,0.7025,15.31,0.2575,2.02,0.0092,0.0727,0.853,-0.0099,0.0232,-0.6299,119,random,,,,,,
597,4893184,18600,22,1443.0,2557.2,3.2,8.1,2.06,0.7,0.6667,0.7143,0.0,0.7,,237.5,4.45,8.2,0.7171,15.81,0.2598,2.05,0.0088,0.0707,0.8387,-0.0084,0.0248,-0.6227,119,random,,,,,,
598,4901376,18636,36,1455.5,1940.4,4.2,8.1,2.7,0.7,0.6429,0.8333,0.0,0.7,,280.4,5.39,4.05,0.7102,15.29,0.2604,2.03,0.0111,0.091,0.7863,-0.0094,0.0367,-0.6315,119,random,,,,,,
599,4909568,18665,29,1467.3,2280.6,3.6,8.2,2.32,0.7692,0.6667,1.0,0.0,0.7692,,270.7,4.72,-0.62,0.7009,15.29,0.257,2.02,0.0111,0.0829,0.8738,-0.0088,0.0227,-0.6264,119,random,,,,,,
600,4917760,18685,20,1478.7,2706.8,3.0,8.2,1.88,0.6,0.5455,0.75,0.0,0.6,,245.9,5.65,7.93,0.7224,15.96,0.2608,2.06,0.0103,0.0828,0.8752,-0.01,0.017,-0.6373,119,random,,,,,,
601,4925952,18722,37,1490.1,2657.4,3.1,8.1,1.91,0.5625,0.6667,0.5,0.0,0.5625,,262.6,4.68,6.75,0.6905,15.47,0.2521,1.99,0.0118,0.0811,0.8028,-0.0092,0.0333,-0.645,120,random,,,,,,
602,4934144,18758,36,1501.4,2723.0,3.0,8.0,1.83,0.8125,0.9,0.6667,0.0,0.8125,,272.6,4.81,6.38,0.6375,15.07,0.235,1.89,0.012,0.0748,0.7922,-0.0094,0.0365,-0.5851,120,random,,,,,,
603,4942336,18792,34,1512.6,2705.4,3.0,8.0,1.87,0.8462,1.0,0.8,0.0,0.8462,,274.2,4.68,8.46,0.6637,15.46,0.2424,1.94,0.0108,0.0807,0.8187,-0.0091,0.032,-0.5936,120,random,,,,,,
604,4950528,18815,23,1523.6,2868.8,2.9,8.0,1.73,0.6,0.5714,0.6667,0.0,0.6,,277.8,4.83,5.9,0.7079,16.42,0.2529,2.03,0.0099,0.085,0.837,-0.0087,0.023,-0.602,120,random,,,,,,
605,4958720,18842,27,1534.8,2686.6,3.0,8.3,1.92,0.8333,0.7778,1.0,0.0,0.8333,,262.2,4.85,5.33,0.725,14.63,0.2702,2.06,0.0128,0.0886,0.8151,-0.0078,0.0284,-0.6521,120,random,,,,,,
606,4966912,18865,23,1546.4,2608.1,3.1,8.1,2.0,0.5,1.0,0.3333,0.0,0.5,,324.2,5.48,0.38,0.7855,16.87,0.278,2.19,0.0085,0.0697,0.7993,-0.0084,0.0273,-0.6903,121,random,,,,,,
607,4975104,18896,31,1558.1,2444.2,3.4,7.9,2.17,0.6429,0.375,1.0,0.0,0.6429,,359.1,6.0,0.07,0.7907,16.48,0.2822,2.2,0.0104,0.0858,0.8488,-0.0098,0.0245,-0.6888,121,random,,,,,,
608,4983296,18933,37,1569.7,2268.3,3.6,8.0,2.44,0.7143,0.8,0.6364,0.0476,0.7143,,245.2,4.57,5.9,0.7384,15.94,0.2667,2.09,0.0111,0.075,0.8192,-0.0076,0.0298,-0.667,121,random,,,,,,
609,4991488,18962,29,1581.0,2609.2,3.1,8.0,2.0,0.8333,0.9091,0.7143,0.0,0.8333,,237.9,4.93,5.33,0.7115,15.28,0.2609,2.04,0.0118,0.0798,0.8067,-0.0091,0.0266,-0.6077,121,random,,,,,,
610,4999680,18988,26,1592.2,2652.5,3.1,8.0,1.93,0.875,1.0,0.75,0.0,0.875,,303.7,5.15,-0.12,0.6973,15.66,0.2535,2.01,0.0102,0.0761,0.7133,-0.0091,0.0361,-0.6264,121,random,,,,,,
611,5007872,19017,29,1603.6,2560.2,3.2,9.3,2.04,0.7647,0.8182,0.6667,0.0,0.7647,,219.0,4.34,0.35,0.6809,15.03,0.2512,1.98,0.01,0.0828,0.7525,-0.0086,0.0304,-0.6424,122,random,1038,200,0.93,0.96,0.9,0.1
