update,timesteps,games,games_in_rollout,elapsed_s,steps_per_s,rollout_s,update_s,wait_s,win_rate,win_rate_us,win_rate_ussr,draw_rate,win_rate_vs_pool,win_rate_vs_anchor,ep_len_mean,turn_mean,vp_mean,entropy,k_valid,entropy_ratio,k_eff,approx_kl,clip_fraction,explained_variance,policy_loss,value_loss,entropy_loss,pool_size,anchor,eval_seed,eval_games,eval_win_rate,eval_win_rate_us,eval_win_rate_ussr,eval_s
1,8192,27,27,1.6,6047.3,1.4,7.7,0.31,,,,,,,74.6,1.19,,1.8371,9.8,0.8048,6.28,0.0,0.0,-0.0067,-0.0001,0.032,-1.6572,0,random,,,,,,
2,16384,63,36,10.9,5916.5,1.4,7.7,0.32,,,,,,,151.7,2.47,,1.7941,10.04,0.7779,6.01,0.0001,0.0,0.0312,-0.0003,0.0385,-1.5912,0,random,,,,,,
3,24576,107,44,20.0,6046.2,1.4,7.8,0.33,,,,,,,198.5,3.25,,1.8023,10.09,0.7796,6.06,0.0002,0.0,0.049,-0.0006,0.0452,-1.6199,0,random,,,,,,
4,32768,142,35,29.4,5963.0,1.4,7.7,0.36,,,,,,,185.0,3.03,,1.841,10.79,0.7741,6.3,0.0006,0.0002,0.0429,-0.0012,0.0361,-1.633,0,random,,,,,,
5,40960,178,36,38.8,5173.7,1.6,7.7,0.46,,,,,,,244.7,4.03,,1.8167,10.34,0.7777,6.15,0.0025,0.0059,0.0884,-0.0021,0.0377,-1.6367,0,random,,,,,,
6,49152,209,31,48.4,4869.0,1.7,7.7,0.6,1.0,1.0,,0.0,1.0,,193.1,3.35,2.0,1.7908,10.24,0.7699,5.99,0.0041,0.0251,0.0516,-0.0032,0.0346,-1.5811,1,random,,,,,,
7,57344,236,27,58.0,4738.0,1.7,7.7,0.63,1.0,1.0,,0.0,1.0,,271.6,4.41,-2.0,1.7915,10.62,0.7581,6.0,0.003,0.01,0.1125,-0.0028,0.0288,-1.5998,1,random,,,,,,
8,65536,260,24,67.9,3963.0,2.1,7.8,0.93,0.3333,0.3333,,0.0,0.3333,,265.2,4.5,-8.33,1.8168,11.3,0.7491,6.15,0.0034,0.0134,0.1976,-0.0026,0.0229,-1.6063,1,random,,,,,,
9,73728,297,37,78.5,3143.6,2.6,7.8,1.43,0.25,0.2,0.3333,0.0,0.25,,306.2,5.3,-6.38,1.7988,11.09,0.7476,6.04,0.0045,0.0291,0.2244,-0.0036,0.0315,-1.6024,1,random,,,,,,
10,81920,331,34,89.2,3044.5,2.7,7.9,1.56,0.7143,0.7778,0.6,0.0,0.7143,,212.0,4.29,-4.71,1.7989,11.32,0.7414,6.04,0.0032,0.0234,0.3104,-0.0034,0.0369,-1.5738,1,random,,,,,,
11,90112,371,40,100.0,3002.8,2.7,7.8,1.59,0.75,0.875,0.625,0.0,0.75,,275.2,5.0,-2.88,1.7993,11.48,0.7374,6.05,0.0041,0.0181,0.3851,-0.0028,0.0378,-1.6026,2,random,,,,,,
12,98304,404,33,110.6,3121.8,2.6,7.9,1.53,0.5556,0.8,0.4615,0.0,0.5556,,171.8,4.03,1.33,1.8132,11.66,0.7383,6.13,0.0042,0.0298,0.4816,-0.0037,0.0347,-1.5824,2,random,,,,,,
13,106496,434,30,121.4,2932.8,2.8,7.9,1.63,0.8182,0.75,0.8571,0.0,0.8182,,265.5,4.97,3.91,1.8152,12.22,0.7252,6.14,0.0045,0.0382,0.645,-0.0042,0.0237,-1.5949,2,random,,,,,,
14,114688,464,30,132.4,2750.2,3.0,7.9,1.84,0.4615,0.5,0.4286,0.0,0.4615,,259.1,5.13,2.92,1.798,12.39,0.7143,6.04,0.0042,0.0374,0.696,-0.004,0.0252,-1.605,2,random,,,,,,
15,122880,495,31,143.5,2771.2,3.0,8.0,1.82,0.6471,0.3333,0.7143,0.0588,0.6471,,285.5,6.16,7.0,1.8128,12.89,0.7092,6.13,0.0031,0.0242,0.7108,-0.0035,0.0239,-1.5875,2,random,,,,,,
16,131072,519,24,154.6,2809.8,2.9,9.3,1.78,0.3846,0.2,1.0,0.0,0.3846,,267.7,5.83,-5.69,1.7558,11.74,0.7128,5.79,0.0042,0.0217,0.7736,-0.0034,0.0153,-1.5676,3,random,1001,200,0.045,0.05,0.04,0.0
17,139264,552,33,167.2,2618.4,3.1,8.0,1.95,0.6364,0.5,0.8,0.0,0.6364,,316.1,5.82,0.73,1.7707,12.77,0.6951,5.88,0.0037,0.0352,0.6838,-0.0039,0.0314,-1.5603,3,random,,,,,,
18,147456,579,27,178.7,2485.9,3.3,7.9,2.1,0.5294,0.5556,0.5,0.0,0.5294,,256.0,5.81,0.24,1.7691,12.66,0.6968,5.87,0.004,0.0409,0.6606,-0.0044,0.029,-1.5715,3,random,,,,,,
19,155648,609,30,189.8,2651.6,3.1,8.1,1.9,0.5789,0.25,0.8182,0.0,0.5789,,262.9,5.97,1.47,1.7383,12.72,0.6836,5.69,0.0045,0.0314,0.7832,-0.0034,0.023,-1.5467,3,random,,,,,,
20,163840,640,31,201.2,2568.8,3.2,8.1,2.0,0.7778,0.7778,0.7778,0.0,0.7778,,270.6,6.0,4.78,1.7476,13.01,0.6812,5.74,0.0028,0.0141,0.6334,-0.0025,0.0327,-1.5334,3,random,,,,,,
21,172032,663,23,212.5,2649.1,3.1,7.9,1.97,1.0,1.0,1.0,0.0,1.0,,344.7,6.35,6.14,1.7109,12.34,0.6809,5.53,0.0048,0.0375,0.7552,-0.0039,0.0181,-1.5182,4,random,,,,,,
22,180224,689,26,223.7,2657.7,3.1,8.0,1.94,0.7222,0.6,0.875,0.0,0.7222,,283.7,6.85,0.61,1.7661,13.72,0.6743,5.85,0.0043,0.0348,0.7179,-0.0041,0.0233,-1.5397,4,random,,,,,,
23,188416,715,26,234.9,2673.8,3.1,8.0,1.92,0.5714,0.5,0.6,0.0,0.5714,,262.9,5.88,2.36,1.752,13.61,0.6711,5.77,0.0036,0.0405,0.7272,-0.0037,0.0232,-1.5387,4,random,,,,,,
24,196608,750,35,246.3,2562.5,3.2,7.9,2.07,0.8235,0.875,0.7778,0.0,0.8235,,312.5,6.14,4.06,1.6803,12.41,0.6671,5.37,0.0048,0.0435,0.7325,-0.005,0.0268,-1.5371,4,random,,,,,,
25,204800,790,40,257.9,2319.3,3.5,8.1,2.37,0.4,0.1667,0.75,0.0,0.4,,277.9,5.9,-7.45,1.7335,12.95,0.6768,5.66,0.0037,0.0311,0.7428,-0.0047,0.037,-1.537,4,random,,,,,,
26,212992,820,30,269.4,2529.3,3.2,8.1,2.07,0.5714,0.125,0.8462,0.0,0.5714,,212.7,5.57,0.24,1.7217,13.25,0.6664,5.59,0.0053,0.0371,0.7985,-0.0039,0.0221,-1.53,5,random,,,,,,
27,221184,847,27,280.6,2790.9,2.9,8.0,1.81,0.6429,0.8333,0.5,0.0,0.6429,,271.9,5.74,6.21,1.7761,13.93,0.6742,5.91,0.0046,0.0381,0.7593,-0.0044,0.028,-1.5327,5,random,,,,,,
28,229376,873,26,291.6,2865.1,2.9,7.9,1.7,0.9167,0.75,1.0,0.0,0.9167,,280.7,6.12,9.17,1.728,13.74,0.6594,5.63,0.0042,0.0265,0.8632,-0.0036,0.0191,-1.5368,5,random,,,,,,
29,237568,897,24,302.6,2809.3,2.9,8.0,1.76,0.3,0.1667,0.5,0.0,0.3,,329.2,6.29,-0.4,1.728,13.91,0.6563,5.63,0.0048,0.0353,0.8347,-0.0041,0.0237,-1.5218,5,random,,,,,,
30,245760,932,35,314.0,2554.3,3.2,8.0,2.02,0.3571,0.0,0.7143,0.0,0.3571,,279.9,5.83,0.71,1.6618,12.9,0.6499,5.27,0.0042,0.0317,0.8481,-0.0042,0.0283,-1.4988,5,random,,,,,,
31,253952,966,34,325.4,2560.9,3.2,8.0,2.04,0.5263,0.4,0.6667,0.0,0.5263,,280.9,6.0,5.21,1.6752,12.28,0.6679,5.34,0.0058,0.0511,0.7788,-0.0053,0.0333,-1.4757,6,random,,,,,,
32,262144,998,32,336.6,2713.9,3.0,7.7,1.88,0.4667,0.3,0.8,0.0,0.4667,,254.9,5.81,-4.4,1.6501,12.67,0.6498,5.21,0.0066,0.0576,0.8789,-0.0062,0.0193,-1.4889,6,random,,,,,,
33,270336,1029,31,347.9,2409.3,3.4,9.0,2.26,0.6364,0.4286,1.0,0.0,0.6364,,266.2,5.45,-0.73,1.6809,13.38,0.6481,5.37,0.0033,0.0283,0.8647,-0.004,0.0259,-1.4788,6,random,1002,200,0.075,0.01,0.14,0.0
34,278528,1072,43,360.9,2130.1,3.8,8.0,2.68,0.5769,0.4167,0.7143,0.0,0.5769,,226.7,5.4,4.38,1.6875,13.04,0.6571,5.41,0.0042,0.0323,0.7933,-0.0041,0.0389,-1.4911,6,random,,,,,,
35,286720,1113,41,372.6,2274.8,3.6,7.7,2.45,0.4848,0.44,0.625,0.0,0.4848,,193.4,5.29,-0.73,1.6586,12.48,0.657,5.25,0.0033,0.0226,0.798,-0.0038,0.0364,-1.4657,6,random,,,,,,
36,294912,1145,32,384.0,2329.6,3.5,7.8,2.38,0.55,0.4615,0.7143,0.0,0.55,,232.6,5.62,0.85,1.666,12.86,0.6523,5.29,0.0049,0.0396,0.7852,-0.0053,0.0329,-1.4568,7,random,,,,,,
37,303104,1185,40,395.5,2331.2,3.5,7.8,2.31,0.6667,0.6429,0.7,0.0,0.6667,,199.7,5.0,4.75,1.615,12.08,0.6482,5.03,0.0055,0.0425,0.7357,-0.0048,0.0453,-1.4325,7,random,,,,,,
38,311296,1217,32,407.0,2283.7,3.6,7.8,2.45,0.75,0.5,0.8125,0.0,0.75,,235.7,5.56,10.0,1.5952,12.31,0.6353,4.93,0.0055,0.0546,0.8783,-0.0056,0.0228,-1.4678,7,random,,,,,,
39,319488,1257,40,418.2,2505.8,3.3,7.8,2.11,0.4762,0.4167,0.5556,0.0,0.4762,,222.8,5.22,-1.14,1.6578,12.77,0.6508,5.25,0.0039,0.0443,0.8083,-0.0046,0.0444,-1.4937,7,random,,,,,,
40,327680,1298,41,429.6,2430.9,3.4,7.5,2.13,0.8095,0.8182,0.8,0.0,0.8095,,229.4,5.2,5.24,1.6531,12.23,0.6602,5.22,0.0041,0.0257,0.818,-0.0041,0.033,-1.4773,7,random,,,,,,
41,335872,1326,28,440.5,2508.0,3.3,7.7,2.14,0.4375,0.25,0.625,0.0,0.4375,,205.2,4.86,1.81,1.6757,13.09,0.6516,5.34,0.0049,0.0357,0.816,-0.0055,0.0332,-1.4876,8,random,,,,,,
42,344064,1364,38,451.6,2490.6,3.3,7.7,2.15,0.7143,0.4,0.8889,0.0,0.7143,,274.1,5.58,9.5,1.6593,12.13,0.6649,5.26,0.0055,0.0579,0.8359,-0.0056,0.0323,-1.5148,8,random,,,,,,
43,352256,1391,27,462.7,2537.9,3.2,7.8,2.09,0.7222,0.625,0.8,0.0,0.7222,,219.6,5.7,5.44,1.701,13.25,0.6583,5.48,0.0048,0.0434,0.7922,-0.0053,0.0284,-1.512,8,random,,,,,,
44,360448,1419,28,473.8,2611.4,3.1,7.7,2.05,0.5,0.4286,0.6,0.0,0.5,,234.6,5.43,2.08,1.714,13.58,0.6571,5.55,0.0039,0.0299,0.8159,-0.0049,0.0308,-1.4981,8,random,,,,,,
45,368640,1450,31,484.9,2572.2,3.2,7.9,2.06,0.5,0.3333,0.625,0.0,0.5,,296.5,6.0,-2.86,1.6919,13.01,0.6595,5.43,0.0065,0.0435,0.8459,-0.0063,0.0306,-1.5088,8,random,,,,,,
46,376832,1484,34,496.1,2592.0,3.2,7.5,2.05,0.5714,0.2727,0.9,0.0,0.5714,,261.4,6.12,-0.38,1.7006,12.99,0.6632,5.48,0.0049,0.0327,0.8899,-0.0056,0.0233,-1.4811,9,random,,,,,,
47,385024,1522,38,506.8,2609.6,3.1,9.2,1.99,0.6842,0.4444,0.9,0.0,0.6842,,231.1,5.24,0.58,1.6849,12.95,0.6579,5.39,0.0057,0.0439,0.8354,-0.0064,0.0342,-1.4566,9,random,1003,200,0.19,0.16,0.22,0.0
48,393216,1562,40,519.3,2590.0,3.2,7.9,2.03,0.6,0.25,0.8333,0.0,0.6,,229.5,5.05,6.6,1.6499,12.83,0.6465,5.21,0.0035,0.0232,0.8487,-0.0044,0.0313,-1.4773,9,random,,,,,,
49,401408,1600,38,530.9,2331.0,3.5,7.7,2.35,0.5714,0.3,0.8182,0.0,0.5714,,205.2,4.66,6.67,1.6757,12.81,0.657,5.34,0.0048,0.0442,0.8086,-0.0066,0.0387,-1.4169,9,random,,,,,,
50,409600,1632,32,542.1,2476.8,3.3,7.8,2.14,0.5238,0.4444,0.5833,0.0,0.5238,,227.4,5.72,3.38,1.6457,13.22,0.6373,5.18,0.0047,0.036,0.8161,-0.0055,0.0332,-1.439,9,random,,,,,,
51,417792,1660,28,553.1,2673.4,3.1,7.8,1.92,0.6154,0.5556,0.75,0.0,0.6154,,252.8,5.5,2.54,1.6253,13.24,0.6292,5.08,0.0042,0.0389,0.8328,-0.0062,0.0272,-1.4374,10,random,,,,,,
52,425984,1694,34,564.3,2565.3,3.2,8.0,2.06,0.6667,0.5,0.8,0.0,0.6667,,250.3,5.56,4.33,1.5941,13.0,0.6215,4.92,0.0045,0.0335,0.833,-0.0053,0.0305,-1.4258,10,random,,,,,,
53,434176,1726,32,575.5,2676.0,3.1,7.8,1.93,0.6875,0.4286,0.8889,0.0,0.6875,,232.1,5.06,2.31,1.5994,13.57,0.6134,4.95,0.0052,0.0494,0.8051,-0.0064,0.0297,-1.4334,10,random,,,,,,
54,442368,1755,29,586.5,2709.5,3.0,7.7,1.9,0.5455,0.375,1.0,0.0,0.5455,,281.3,5.66,-4.91,1.5818,13.12,0.6145,4.86,0.006,0.059,0.8795,-0.0058,0.0239,-1.3988,10,random,,,,,,
55,450560,1784,29,597.4,2650.8,3.1,7.8,1.94,0.5,0.4444,0.6,0.0,0.5,,280.1,6.21,-2.57,1.578,13.8,0.6012,4.85,0.0055,0.0398,0.8127,-0.0049,0.0334,-1.387,10,random,,,,,,
56,458752,1817,33,608.6,2567.7,3.2,7.9,2.02,0.6316,0.4545,0.875,0.0,0.6316,,260.8,5.76,3.05,1.5269,13.01,0.5952,4.6,0.0079,0.0618,0.7864,-0.0061,0.0308,-1.3791,11,random,,,,,,
57,466944,1851,34,619.9,2606.9,3.1,7.9,1.97,0.6316,0.5,0.8571,0.0,0.6316,,261.9,5.5,1.79,1.5036,13.5,0.5777,4.5,0.0059,0.0532,0.7488,-0.0063,0.0314,-1.3295,11,random,,,,,,
58,475136,1875,24,630.9,2741.4,3.0,8.1,1.89,0.6154,0.2857,1.0,0.0,0.6154,,259.5,5.75,3.31,1.4688,13.52,0.564,4.34,0.0065,0.0615,0.8567,-0.0077,0.0208,-1.2902,11,random,,,,,,
59,483328,1907,32,642.1,2699.3,3.0,7.8,1.94,0.6429,0.6,0.6667,0.0,0.6429,,247.5,5.31,2.57,1.4326,12.47,0.5678,4.19,0.0065,0.0661,0.7774,-0.0056,0.0328,-1.273,11,random,,,,,,
60,491520,1935,28,653.2,2633.8,3.1,8.1,1.98,0.7143,0.5714,0.8571,0.0,0.7143,,312.4,6.46,4.86,1.5411,14.73,0.573,4.67,0.0056,0.0616,0.8246,-0.0044,0.024,-1.3304,11,random,,,,,,
61,499712,1962,27,664.5,2741.1,3.0,7.8,1.86,0.7692,0.6,0.875,0.0,0.7692,,282.0,6.22,8.38,1.4458,13.07,0.5625,4.25,0.006,0.0499,0.8039,-0.0066,0.0274,-1.261,12,random,,,,,,
62,507904,1995,33,675.4,2777.2,2.9,7.9,1.85,0.7647,0.8,0.75,0.0,0.7647,,300.8,6.45,10.59,1.4357,13.01,0.5596,4.2,0.0069,0.0628,0.83,-0.0067,0.0231,-1.2734,12,random,,,,,,
63,516096,2026,31,686.4,2719.0,3.0,9.5,1.89,0.6154,0.375,1.0,0.0,0.6154,,272.5,5.65,2.15,1.4476,13.08,0.563,4.25,0.0066,0.0586,0.844,-0.0066,0.0261,-1.282,12,random,1004,200,0.18,0.18,0.18,0.0
64,524288,2054,28,699.4,2476.4,3.3,7.8,2.13,0.8462,0.6667,1.0,0.0,0.8462,,257.0,5.46,12.85,1.4065,13.09,0.5469,4.08,0.0062,0.0576,0.8607,-0.0068,0.0223,-1.2331,12,random,,,,,,
65,532480,2087,33,710.7,2475.2,3.3,8.0,2.17,0.4375,0.375,0.5,0.0625,0.4375,,275.8,5.97,1.5,1.4286,14.27,0.5374,4.17,0.0065,0.0606,0.8425,-0.0065,0.0225,-1.2541,12,random,,,,,,
66,540672,2118,31,722.2,2415.5,3.4,8.0,2.25,0.7,0.5,0.8333,0.0,0.7,,236.9,5.55,9.55,1.3893,13.64,0.5317,4.01,0.0058,0.054,0.8013,-0.0064,0.027,-1.2278,13,random,,,,,,
67,548864,2144,26,733.6,2564.8,3.2,8.0,2.07,0.7143,0.6,1.0,0.0,0.7143,,274.5,6.38,2.43,1.4558,13.73,0.5557,4.29,0.0056,0.0587,0.7899,-0.0058,0.0296,-1.271,13,random,,,,,,
68,557056,2177,33,745.0,2532.4,3.2,7.8,2.05,0.5385,0.25,1.0,0.0,0.5385,,302.9,6.21,0.62,1.387,12.68,0.5461,4.0,0.0062,0.0513,0.7823,-0.0064,0.0314,-1.2589,13,random,,,,,,
69,565248,2210,33,756.2,2526.0,3.2,7.8,2.1,0.5,0.4,0.6667,0.0,0.5,,261.2,5.91,4.5,1.4037,12.74,0.5517,4.07,0.0063,0.0531,0.7845,-0.0072,0.0296,-1.22,13,random,,,,,,
70,573440,2249,39,767.4,2576.1,3.2,7.8,2.04,0.65,0.5455,0.7778,0.0,0.65,,253.5,5.72,8.45,1.3703,12.28,0.5463,3.94,0.0075,0.0718,0.7408,-0.0066,0.0329,-1.2204,13,random,,,,,,
71,581632,2286,37,778.7,2434.5,3.4,7.7,2.21,0.7619,1.0,0.6875,0.0,0.7619,,203.4,4.97,10.33,1.3576,12.48,0.5378,3.89,0.0072,0.0661,0.6819,-0.0069,0.0414,-1.1811,14,random,,,,,,
72,589824,2318,32,789.7,2587.3,3.2,7.7,2.05,0.6111,0.5,0.7,0.0,0.6111,,212.6,5.0,9.5,1.328,11.88,0.5365,3.77,0.0056,0.0435,0.8129,-0.0067,0.0291,-1.1605,14,random,,,,,,
73,598016,2367,49,800.7,2605.2,3.1,7.6,1.96,0.5,0.4,0.7143,0.0,0.5,,198.2,4.45,-0.64,1.3568,11.36,0.5584,3.88,0.0061,0.0778,0.6949,-0.0053,0.0482,-1.204,14,random,,,,,,
74,606208,2404,37,811.6,2637.4,3.1,7.8,1.99,0.75,0.7,0.8333,0.0,0.75,,236.6,5.03,6.75,1.3502,11.42,0.5545,3.86,0.0071,0.0573,0.7621,-0.0063,0.04,-1.1923,14,random,,,,,,
75,614400,2429,25,822.6,2678.1,3.1,7.7,1.95,0.4286,0.3333,1.0,0.0,0.4286,,193.2,4.76,-2.43,1.3655,11.66,0.556,3.92,0.0061,0.0559,0.8619,-0.0069,0.0185,-1.2009,14,random,,,,,,
76,622592,2463,34,833.5,2682.2,3.1,7.7,1.87,0.4706,0.0,1.0,0.0,0.4706,,262.9,5.68,1.65,1.3759,11.91,0.5554,3.96,0.006,0.0528,0.777,-0.0064,0.0299,-1.2105,15,random,,,,,,
77,630784,2487,24,844.5,2644.2,3.1,7.6,1.98,0.8889,0.6667,1.0,0.0,0.8889,,253.2,5.33,13.78,1.3777,12.16,0.5516,3.97,0.0064,0.0559,0.8207,-0.0076,0.0247,-1.2205,15,random,,,,,,
78,638976,2526,39,855.6,2462.7,3.3,9.3,2.21,0.6111,0.5,0.6667,0.0,0.6111,,293.7,6.05,7.33,1.4243,11.85,0.5762,4.15,0.0047,0.0523,0.7744,-0.0076,0.0353,-1.2605,15,random,1005,200,0.28,0.22,0.34,0.5
79,647168,2563,37,868.9,2399.0,3.4,7.7,2.22,0.5455,0.3846,0.7778,0.0,0.5455,,256.5,5.81,1.32,1.3728,11.44,0.5633,3.95,0.0063,0.0644,0.8126,-0.0084,0.0304,-1.2009,15,random,,,,,,
80,655360,2594,31,880.1,2483.8,3.3,7.7,2.18,0.4706,0.2,0.8571,0.0,0.4706,,230.6,5.42,4.47,1.3963,11.62,0.5693,4.04,0.0058,0.0461,0.7096,-0.007,0.0349,-1.2201,15,random,,,,,,
81,663552,2626,32,890.9,2741.6,3.0,7.8,1.87,0.6667,0.5,0.75,0.0,0.6667,,253.4,5.72,5.75,1.3663,10.99,0.57,3.92,0.0056,0.0402,0.7888,-0.0082,0.0269,-1.2162,16,random,,,,,,
82,671744,2663,37,902.1,2501.6,3.3,7.6,2.17,0.4286,0.25,0.6667,0.0,0.4286,,225.8,5.68,1.38,1.3821,11.0,0.5764,3.98,0.0061,0.0529,0.7195,-0.0069,0.0331,-1.2146,16,random,,,,,,
83,679936,2688,25,912.9,2746.6,3.0,7.7,1.91,0.7143,0.6667,0.75,0.0,0.7143,,229.8,5.16,7.29,1.3308,11.8,0.5393,3.78,0.0074,0.0775,0.7397,-0.0055,0.0279,-1.1666,16,random,,,,,,
84,688128,2722,34,923.8,2622.6,3.1,7.6,1.96,0.75,0.6,0.9,0.0,0.75,,241.5,5.62,1.35,1.3736,12.08,0.5513,3.95,0.0067,0.0622,0.7298,-0.0072,0.0311,-1.2244,16,random,,,,,,
85,696320,2744,22,934.4,2934.1,2.8,7.8,1.71,0.7,1.0,0.5714,0.0,0.7,,335.6,6.91,7.5,1.3315,11.99,0.5361,3.79,0.0058,0.0573,0.8272,-0.007,0.0202,-1.2067,16,random,,,,,,
86,704512,2775,31,945.3,2801.8,2.9,7.7,1.86,0.8571,0.7143,1.0,0.0,0.8571,,275.0,5.55,5.07,1.3721,12.13,0.5498,3.94,0.0081,0.076,0.7621,-0.008,0.0308,-1.2028,17,random,,,,,,
87,712704,2808,33,956.6,2411.0,3.4,7.7,2.25,0.4,0.25,0.5,0.0,0.4,,316.4,6.15,2.8,1.3844,12.22,0.553,3.99,0.0055,0.0519,0.7892,-0.0077,0.0285,-1.2015,17,random,,,,,,
88,720896,2853,45,967.9,2380.0,3.4,7.8,2.31,0.6296,0.4667,0.8333,0.0,0.6296,,198.7,4.89,4.22,1.3353,11.18,0.5531,3.8,0.0076,0.0722,0.7609,-0.0096,0.0371,-1.1952,17,random,,,,,,
89,729088,2885,32,979.1,2458.4,3.3,7.5,2.18,0.6842,0.4286,0.8333,0.0,0.6842,,225.2,5.19,10.79,1.365,11.97,0.5499,3.92,0.0055,0.0642,0.8218,-0.006,0.024,-1.1823,17,random,,,,,,
90,737280,2923,38,989.9,2614.4,3.1,7.6,1.99,0.6667,0.5,0.875,0.0,0.6667,,239.2,5.45,3.56,1.3264,11.41,0.5448,3.77,0.0066,0.0561,0.7121,-0.0076,0.0413,-1.1694,17,random,,,,,,
91,745472,2963,40,1001.1,2446.1,3.3,7.7,2.19,0.5263,0.3846,0.8333,0.0,0.5263,,217.9,4.78,4.21,1.329,11.36,0.5468,3.78,0.0053,0.0557,0.6803,-0.0061,0.0435,-1.1802,18,random,,,,,,
92,753664,2998,35,1011.9,2737.3,3.0,7.7,1.87,0.8125,0.7143,0.8889,0.0,0.8125,,202.3,4.86,8.5,1.3716,12.04,0.5512,3.94,0.008,0.0713,0.7823,-0.0084,0.0319,-1.172,18,random,,,,,,
93,761856,3033,35,1022.8,2637.2,3.1,9.1,1.98,0.7778,0.3333,1.0,0.0,0.7778,,249.7,5.6,10.83,1.3277,11.59,0.5418,3.77,0.0067,0.0633,0.7878,-0.007,0.0325,-1.1595,18,random,1006,200,0.195,0.21,0.18,0.5
94,770048,3069,36,1035.6,2744.4,3.0,7.6,1.8,0.7647,0.7273,0.8333,0.0,0.7647,,196.2,4.44,-0.41,1.2801,10.98,0.5342,3.6,0.0061,0.0635,0.7097,-0.007,0.0445,-1.1314,18,random,,,,,,
95,778240,3109,40,1046.4,2657.5,3.1,7.6,1.92,0.8,0.5714,1.0,0.0,0.8,,218.6,4.53,12.67,1.3199,11.79,0.535,3.74,0.0077,0.0695,0.7091,-0.0065,0.0412,-1.1709,18,random,,,,,,
96,786432,3136,27,1057.2,2741.9,3.0,7.8,1.92,0.8,0.5,1.0,0.0,0.8,,234.1,5.52,7.93,1.2929,11.18,0.5356,3.64,0.0061,0.0448,0.7996,-0.0064,0.0234,-1.1371,19,random,,,,,,
97,794624,3163,27,1068.1,2841.0,2.9,7.8,1.79,0.6667,0.5714,0.8,0.0,0.6667,,326.8,6.93,10.25,1.332,12.44,0.5284,3.79,0.0085,0.0728,0.7812,-0.0073,0.025,-1.1792,19,random,,,,,,
98,802816,3195,32,1079.0,2746.7,3.0,7.5,1.84,0.5333,0.6,0.4,0.0,0.5333,,252.5,5.34,4.13,1.2952,11.4,0.5321,3.65,0.0079,0.0643,0.7176,-0.006,0.0371,-1.1679,19,random,,,,,,
99,811008,3243,48,1089.8,2627.7,3.1,7.3,1.9,0.5,0.2727,0.7778,0.0,0.5,,236.1,4.96,1.8,1.3098,10.67,0.5533,3.71,0.0073,0.0574,0.7285,-0.0076,0.0416,-1.1599,19,random,,,,,,
100,819200,3285,42,1100.5,2491.3,3.3,7.5,2.13,0.619,0.5,0.7273,0.0,0.619,,215.2,4.6,9.29,1.3008,10.43,0.5549,3.67,0.0083,0.062,0.6471,-0.0069,0.0449,-1.1402,19,random,,,,,,
101,827392,3324,39,1111.2,2670.8,3.1,7.3,1.94,0.7143,0.6667,0.75,0.0,0.7143,,176.0,4.56,5.43,1.2972,10.59,0.5497,3.66,0.0066,0.0439,0.8056,-0.0059,0.0318,-1.1406,20,random,,,,,,
102,835584,3362,38,1121.9,2555.6,3.2,7.6,2.02,0.8,0.6,0.9,0.0,0.8,,218.9,4.84,10.87,1.3264,10.61,0.5616,3.77,0.0082,0.0663,0.8315,-0.0055,0.0259,-1.1452,20,random,,,,,,
103,843776,3397,35,1132.8,2609.1,3.1,7.7,2.02,0.8421,0.8571,0.8333,0.0,0.8421,,191.6,4.49,7.37,1.291,10.69,0.5448,3.64,0.0105,0.0888,0.7243,-0.0077,0.0471,-1.1339,20,random,,,,,,
104,851968,3439,42,1143.9,2477.3,3.3,7.5,2.2,0.7778,0.8571,0.7273,0.0,0.7778,,266.0,5.81,11.0,1.2973,10.56,0.5504,3.66,0.0061,0.0655,0.7792,-0.0079,0.0433,-1.1119,20,random,,,,,,
105,860160,3482,43,1155.1,2316.1,3.5,7.5,2.37,0.9259,0.875,0.9474,0.0,0.9259,,173.0,4.35,11.41,1.2668,10.57,0.5373,3.55,0.0071,0.0663,0.8035,-0.0071,0.043,-1.1215,20,random,,,,,,
106,868352,3522,40,1166.0,2529.1,3.2,9.0,2.11,0.6957,0.5385,0.9,0.0,0.6957,,180.8,4.33,8.43,1.2539,10.77,0.5276,3.5,0.0076,0.0818,0.7849,-0.007,0.0437,-1.0994,21,random,1007,200,0.3375,0.34,0.335,1.2
107,876544,3567,45,1179.5,2620.6,3.1,7.8,1.99,0.6786,0.4667,0.9231,0.0,0.6786,,181.6,4.4,5.64,1.2776,10.69,0.5393,3.59,0.0074,0.0664,0.7703,-0.0071,0.0408,-1.1264,21,random,,,,,,
108,884736,3600,33,1190.4,2787.4,2.9,7.5,1.84,0.7778,0.7778,0.7778,0.0,0.7778,,187.7,4.15,6.39,1.2839,11.22,0.5311,3.61,0.0097,0.0836,0.7299,-0.007,0.0388,-1.1016,21,random,,,,,,
109,892928,3631,31,1201.0,2756.6,3.0,7.5,1.89,0.5,0.4545,0.6,0.0,0.5,,223.7,5.06,4.06,1.226,10.48,0.5218,3.41,0.0093,0.0841,0.7574,-0.006,0.0327,-1.1007,21,random,,,,,,
110,901120,3665,34,1211.8,2673.1,3.1,7.5,1.97,0.7222,0.5556,0.8889,0.0,0.7222,,259.4,5.76,6.22,1.2475,11.4,0.5127,3.48,0.0077,0.0657,0.797,-0.0079,0.0289,-1.0981,21,random,,,,,,
111,909312,3695,30,1222.6,2615.7,3.1,7.8,2.04,0.9167,0.8333,1.0,0.0,0.9167,,291.0,5.97,15.67,1.2508,11.89,0.5051,3.49,0.007,0.0675,0.8273,-0.0058,0.0238,-1.0797,22,random,,,,,,
112,917504,3729,34,1233.9,2478.6,3.3,7.6,2.23,0.7619,0.6667,0.8889,0.0,0.7619,,265.8,5.97,11.24,1.232,11.45,0.5053,3.43,0.0114,0.0717,0.8127,-0.006,0.0287,-1.0882,22,random,,,,,,
113,925696,3753,24,1244.7,2711.8,3.0,7.6,1.94,0.8,0.8333,0.7778,0.0,0.8,,254.5,6.17,11.73,1.2147,11.13,0.5041,3.37,0.0078,0.0613,0.8457,-0.0069,0.0237,-1.0694,22,random,,,,,,
114,933888,3784,31,1255.5,2684.6,3.1,7.8,1.92,0.5714,0.2857,0.8571,0.0,0.5714,,256.2,5.45,4.79,1.2252,11.04,0.5101,3.4,0.0097,0.078,0.8085,-0.0078,0.0298,-1.1138,22,random,,,,,,
115,942080,3813,29,1266.4,2789.6,2.9,7.5,1.85,0.7857,0.625,1.0,0.0,0.7857,,307.7,6.62,7.57,1.217,10.72,0.513,3.38,0.0081,0.0736,0.8028,-0.0083,0.0307,-1.0664,22,random,,,,,,
116,950272,3849,36,1276.9,2857.4,2.9,7.5,1.71,0.7368,0.6154,1.0,0.0,0.7368,,242.9,5.47,7.47,1.1774,10.5,0.5007,3.25,0.0069,0.0687,0.8398,-0.0078,0.0291,-1.0479,23,random,,,,,,
117,958464,3887,38,1287.7,2671.0,3.1,7.7,1.95,0.7143,0.5714,0.8571,0.0,0.7143,,250.2,4.76,2.93,1.1855,10.59,0.5023,3.27,0.0073,0.0741,0.8086,-0.0083,0.0406,-1.0601,23,random,,,,,,
118,966656,3933,46,1298.6,2685.4,3.1,7.4,1.86,0.8696,0.9167,0.8182,0.0,0.8696,,205.2,4.59,11.04,1.1434,10.05,0.4954,3.14,0.0093,0.0742,0.7629,-0.0089,0.0434,-1.0182,23,random,,,,,,
119,974848,3963,30,1308.9,2986.2,2.7,7.5,1.64,0.6154,0.4,0.75,0.0,0.6154,,233.4,4.9,7.08,1.1772,10.3,0.5048,3.25,0.009,0.0742,0.7568,-0.0061,0.0372,-1.0044,23,random,,,,,,
120,983040,3998,35,1319.6,2678.2,3.1,7.6,1.94,0.6923,0.75,0.6667,0.0,0.6923,,229.9,5.03,6.23,1.1481,10.56,0.4872,3.15,0.0124,0.091,0.7267,-0.005,0.0434,-1.016,23,random,,,,,,
121,991232,4040,42,1330.5,2560.2,3.2,8.5,2.0,0.68,0.5714,0.8182,0.0,0.68,,174.2,4.1,6.64,1.2045,10.41,0.5142,3.34,0.0092,0.0751,0.7203,-0.0064,0.0455,-1.0281,24,random,1008,200,0.42,0.4,0.44,1.7
122,999424,4083,43,1344.0,2602.1,3.1,7.6,1.99,0.8947,0.8333,1.0,0.0,0.8947,,222.3,4.72,6.11,1.1886,10.4,0.5076,3.28,0.0082,0.0801,0.7365,-0.0084,0.0407,-1.0279,24,random,,,,,,
123,1007616,4125,42,1354.8,2644.8,3.1,7.5,1.93,0.8333,0.8571,0.75,0.0,0.8333,,237.1,4.93,7.78,1.2079,10.54,0.5129,3.35,0.0086,0.0782,0.7131,-0.0071,0.0425,-1.0489,24,random,,,,,,
124,1015808,4172,47,1365.8,2485.6,3.3,7.7,2.17,0.8077,0.6429,1.0,0.0,0.8077,,160.7,3.87,6.04,1.204,10.47,0.5126,3.33,0.0066,0.0644,0.6802,-0.0064,0.0445,-1.028,24,random,,,,,,
125,1024000,4210,38,1376.5,2833.7,2.9,7.4,1.8,0.5294,0.2727,1.0,0.0,0.5294,,201.5,4.45,6.12,1.1857,10.07,0.5134,3.27,0.0119,0.0907,0.7048,-0.0067,0.0392,-1.0323,24,random,,,,,,
126,1032192,4243,33,1387.2,2681.3,3.1,7.3,1.96,0.8095,0.6667,0.8667,0.0,0.8095,,169.6,4.12,7.71,1.1878,10.93,0.4967,3.28,0.0069,0.0891,0.7907,-0.0061,0.0307,-1.0556,25,random,,,,,,
127,1040384,4270,27,1397.7,2682.7,3.1,7.6,1.92,0.625,0.6,0.6667,0.0,0.625,,294.4,6.0,-2.75,1.2207,11.52,0.4995,3.39,0.0117,0.0855,0.7458,-0.0062,0.0331,-1.0578,25,random,,,,,,
128,1048576,4309,39,1408.6,2585.7,3.2,7.7,2.04,0.7,0.7143,0.6923,0.0,0.7,,230.9,5.15,10.8,1.1704,10.29,0.502,3.22,0.0075,0.0927,0.7335,-0.0057,0.0393,-1.0325,25,random,,,,,,
129,1056768,4343,34,1419.6,2671.1,3.1,7.4,1.94,0.8462,0.8571,0.8333,0.0,0.8462,,291.8,6.06,14.08,1.1834,10.68,0.4996,3.27,0.0098,0.0783,0.7547,-0.0065,0.0324,-1.022,25,random,,,,,,
130,1064960,4369,26,1430.3,2564.9,3.2,7.5,2.09,0.7333,0.8,0.7,0.0,0.7333,,214.9,5.04,13.67,1.1796,11.41,0.4844,3.25,0.0067,0.0724,0.8089,-0.0062,0.0256,-1.0199,25,random,,,,,,
131,1073152,4401,32,1441.1,2675.8,3.1,7.7,1.95,0.75,0.6364,1.0,0.0,0.75,,270.4,5.78,1.5,1.1615,10.99,0.4845,3.19,0.0078,0.084,0.7188,-0.0063,0.035,-1.0346,26,random,,,,,,
132,1081344,4436,35,1451.9,2740.8,3.0,7.7,1.89,0.7059,0.4286,0.9,0.0,0.7059,,251.5,5.51,6.94,1.2072,11.72,0.4904,3.34,0.0089,0.0825,0.7589,-0.0078,0.0343,-1.0364,26,random,,,,,,
133,1089536,4471,35,1462.7,2726.5,3.0,7.6,1.92,0.5333,0.2857,0.75,0.0,0.5333,,254.5,5.26,6.93,1.1622,10.79,0.4887,3.2,0.0072,0.07,0.6871,-0.0067,0.0322,-1.005,26,random,,,,,,
134,1097728,4503,32,1473.7,2548.5,3.2,8.6,2.03,0.6667,0.625,0.7143,0.0,0.6667,,252.4,5.47,7.8,1.1957,11.37,0.4919,3.31,0.0071,0.0617,0.7071,-0.0084,0.0341,-1.0316,26,random,1009,200,0.46,0.47,0.45,1.5
135,1105920,4539,36,1487.3,2521.6,3.2,7.5,2.13,0.8889,0.8333,1.0,0.0,0.8889,,245.4,5.61,12.33,1.1521,10.98,0.4808,3.16,0.0068,0.0725,0.7649,-0.0066,0.0352,-0.9981,26,random,,,,,,
136,1114112,4572,33,1498.2,2464.4,3.3,7.6,2.2,0.7273,0.7143,0.75,0.0,0.7273,,203.6,5.15,10.32,1.1044,10.64,0.467,3.02,0.0073,0.0653,0.748,-0.0078,0.0313,-0.9624,27,random,,,,,,
137,1122304,4603,31,1509.2,2493.8,3.3,7.7,2.17,0.7692,0.8571,0.6667,0.0,0.7692,,252.9,5.32,9.77,1.0869,10.88,0.4553,2.97,0.0075,0.0546,0.688,-0.0087,0.032,-0.9452,27,random,,,,,,
138,1130496,4647,44,1520.0,2712.1,3.0,7.7,1.9,0.7143,0.6,0.8462,0.0,0.7143,,234.6,5.61,9.18,1.1294,11.22,0.4671,3.09,0.0068,0.0645,0.7125,-0.0062,0.0385,-0.9806,27,random,,,,,,
139,1138688,4677,30,1530.8,2850.1,2.9,7.6,1.8,0.9167,0.75,1.0,0.0,0.9167,,222.7,4.7,13.92,1.0383,10.15,0.4481,2.82,0.0077,0.0692,0.8065,-0.0073,0.0289,-0.9167,27,random,,,,,,
140,1146880,4703,26,1541.4,2858.0,2.9,7.7,1.78,0.8333,0.5,1.0,0.0,0.8333,,284.8,6.08,9.08,1.0677,10.87,0.4475,2.91,0.0075,0.0736,0.7682,-0.0059,0.0287,-0.9133,27,random,,,,,,
141,1155072,4729,26,1552.2,2834.3,2.9,7.7,1.78,0.6667,0.5714,0.8,0.0,0.6667,,240.3,5.54,6.58,1.0374,10.93,0.4337,2.82,0.0075,0.0737,0.7553,-0.0066,0.0317,-0.9151,28,random,,,,,,
142,1163264,4764,35,1562.8,2913.9,2.8,7.5,1.73,0.7692,0.8571,0.6667,0.0,0.7692,,292.3,5.91,6.46,1.0478,11.09,0.4355,2.85,0.0091,0.0787,0.737,-0.0074,0.0385,-0.9043,28,random,,,,,,
143,1171456,4798,34,1573.2,2987.4,2.7,7.2,1.64,0.6667,0.75,0.5714,0.0,0.6667,,274.0,5.5,7.07,1.0171,10.38,0.4346,2.77,0.0103,0.0775,0.6941,-0.0074,0.0386,-0.8987,28,random,,,,,,
144,1179648,4824,26,1583.3,3002.6,2.7,7.4,1.62,0.8182,0.7143,1.0,0.0,0.8182,,284.7,5.88,4.27,1.0273,10.54,0.4361,2.79,0.0105,0.076,0.6913,-0.0071,0.0372,-0.9015,28,random,,,,,,
145,1187840,4853,29,1593.8,2810.5,2.9,7.5,1.75,0.9091,0.8333,1.0,0.0,0.9091,,253.8,5.31,8.18,1.0581,11.25,0.4371,2.88,0.0105,0.0868,0.7294,-0.0056,0.0307,-0.9329,28,random,,,,,,
146,1196032,4878,25,1604.4,2746.8,3.0,7.7,1.88,0.6667,0.5,0.8,0.0,0.6667,,326.2,6.44,8.44,1.0657,11.17,0.4417,2.9,0.0113,0.0892,0.8026,-0.0081,0.025,-0.9192,29,random,,,,,,
147,1204224,4919,41,1615.6,2439.9,3.4,7.7,2.24,0.6818,0.375,0.8571,0.0,0.6818,,234.4,5.41,10.05,1.023,10.75,0.4308,2.78,0.0078,0.0847,0.7834,-0.0063,0.0291,-0.9148,29,random,,,,,,
148,1212416,4946,27,1626.5,2590.2,3.2,7.6,2.06,0.6,0.6,0.6,0.0,0.6,,277.5,6.11,3.73,1.0218,10.84,0.4287,2.78,0.009,0.0791,0.6681,-0.0071,0.0308,-0.906,29,random,,,,,,
149,1220608,4967,21,1637.3,2713.0,3.0,7.6,1.94,0.6364,0.625,0.6667,0.0,0.6364,,319.4,6.76,3.91,1.0502,11.97,0.423,2.86,0.0091,0.0741,0.802,-0.0069,0.0227,-0.9077,29,random,,,,,,
150,1228800,4993,26,1648.1,2731.5,3.0,7.6,1.91,0.6154,0.625,0.6,0.0,0.6154,,303.6,6.73,0.92,1.0222,10.86,0.4286,2.78,0.0092,0.0839,0.804,-0.0076,0.0224,-0.8937,29,random,,,,,,
151,1236992,5023,30,1658.8,2738.8,3.0,9.0,1.88,0.5625,0.5455,0.6,0.0,0.5625,,299.6,6.43,3.25,1.0505,11.36,0.4323,2.86,0.0138,0.1,0.7148,-0.0059,0.0324,-0.9217,30,random,1010,200,0.37,0.28,0.46,2.0
152,1245184,5054,31,1673.0,2625.7,3.1,7.8,2.02,0.5333,0.375,0.7143,0.0,0.5333,,288.7,6.0,5.33,1.0464,11.52,0.4281,2.85,0.0093,0.0841,0.7262,-0.0089,0.032,-0.9164,30,random,,,,,,
153,1253376,5088,34,1684.3,2491.6,3.3,7.6,2.17,0.5556,0.6,0.5385,0.0,0.5556,,271.5,5.76,9.06,1.086,11.56,0.4437,2.96,0.0102,0.0744,0.5615,-0.0071,0.0399,-0.9363,30,random,,,,,,
154,1261568,5114,26,1695.1,2705.3,3.0,7.7,1.9,0.5882,0.8,0.5,0.0,0.5882,,259.3,6.38,7.94,1.0875,11.63,0.4433,2.97,0.0082,0.0701,0.6718,-0.0089,0.029,-0.934,30,random,,,,,,
155,1269760,5141,27,1706.1,2625.4,3.1,7.5,1.98,0.8462,1.0,0.7778,0.0,0.8462,,326.4,6.7,9.77,1.0309,10.93,0.431,2.8,0.0092,0.0744,0.7238,-0.0082,0.0248,-0.9268,30,random,,,,,,
156,1277952,5168,27,1717.0,2508.5,3.3,7.7,2.15,0.9231,1.0,0.8889,0.0,0.9231,,276.5,5.81,7.08,1.0536,11.78,0.4272,2.87,0.0088,0.0665,0.6961,-0.0076,0.0298,-0.9249,31,random,,,,,,
157,1286144,5196,28,1728.2,2478.7,3.3,7.6,2.18,0.7647,0.6,1.0,0.0,0.7647,,288.5,6.86,8.0,1.036,11.54,0.4236,2.82,0.0084,0.0742,0.7763,-0.0084,0.0224,-0.8913,31,random,,,,,,
158,1294336,5225,29,1739.3,2422.6,3.4,7.5,2.24,0.8571,0.8889,0.8,0.0,0.8571,,288.9,6.03,11.36,1.0468,11.41,0.43,2.85,0.0097,0.0808,0.7199,-0.0091,0.0314,-0.9149,31,random,,,,,,
159,1302528,5260,35,1750.7,2235.3,3.7,7.6,2.52,0.7368,0.8889,0.6,0.0,0.7368,,329.0,7.31,10.68,1.0275,11.0,0.4285,2.79,0.0107,0.0862,0.7202,-0.0076,0.0365,-0.9135,31,random,,,,,,
160,1310720,5283,23,1761.6,2563.8,3.2,7.7,2.1,0.75,0.6667,0.8571,0.0,0.75,,192.9,5.26,9.56,1.0679,11.88,0.4314,2.91,0.0101,0.0962,0.6936,-0.0061,0.0286,-0.9065,31,random,,,,,,
161,1318912,5313,30,1772.6,2652.4,3.1,7.6,2.01,0.6,0.4444,0.8333,0.0,0.6,,292.3,6.3,5.87,1.0211,10.9,0.4275,2.78,0.0095,0.1017,0.5916,-0.0082,0.0342,-0.8908,32,random,,,,,,
162,1327104,5346,33,1783.5,2570.7,3.2,7.5,2.08,0.8095,0.6667,0.9167,0.0,0.8095,,274.1,6.3,10.38,1.0311,11.28,0.4255,2.8,0.0078,0.0724,0.6654,-0.0077,0.0312,-0.9062,32,random,,,,,,
163,1335296,5375,29,1794.4,2529.4,3.2,7.3,2.16,0.7059,0.6,0.75,0.0,0.7059,,250.6,5.76,12.35,1.0197,11.03,0.4247,2.77,0.0079,0.0702,0.719,-0.008,0.0303,-0.87,32,random,,,,,,
164,1343488,5400,25,1805.3,2426.3,3.4,7.4,2.21,0.8,0.8333,0.75,0.0,0.8,,241.5,6.32,8.75,0.9944,11.22,0.4112,2.7,0.0076,0.0853,0.7782,-0.0051,0.0204,-0.8628,32,random,,,,,,
165,1351680,5422,22,1815.7,2881.3,2.8,7.6,1.74,0.7778,0.75,0.8,0.0,0.7778,,364.5,7.05,5.22,0.9933,11.2,0.4111,2.7,0.0084,0.0859,0.7531,-0.0072,0.0236,-0.8708,32,random,,,,,,
166,1359872,5461,39,1826.5,2620.5,3.1,7.6,2.0,0.7059,0.6667,0.8,0.0,0.7059,,320.2,6.51,2.29,0.9926,10.89,0.4158,2.7,0.0065,0.0741,0.658,-0.0077,0.0389,-0.8575,33,random,,,,,,
167,1368064,5492,31,1837.5,2521.3,3.2,7.5,2.09,0.8333,0.7143,1.0,0.0,0.8333,,244.4,5.06,9.33,0.9893,10.77,0.4163,2.69,0.0087,0.0704,0.6544,-0.0076,0.0323,-0.8473,33,random,,,,,,
168,1376256,5518,26,1848.6,2374.7,3.4,8.9,2.3,0.6667,0.625,0.7143,0.0,0.6667,,227.7,5.5,11.33,1.0173,11.24,0.4204,2.77,0.0101,0.0784,0.6951,-0.0077,0.0256,-0.8704,33,random,1011,200,0.49,0.33,0.65,1.8
169,1384448,5553,35,1862.8,2494.2,3.3,7.5,2.13,0.7,0.75,0.625,0.0,0.7,,295.0,6.4,9.3,1.0011,10.86,0.4197,2.72,0.0108,0.0936,0.6244,-0.0057,0.0364,-0.8456,33,random,,,,,,
170,1392640,5579,26,1873.4,2735.1,3.0,7.6,1.89,0.6667,0.5556,0.8333,0.0,0.6667,,232.8,5.81,10.13,0.9793,11.24,0.4047,2.66,0.0094,0.0781,0.6753,-0.0082,0.0246,-0.8544,33,random,,,,,,
171,1400832,5609,30,1884.2,2746.4,3.0,7.5,1.86,1.0,1.0,1.0,0.0,1.0,,283.6,5.67,11.45,0.9961,11.18,0.4126,2.71,0.0076,0.079,0.6817,-0.0073,0.0309,-0.8638,34,random,,,,,,
172,1409024,5647,38,1895.0,2619.7,3.1,7.6,2.0,0.8,0.8333,0.75,0.05,0.8,,248.8,5.53,7.15,0.9587,10.42,0.4091,2.61,0.0085,0.0712,0.6145,-0.0076,0.0335,-0.8558,34,random,,,,,,
173,1417216,5681,34,1906.0,2492.7,3.3,7.5,2.14,0.8462,0.8571,0.8333,0.0,0.8462,,243.4,5.21,12.69,1.0008,10.96,0.418,2.72,0.0104,0.0813,0.6821,-0.0096,0.0304,-0.8898,34,random,,,,,,
174,1425408,5713,32,1917.1,2385.5,3.4,7.5,2.3,0.8,0.6667,0.8889,0.0,0.8,,289.1,6.12,7.6,1.0156,11.68,0.4133,2.76,0.0064,0.0683,0.6799,-0.0065,0.0333,-0.8829,34,random,,,,,,
175,1433600,5747,34,1928.1,2479.2,3.3,7.7,2.21,0.7895,0.8571,0.75,0.0,0.7895,,250.5,5.53,9.47,1.0377,11.79,0.4206,2.82,0.0092,0.077,0.7008,-0.0068,0.0332,-0.8921,34,random,,,,,,
176,1441792,5786,39,1939.2,2524.6,3.2,7.6,2.09,0.76,0.7857,0.7273,0.0,0.76,,227.1,5.54,8.32,1.0255,11.71,0.4167,2.79,0.0087,0.0766,0.7156,-0.0079,0.0376,-0.903,35,random,,,,,,
177,1449984,5805,19,1949.8,2892.9,2.8,7.7,1.72,0.6364,0.4,0.8333,0.0,0.6364,,231.8,5.47,7.91,1.0346,11.95,0.4171,2.81,0.008,0.0881,0.7633,-0.0084,0.0242,-0.889,35,random,,,,,,
178,1458176,5828,23,1960.2,3148.8,2.6,7.7,1.53,0.6667,0.5714,0.8,0.0,0.6667,,258.8,5.57,6.33,1.0301,11.7,0.4188,2.8,0.0101,0.0932,0.6125,-0.0057,0.0318,-0.9071,35,random,,,,,,
179,1466368,5854,26,1970.8,3016.1,2.7,7.8,1.65,0.6,0.5714,0.6667,0.0,0.6,,355.6,6.88,-0.6,1.0168,11.67,0.4139,2.76,0.0072,0.0866,0.7008,-0.0067,0.0243,-0.8904,35,random,,,,,,
180,1474560,5883,29,1981.7,2790.1,2.9,7.7,1.82,0.7,0.6,0.8,0.0,0.7,,357.9,6.24,10.5,0.9979,11.57,0.4076,2.71,0.0116,0.1094,0.6981,-0.0074,0.0281,-0.8731,35,random,,,,,,
181,1482752,5910,27,1992.5,2813.7,2.9,7.6,1.82,0.5,0.1667,0.8333,0.0833,0.5,,272.9,5.7,4.08,0.9739,11.0,0.4061,2.65,0.0102,0.0793,0.6373,-0.0069,0.032,-0.8759,36,random,,,,,,
182,1490944,5940,30,2003.2,2804.6,2.9,7.7,1.81,0.6,0.6667,0.5556,0.0,0.6,,279.0,5.63,7.8,1.0113,12.35,0.4024,2.75,0.0103,0.0823,0.5766,-0.0093,0.0336,-0.8545,36,random,,,,,,
183,1499136,5965,25,2014.1,2663.3,3.1,7.7,2.0,0.75,0.8,0.7143,0.0,0.75,,277.8,5.92,5.83,0.9712,11.61,0.3961,2.64,0.0096,0.1153,0.6806,-0.0032,0.0227,-0.8588,36,random,,,,,,
184,1507328,5996,31,2025.2,2571.7,3.2,7.8,2.08,0.9375,0.875,1.0,0.0,0.9375,,310.8,6.1,11.56,0.9778,11.63,0.3986,2.66,0.0086,0.075,0.6914,-0.0058,0.0262,-0.8758,36,random,,,,,,
185,1515520,6023,27,2036.4,2553.1,3.2,9.2,2.11,0.75,0.8333,0.6667,0.0,0.75,,309.1,6.26,7.67,0.9681,11.65,0.3944,2.63,0.0097,0.0745,0.6933,-0.0085,0.0255,-0.8738,36,random,1012,200,0.4825,0.425,0.54,1.8
186,1523712,6053,30,2050.8,2485.2,3.3,7.6,2.19,0.8889,1.0,0.7778,0.0,0.8889,,227.8,5.13,11.11,0.9911,11.87,0.4006,2.69,0.0088,0.0969,0.7463,-0.0046,0.03,-0.8768,37,random,,,,,,
187,1531904,6077,24,2061.5,2776.5,3.0,7.6,1.84,0.8,0.75,1.0,0.0,0.8,,338.1,6.75,10.2,1.0339,12.45,0.41,2.81,0.0091,0.073,0.795,-0.0072,0.0221,-0.8933,37,random,,,,,,
188,1540096,6110,33,2072.4,2617.5,3.1,7.7,2.0,0.9333,1.0,0.9,0.0,0.9333,,317.3,6.39,11.67,1.0151,11.82,0.411,2.76,0.009,0.0843,0.7495,-0.0084,0.031,-0.8947,37,random,,,,,,
189,1548288,6140,30,2083.5,2591.3,3.2,7.5,2.01,0.7333,0.625,0.8571,0.0,0.7333,,263.6,5.7,7.07,0.9477,11.21,0.3922,2.58,0.0082,0.0771,0.6821,-0.0083,0.0311,-0.8593,37,random,,,,,,
190,1556480,6168,28,2094.0,2862.9,2.9,7.5,1.77,0.8125,0.75,0.875,0.0,0.8125,,261.4,5.68,6.75,0.9814,11.47,0.4022,2.67,0.0078,0.0729,0.7002,-0.009,0.0293,-0.8656,37,random,,,,,,
191,1564672,6193,25,2104.6,2818.0,2.9,7.6,1.77,0.7857,0.7778,0.8,0.0,0.7857,,291.8,5.96,8.29,0.9644,11.39,0.3964,2.62,0.0114,0.0817,0.719,-0.0074,0.034,-0.8578,38,random,,,,,,
192,1572864,6231,38,2115.2,2898.1,2.8,7.6,1.72,1.0,1.0,1.0,0.0,1.0,,262.1,5.18,15.08,0.9706,11.65,0.3953,2.64,0.0096,0.0832,0.6925,-0.009,0.0362,-0.8307,38,random,,,,,,
193,1581056,6261,30,2126.2,2497.5,3.3,7.9,2.12,0.9231,1.0,0.8889,0.0,0.9231,,307.9,5.87,8.77,0.9392,11.79,0.3807,2.56,0.0087,0.0775,0.713,-0.0079,0.0297,-0.8368,38,random,,,,,,
194,1589248,6295,34,2137.6,2454.9,3.3,7.7,2.2,0.7778,0.8,0.75,0.0,0.7778,,246.2,5.35,7.5,0.935,11.64,0.381,2.55,0.0081,0.0691,0.5955,-0.0088,0.0366,-0.831,38,random,,,,,,
195,1597440,6334,39,2148.8,2429.8,3.4,7.7,2.25,0.68,0.6429,0.7273,0.0,0.68,,193.5,4.59,5.96,0.9428,12.02,0.3792,2.57,0.0084,0.0764,0.5064,-0.0081,0.0467,-0.8371,38,random,,,,,,
196,1605632,6364,30,2159.9,2465.9,3.3,7.6,2.19,0.8235,0.8889,0.75,0.0,0.8235,,256.8,5.47,7.76,0.92,11.71,0.374,2.51,0.0099,0.0983,0.6588,-0.0043,0.0328,-0.8185,39,random,,,,,,
197,1613824,6396,32,2170.7,2718.2,3.0,7.5,1.89,0.8571,0.8889,0.8,0.0,0.8571,,238.2,5.0,8.43,0.955,12.35,0.3799,2.6,0.0091,0.0733,0.6555,-0.0086,0.0332,-0.8323,39,random,,,,,,
198,1622016,6429,33,2181.4,2670.7,3.1,7.7,1.95,0.5882,0.4286,0.7,0.0,0.5882,,260.5,5.42,6.76,0.9584,12.42,0.3804,2.61,0.0083,0.0743,0.5857,-0.0094,0.0372,-0.8251,39,random,,,,,,
199,1630208,6455,26,2192.3,2675.1,3.1,7.7,1.93,0.7692,0.625,1.0,0.0,0.7692,,275.8,5.5,4.69,0.9761,12.67,0.3844,2.65,0.01,0.09,0.724,-0.0067,0.024,-0.8208,39,random,,,,,,
200,1638400,6487,32,2203.1,2752.1,3.0,7.8,1.87,0.6667,0.625,0.7143,0.0,0.6667,,303.8,6.31,11.0,0.9665,12.62,0.3812,2.63,0.0103,0.0903,0.6685,-0.0055,0.032,-0.8266,39,random,,,,,,
201,1646592,6521,34,2214.1,2760.7,3.0,9.0,1.84,0.8571,0.8,0.8889,0.0,0.8571,,253.2,5.12,10.93,0.9068,11.87,0.3665,2.48,0.0092,0.0779,0.6411,-0.0078,0.0337,-0.8288,40,random,1013,200,0.475,0.42,0.53,1.7
202,1654848,6542,21,3.9,2157.8,3.8,7.4,2.79,0.8421,0.8333,0.8462,0.0,0.8421,,71.2,2.52,10.0,0.9218,10.32,0.3949,2.51,0.0073,0.0684,0.6791,-0.0045,0.0229,-0.8261,40,random,,,,,,
203,1663040,6575,33,15.1,2262.3,3.6,7.3,2.53,0.7619,0.625,0.8462,0.0,0.7619,,144.9,3.91,11.38,0.9465,11.8,0.3835,2.58,0.0092,0.0759,0.7509,-0.0058,0.0297,-0.8443,40,random,,,,,,
204,1671232,6613,38,26.0,2349.7,3.5,7.5,2.37,0.76,0.6471,1.0,0.0,0.76,,219.4,5.5,4.64,0.9678,12.22,0.3867,2.63,0.0067,0.065,0.7098,-0.0075,0.0357,-0.854,40,random,,,,,,
205,1679424,6639,26,36.8,2584.7,3.2,7.7,2.06,0.8333,0.8571,0.8,0.0,0.8333,,198.7,4.35,12.08,0.9936,12.62,0.3919,2.7,0.0088,0.0734,0.7504,-0.007,0.0268,-0.8862,40,random,,,,,,
206,1687616,6665,26,47.5,2884.9,2.8,7.6,1.72,0.4286,0.3,0.75,0.0714,0.4286,,281.3,5.96,-3.21,0.9932,13.06,0.3865,2.7,0.0086,0.0833,0.7095,-0.0074,0.0301,-0.8715,41,random,,,,,,
207,1695808,6689,24,58.1,2813.1,2.9,7.6,1.77,0.8,0.5,1.0,0.0,0.8,,333.2,6.42,11.1,0.9963,12.98,0.3886,2.71,0.0069,0.0608,0.8442,-0.0064,0.0215,-0.8772,41,random,,,,,,
208,1704000,6714,25,68.6,3026.3,2.7,7.6,1.58,1.0,1.0,1.0,0.0,1.0,,315.5,6.2,7.33,0.9962,12.69,0.3921,2.71,0.0095,0.0844,0.7425,-0.0073,0.0237,-0.8875,41,random,,,,,,
209,1712192,6749,35,79.3,2810.4,2.9,7.7,1.76,0.7857,0.75,0.8,0.0,0.7857,,272.0,5.34,12.36,0.9641,12.87,0.3774,2.62,0.0079,0.0826,0.7487,-0.0081,0.0299,-0.87,41,random,,,,,,
210,1720384,6787,38,90.2,2708.8,3.0,7.6,1.87,0.7059,0.8,0.6667,0.0,0.7059,,282.7,5.34,12.76,0.9242,11.81,0.3743,2.52,0.0084,0.0652,0.6759,-0.0077,0.0398,-0.8279,41,random,,,,,,
211,1728576,6805,18,100.9,2743.7,3.0,7.6,1.85,0.8571,0.6667,1.0,0.0,0.8571,,235.7,4.72,12.43,0.9374,12.62,0.3697,2.55,0.01,0.0798,0.737,-0.0068,0.0234,-0.823,42,random,,,,,,
212,1736768,6829,24,111.8,2567.0,3.2,7.7,2.01,0.7857,1.0,0.5,0.0,0.7857,,231.7,5.12,7.0,0.9489,12.57,0.3748,2.58,0.0102,0.0779,0.7233,-0.0082,0.0277,-0.8174,42,random,,,,,,
213,1744960,6862,33,122.8,2602.9,3.1,7.8,1.98,0.6667,0.5556,0.8333,0.0,0.6667,,331.9,6.58,2.53,0.9403,12.6,0.3711,2.56,0.0092,0.0912,0.7039,-0.0066,0.0299,-0.8318,42,random,,,,,,
214,1753152,6897,35,134.1,2444.1,3.4,7.7,2.19,0.8889,0.7143,1.0,0.0,0.8889,,312.7,6.51,13.83,0.942,12.88,0.3686,2.57,0.0113,0.0965,0.7854,-0.0057,0.0296,-0.8287,42,random,,,,,,
215,1761344,6933,36,145.3,2493.5,3.3,7.9,2.12,0.8333,0.7778,0.8889,0.0,0.8333,,277.7,5.56,8.78,0.8964,11.32,0.3694,2.45,0.01,0.0868,0.7823,-0.0098,0.0297,-0.7839,42,random,,,,,,
216,1769536,6965,32,156.6,2474.3,3.3,7.7,2.15,0.7,0.6667,0.7143,0.0,0.7,,183.8,4.25,7.15,0.8929,12.21,0.3569,2.44,0.0104,0.0799,0.7392,-0.0079,0.0384,-0.7811,43,random,,,,,,
217,1777728,6999,34,167.8,2450.9,3.3,7.6,2.2,0.8889,0.8571,0.9091,0.0,0.8889,,258.6,5.47,13.17,0.8575,12.38,0.3408,2.36,0.0108,0.088,0.7716,-0.0086,0.0323,-0.7798,43,random,,,,,,
218,1785920,7034,35,178.6,2717.4,3.0,8.7,1.88,0.8,0.7778,0.8333,0.0,0.8,,249.8,4.97,2.67,0.8973,12.4,0.3564,2.45,0.0109,0.0958,0.7494,-0.0094,0.0365,-0.7914,43,random,1014,200,0.52,0.39,0.65,1.8
219,1794112,7076,42,192.7,2339.5,3.5,7.9,2.25,0.8182,0.9,0.75,0.0,0.8182,,203.7,4.57,8.41,0.895,12.38,0.3557,2.45,0.01,0.074,0.7933,-0.0088,0.0368,-0.8068,43,random,,,,,,
220,1802304,7110,34,204.3,2293.1,3.6,7.9,2.41,0.7273,0.5,0.8571,0.0455,0.7273,,230.6,5.06,8.14,0.8643,12.79,0.3392,2.37,0.0078,0.0867,0.835,-0.0067,0.0299,-0.7878,43,random,,,,,,
221,1810496,7145,35,215.9,2301.3,3.6,7.6,2.32,0.65,0.5,0.75,0.0,0.65,,231.5,5.09,8.95,0.9004,13.45,0.3464,2.46,0.0097,0.0786,0.7633,-0.0069,0.0368,-0.7619,44,random,,,,,,
222,1818688,7177,32,226.8,2616.4,3.1,7.6,1.99,0.625,0.5556,0.7143,0.0,0.625,,251.4,5.34,8.06,0.8712,13.03,0.3394,2.39,0.0082,0.0804,0.764,-0.0079,0.036,-0.7594,44,random,,,,,,
223,1826880,7214,37,237.9,2437.0,3.4,7.8,2.22,0.7368,0.8,0.6667,0.0,0.7368,,240.2,5.03,8.74,0.8334,13.04,0.3246,2.3,0.0103,0.0784,0.8339,-0.0067,0.026,-0.7382,44,random,,,,,,
224,1835072,7245,31,249.2,2488.5,3.3,7.6,2.12,0.875,0.8571,0.8889,0.0,0.875,,226.5,5.0,12.25,0.8383,13.5,0.3221,2.31,0.0088,0.0794,0.8181,-0.0081,0.0268,-0.763,44,random,,,,,,
225,1843264,7282,37,260.3,2482.8,3.3,7.9,2.14,0.5556,0.5833,0.5,0.0,0.5556,,252.5,5.24,4.89,0.8535,12.8,0.3347,2.35,0.0103,0.0849,0.6958,-0.0095,0.0434,-0.7503,44,random,,,,,,
226,1851456,7315,33,271.6,2530.6,3.2,7.8,2.08,0.75,0.8571,0.6,0.0,0.75,,279.4,5.3,8.5,0.8269,12.49,0.3275,2.29,0.0086,0.0729,0.7653,-0.0076,0.0367,-0.738,45,random,,,,,,
227,1859648,7347,32,283.0,2379.0,3.4,7.9,2.26,0.5714,0.4444,0.8,0.0,0.5714,,211.8,4.5,3.71,0.8603,13.36,0.3319,2.36,0.0079,0.08,0.7933,-0.0061,0.0325,-0.7586,45,random,,,,,,
228,1867840,7379,32,294.7,2224.4,3.7,7.9,2.51,0.65,0.6667,0.6,0.0,0.65,,212.0,4.88,3.3,0.8603,13.6,0.3296,2.36,0.0088,0.0732,0.7373,-0.0072,0.0399,-0.7459,45,random,,,,,,
229,1876032,7416,37,306.5,2187.2,3.7,7.9,2.6,0.6087,0.5385,0.7,0.0,0.6087,,235.6,5.32,3.09,0.8297,13.44,0.3193,2.29,0.0105,0.0803,0.7346,-0.0089,0.0453,-0.7629,45,random,,,,,,
230,1884224,7451,35,318.2,2238.9,3.7,7.8,2.47,0.6471,0.5556,0.75,0.0,0.6471,,293.2,5.71,3.71,0.8347,13.31,0.3225,2.3,0.0108,0.0748,0.6929,-0.0066,0.0409,-0.7603,45,random,,,,,,
231,1892416,7489,38,330.3,1989.1,4.1,7.9,2.92,0.7308,0.5,0.9286,0.0,0.7308,,190.4,4.45,5.92,0.8448,13.29,0.3266,2.33,0.0102,0.0872,0.7412,-0.0051,0.0347,-0.7684,46,random,,,,,,
232,1900608,7535,46,341.9,2282.7,3.6,9.1,2.39,0.7,0.6875,0.7143,0.0,0.7,,200.8,4.63,2.4,0.8376,12.25,0.3343,2.31,0.0106,0.0843,0.6584,-0.0067,0.0433,-0.753,46,random,1015,200,0.555,0.42,0.69,1.4
233,1908800,7565,30,356.2,2289.6,3.6,7.7,2.43,0.8235,0.9,0.7143,0.0,0.8235,,231.4,5.1,7.35,0.8167,12.55,0.3228,2.26,0.0102,0.0853,0.783,-0.0068,0.0274,-0.7345,46,random,,,,,,
234,1916992,7600,35,367.3,2456.5,3.3,7.9,2.17,0.6957,0.7778,0.6429,0.0,0.6957,,233.1,5.31,5.78,0.8446,13.1,0.3283,2.33,0.01,0.0877,0.7028,-0.0058,0.0398,-0.7544,46,random,,,,,,
235,1925184,7627,27,378.4,2694.0,3.0,7.8,1.87,0.8667,0.7778,1.0,0.0,0.8667,,238.0,5.11,5.8,0.8937,14.1,0.3377,2.44,0.0123,0.0737,0.8022,-0.0059,0.024,-0.7589,46,random,,,,,,
236,1933376,7653,26,389.3,2895.5,2.8,8.0,1.72,0.6923,0.6667,0.7143,0.0,0.6923,,218.3,4.5,0.77,0.8017,13.01,0.3124,2.23,0.011,0.084,0.7311,-0.0088,0.0355,-0.7059,47,random,,,,,,
237,1941568,7691,38,400.3,2858.7,2.9,7.9,1.72,0.7333,0.5714,0.875,0.0,0.7333,,307.4,5.5,3.2,0.8132,13.39,0.3134,2.26,0.0095,0.0769,0.6113,-0.0069,0.0459,-0.7263,47,random,,,,,,
238,1949760,7718,27,411.6,2489.5,3.3,7.8,2.15,0.7692,0.875,0.6,0.0,0.7692,,254.4,4.89,4.54,0.8241,12.79,0.3233,2.28,0.0083,0.0729,0.6656,-0.0072,0.0284,-0.7339,47,random,,,,,,
239,1957952,7747,29,423.0,2411.9,3.4,8.0,2.28,0.7647,0.8,0.75,0.0,0.7647,,264.4,5.48,7.35,0.8349,13.87,0.3175,2.3,0.0116,0.0969,0.7134,-0.0039,0.0318,-0.7462,47,random,,,,,,
240,1966144,7779,32,434.5,2427.5,3.4,7.9,2.22,0.875,0.9,0.8333,0.0,0.875,,313.1,5.88,5.69,0.8627,14.12,0.3258,2.37,0.0105,0.0774,0.7539,-0.008,0.0284,-0.7557,47,random,,,,,,
241,1974336,7803,24,445.8,2546.9,3.2,8.0,2.09,0.8667,1.0,0.7778,0.0,0.8667,,278.6,5.92,11.6,0.8617,13.92,0.3273,2.37,0.0124,0.0942,0.8314,-0.0061,0.0196,-0.7591,48,random,,,,,,
242,1982528,7828,25,457.1,2599.5,3.2,8.1,2.04,0.625,0.6667,0.5714,0.0,0.625,,298.5,6.24,4.44,0.8997,13.41,0.3465,2.46,0.0087,0.069,0.7611,-0.008,0.0297,-0.7882,48,random,,,,,,
243,1990720,7856,28,468.3,2760.9,3.0,7.9,1.78,0.75,0.8571,0.6667,0.0,0.75,,269.4,5.25,9.94,0.8806,14.14,0.3325,2.41,0.0089,0.0826,0.7519,-0.0053,0.0272,-0.769,48,random,,,,,,
244,1998912,7872,16,479.1,3005.4,2.7,8.1,1.63,1.0,1.0,1.0,0.0,1.0,,259.6,4.88,9.56,0.8463,14.32,0.318,2.33,0.0089,0.0796,0.8207,-0.0087,0.0166,-0.7707,48,random,,,,,,
245,2007104,7902,30,490.3,2770.8,3.0,8.1,1.82,0.7,0.5714,1.0,0.0,0.7,,408.5,7.07,6.3,0.8259,13.93,0.3135,2.28,0.0105,0.0947,0.6836,-0.0082,0.0338,-0.7459,48,random,,,,,,
246,2015296,7929,27,501.6,2650.9,3.1,7.9,1.95,0.6667,0.7143,0.625,0.0,0.6667,,276.6,5.04,6.33,0.8143,13.67,0.3113,2.26,0.009,0.0814,0.7431,-0.0058,0.0279,-0.7198,49,random,,,,,,
247,2023488,7961,32,512.9,2556.9,3.2,8.1,2.12,1.0,1.0,1.0,0.0,1.0,,292.1,5.41,3.73,0.8402,13.47,0.3231,2.32,0.0089,0.0716,0.7784,-0.007,0.0276,-0.7737,49,random,,,,,,
248,2031680,7985,24,524.4,2483.8,3.3,8.0,2.18,1.0,1.0,1.0,0.0,1.0,,367.4,6.42,9.9,0.8597,13.91,0.3265,2.36,0.0077,0.0674,0.7444,-0.0078,0.0297,-0.7737,49,random,,,,,,
249,2039872,8016,31,535.7,2636.5,3.1,9.4,1.95,0.6,0.6154,0.5714,0.0,0.6,,269.3,6.1,7.4,0.8587,13.42,0.3307,2.36,0.0098,0.0789,0.7437,-0.0073,0.0276,-0.7682,49,random,1016,200,0.6025,0.505,0.7,2.8
250,2048064,8043,27,550.9,2882.6,2.8,7.8,1.68,0.7,0.5,0.8333,0.0,0.7,,301.0,5.15,9.1,0.8016,12.9,0.3135,2.23,0.0076,0.0694,0.6758,-0.0079,0.0266,-0.7276,49,random,,,,,,
251,2056256,8068,25,561.9,2757.2,3.0,8.0,1.85,0.6,0.6667,0.5,0.0,0.6,,264.6,5.6,4.2,0.8286,13.71,0.3165,2.29,0.0107,0.0851,0.6531,-0.009,0.0306,-0.7455,50,random,,,,,,
252,2064448,8111,43,573.1,2676.8,3.1,7.8,1.92,0.6111,0.5,0.75,0.0,0.6111,,278.3,5.0,1.72,0.8483,13.84,0.3228,2.34,0.0134,0.0938,0.5837,-0.0081,0.0469,-0.7538,50,random,,,,,,
253,2072640,8137,26,583.8,2980.9,2.7,7.7,1.66,0.5625,0.6667,0.5,0.0,0.5625,,283.3,5.08,2.12,0.8208,13.87,0.3121,2.27,0.0109,0.0823,0.6828,-0.005,0.0308,-0.7195,50,random,,,,,,
254,2080832,8160,23,594.7,2641.0,3.1,8.0,1.99,0.8571,0.8571,0.8571,0.0,0.8571,,259.7,5.43,4.86,0.7905,13.93,0.3001,2.2,0.012,0.0874,0.7283,-0.0067,0.0221,-0.7183,50,random,,,,,,
255,2089024,8186,26,606.0,2675.1,3.1,8.1,1.95,0.7273,0.625,1.0,0.0,0.7273,,293.2,5.23,5.18,0.8555,13.5,0.3287,2.35,0.0084,0.084,0.7283,-0.0063,0.0284,-0.7558,50,random,,,,,,
256,2097216,8220,34,617.6,2451.7,3.3,8.0,2.17,0.8333,0.7273,1.0,0.0,0.8333,,329.9,6.44,13.28,0.8624,13.37,0.3326,2.37,0.0071,0.069,0.7998,-0.0077,0.0226,-0.7749,51,random,,,,,,
257,2105408,8256,36,629.1,2465.5,3.3,7.8,2.18,0.8696,0.7692,1.0,0.0,0.8696,,241.4,4.78,5.91,0.8607,13.92,0.3268,2.36,0.0095,0.078,0.7191,-0.0076,0.0309,-0.7535,51,random,,,,,,
258,2113600,8280,24,640.2,2631.7,3.1,7.9,2.0,0.7273,0.6,0.8333,0.0,0.7273,,278.1,5.33,4.27,0.8138,13.51,0.3126,2.26,0.0095,0.0717,0.67,-0.0087,0.0327,-0.7417,51,random,,,,,,
259,2121792,8309,29,651.3,2657.9,3.1,7.9,1.94,0.9412,0.8889,1.0,0.0,0.9412,,268.7,5.72,9.41,0.8166,13.33,0.3153,2.26,0.0096,0.0883,0.7754,-0.0077,0.0242,-0.7471,51,random,,,,,,
260,2129984,8331,22,662.0,2983.2,2.7,8.0,1.67,0.8182,0.6,1.0,0.0,0.8182,,343.1,6.45,7.45,0.7869,13.14,0.3056,2.2,0.0082,0.0767,0.7323,-0.0059,0.023,-0.7126,51,random,,,,,,
261,2138176,8350,19,673.0,2860.7,2.9,8.0,1.75,0.8571,0.6667,1.0,0.0,0.8571,,265.4,4.84,12.14,0.8124,14.57,0.3033,2.25,0.0096,0.0807,0.8109,-0.0068,0.0167,-0.7075,52,random,,,,,,
262,2146368,8377,27,684.1,2789.3,2.9,8.0,1.81,0.7692,0.75,0.7778,0.0,0.7692,,341.7,6.26,6.15,0.785,14.9,0.2906,2.19,0.0089,0.0762,0.7277,-0.0077,0.0263,-0.7025,52,random,,,,,,
263,2154560,8407,30,695.3,2667.8,3.1,8.1,1.94,0.7692,0.625,1.0,0.0,0.7692,,320.1,5.73,4.15,0.7874,13.68,0.301,2.2,0.011,0.0862,0.7685,-0.0058,0.025,-0.6996,52,random,,,,,,
264,2162752,8438,31,706.5,2765.1,3.0,7.9,1.83,0.7647,0.7778,0.75,0.0,0.7647,,333.2,6.39,8.59,0.8051,14.15,0.3039,2.24,0.0094,0.0745,0.7056,-0.0076,0.0315,-0.7205,52,random,,,,,,
265,2170944,8468,30,717.5,2789.5,2.9,8.1,1.73,0.9091,0.75,1.0,0.0,0.9091,,313.0,5.43,8.64,0.7995,13.49,0.3073,2.22,0.0133,0.091,0.6564,-0.0053,0.0343,-0.7106,52,random,,,,,,
266,2179136,8490,22,728.8,2748.7,3.0,8.1,1.83,0.8333,0.6667,1.0,0.0,0.8333,,213.5,4.45,3.33,0.7952,13.5,0.3056,2.21,0.0166,0.0935,0.7598,-0.0046,0.0239,-0.702,53,random,,,,,,
267,2187328,8511,21,739.9,2894.5,2.8,10.0,1.74,0.75,0.3333,1.0,0.0,0.75,,326.9,5.67,4.88,0.8146,14.53,0.3044,2.26,0.009,0.076,0.8294,-0.0068,0.0209,-0.7078,53,random,1017,200,0.6225,0.625,0.62,3.1
268,2195520,8544,33,756.1,2697.0,3.0,8.1,1.91,0.7368,0.75,0.7273,0.0,0.7368,,280.1,5.64,2.47,0.8182,13.97,0.3103,2.27,0.0097,0.074,0.6775,-0.0078,0.0382,-0.7393,53,random,,,,,,
269,2203712,8578,34,767.8,2426.6,3.4,8.0,2.24,0.6923,0.6,0.75,0.0,0.6923,,315.1,5.32,1.31,0.8164,13.83,0.3108,2.26,0.0091,0.0764,0.6539,-0.0066,0.0367,-0.735,53,random,,,,,,
270,2211904,8603,25,779.2,2534.9,3.2,8.2,2.1,0.7333,0.75,0.7143,0.0,0.7333,,294.3,5.68,6.33,0.8218,13.56,0.3152,2.27,0.0081,0.0727,0.7933,-0.0069,0.0239,-0.7596,53,random,,,,,,
271,2220096,8629,26,790.8,2474.7,3.3,8.0,2.17,0.7692,0.75,0.7778,0.0,0.7692,,273.3,5.54,11.0,0.8692,14.6,0.3242,2.38,0.0103,0.085,0.8307,-0.0096,0.022,-0.7493,54,random,,,,,,
272,2228288,8665,36,802.1,2554.8,3.2,8.1,2.07,0.7,0.5833,0.875,0.0,0.7,,316.0,6.17,2.4,0.8528,14.2,0.3214,2.35,0.0102,0.0809,0.7926,-0.0073,0.0285,-0.7605,54,random,,,,,,
273,2236480,8697,32,813.4,2676.6,3.1,7.8,1.92,0.7059,0.8,0.5714,0.0,0.7059,,256.3,5.0,3.71,0.8193,13.34,0.3162,2.27,0.0103,0.0752,0.7066,-0.0057,0.03,-0.7381,54,random,,,,,,
274,2244672,8724,27,824.2,2891.7,2.8,8.0,1.7,0.6364,0.5556,1.0,0.0,0.6364,,236.6,4.56,1.64,0.838,13.82,0.3191,2.31,0.0111,0.0768,0.7211,-0.006,0.0279,-0.7417,54,random,,,,,,
275,2252864,8746,22,835.4,2725.2,3.0,7.9,1.84,0.6,0.5,1.0,0.0,0.6,,282.2,5.14,-5.8,0.8229,13.61,0.3152,2.28,0.0087,0.078,0.8245,-0.0053,0.0202,-0.7389,54,random,,,,,,
276,2261056,8770,24,846.3,2900.8,2.8,8.0,1.7,0.75,0.7143,0.8,0.0,0.75,,288.6,5.25,5.92,0.8156,14.12,0.3081,2.26,0.0091,0.0667,0.7744,-0.0069,0.0314,-0.7547,55,random,,,,,,
277,2269248,8800,30,857.5,2729.8,3.0,7.9,1.88,0.8182,0.7143,1.0,0.0,0.8182,,319.7,5.73,4.36,0.859,14.31,0.3228,2.36,0.0092,0.076,0.7011,-0.008,0.0333,-0.7552,55,random,,,,,,
278,2277440,8834,34,869.1,2274.7,3.6,7.8,2.39,0.7778,0.625,0.9,0.0,0.7778,,318.9,5.76,1.83,0.8729,13.5,0.3354,2.39,0.0105,0.0805,0.663,-0.0072,0.0362,-0.7615,55,random,,,,,,
279,2285632,8862,28,880.5,2378.8,3.4,7.9,2.27,0.8235,0.875,0.7778,0.0,0.8235,,285.6,5.79,2.65,0.8622,13.16,0.3346,2.37,0.0093,0.081,0.6986,-0.008,0.0302,-0.7561,55,random,,,,,,
280,2293824,8882,20,891.6,2718.9,3.0,8.1,1.9,0.6667,0.8333,0.5,0.0,0.6667,,265.6,5.3,0.75,0.8092,13.75,0.3087,2.25,0.0097,0.0775,0.7846,-0.0074,0.0228,-0.7326,55,random,,,,,,
281,2302016,8910,28,903.2,2454.5,3.3,8.1,2.19,0.8,0.6,0.9,0.0,0.8,,325.0,6.64,8.4,0.8317,13.67,0.318,2.3,0.0093,0.0777,0.8165,-0.0066,0.0223,-0.7339,56,random,,,,,,
282,2310208,8936,26,914.9,2389.6,3.4,8.1,2.31,0.6429,0.8,0.5556,0.0,0.6429,,331.6,6.27,3.71,0.7796,13.7,0.2978,2.18,0.0095,0.0757,0.7676,-0.0068,0.0266,-0.7077,56,random,,,,,,
283,2318400,8954,18,926.4,2537.6,3.2,8.0,2.13,0.7778,1.0,0.5,0.0,0.7778,,321.3,6.28,12.22,0.7711,13.79,0.2939,2.16,0.0089,0.0803,0.7928,-0.0068,0.0248,-0.698,56,random,,,,,,
284,2326592,8984,30,937.7,2618.8,3.1,7.9,1.97,0.7333,0.8571,0.625,0.0667,0.7333,,349.7,6.73,5.27,0.7933,13.47,0.3051,2.21,0.0092,0.077,0.8302,-0.0056,0.0211,-0.706,56,random,,,,,,
285,2334784,9015,31,948.8,2659.5,3.1,9.4,1.94,0.625,0.6,0.6667,0.0,0.625,,315.5,6.13,1.94,0.7781,14.13,0.2938,2.18,0.0116,0.0797,0.7648,-0.0077,0.0302,-0.695,56,random,1018,200,0.695,0.6,0.79,1.2
286,2342976,9040,25,962.5,2855.4,2.9,7.9,1.76,0.7273,0.5714,1.0,0.0,0.7273,,265.5,5.0,1.55,0.7587,12.8,0.2976,2.14,0.0116,0.078,0.81,-0.0072,0.0223,-0.6611,57,random,,,,,,
287,2351168,9055,15,973.4,2931.3,2.8,8.0,1.7,0.5,0.3333,0.5714,0.0,0.5,,314.7,6.47,4.0,0.7676,13.42,0.2956,2.15,0.0093,0.0623,0.819,-0.0072,0.0203,-0.6762,57,random,,,,,,
288,2359360,9079,24,984.4,2887.7,2.8,7.9,1.73,0.7778,0.8,0.75,0.0,0.7778,,373.5,6.75,9.44,0.7624,13.25,0.2951,2.14,0.01,0.0691,0.6666,-0.0067,0.035,-0.6887,57,random,,,,,,
289,2367552,9105,26,995.3,2801.6,2.9,8.0,1.8,0.7273,0.6,0.8333,0.0,0.7273,,370.3,6.69,11.55,0.7657,13.68,0.2927,2.15,0.0099,0.0769,0.75,-0.007,0.0287,-0.7151,57,random,,,,,,
290,2375744,9128,23,1006.5,2699.7,3.0,7.9,1.85,0.8,0.75,0.8333,0.0,0.8,,346.8,6.17,12.0,0.7931,13.3,0.3065,2.21,0.0098,0.0624,0.846,-0.0087,0.019,-0.7295,57,random,,,,,,
291,2383936,9155,27,1017.7,2594.8,3.2,7.8,2.02,0.6923,0.875,0.4,0.0,0.6923,,390.4,7.26,8.92,0.8058,14.08,0.3047,2.24,0.0108,0.0772,0.7917,-0.0067,0.0249,-0.7153,58,random,,,,,,
292,2392128,9183,28,1029.1,2397.1,3.4,8.0,2.28,0.6923,0.7143,0.6667,0.0,0.6923,,265.8,5.29,0.38,0.7701,13.25,0.298,2.16,0.0081,0.0727,0.7954,-0.008,0.026,-0.6905,58,random,,,,,,
293,2400320,9211,28,1040.5,2451.9,3.3,8.0,2.22,0.8,0.625,1.0,0.0,0.8,,339.8,6.64,3.2,0.7679,13.66,0.2937,2.16,0.0096,0.089,0.8073,-0.0074,0.0211,-0.722,58,random,,,,,,
294,2408512,9245,34,1052.1,2357.3,3.5,7.8,2.32,0.8182,0.7273,0.9091,0.0,0.8182,,256.2,5.62,3.55,0.7645,12.6,0.3017,2.15,0.01,0.0771,0.7227,-0.0074,0.0357,-0.6917,58,random,,,,,,
295,2416704,9267,22,1063.5,2429.3,3.4,8.0,2.27,0.8,0.5,1.0,0.0,0.8,,334.3,5.91,4.9,0.7761,13.7,0.2965,2.17,0.0087,0.0666,0.835,-0.0085,0.0193,-0.6613,58,random,,,,,,
296,2424896,9296,29,1074.9,2537.3,3.2,7.8,2.09,0.7647,0.75,0.7778,0.0,0.7647,,272.6,5.86,5.76,0.7537,13.23,0.2918,2.12,0.0092,0.0722,0.7467,-0.0064,0.0315,-0.679,59,random,,,,,,
297,2433088,9329,33,1085.9,2624.5,3.1,8.0,1.99,0.5238,0.5,0.5455,0.0,0.5238,,263.8,5.55,4.52,0.7781,13.03,0.3031,2.18,0.0085,0.0706,0.7308,-0.0073,0.0287,-0.704,59,random,,,,,,
298,2441280,9349,20,1097.0,2810.6,2.9,7.9,1.81,0.6667,0.6667,0.6667,0.0,0.6667,,338.2,5.55,8.17,0.8065,13.93,0.3062,2.24,0.0089,0.067,0.8541,-0.0074,0.021,-0.6643,59,random,,,,,,
299,2449472,9378,29,1108.0,2717.0,3.0,7.9,1.86,0.7143,0.6667,0.8,0.0,0.7143,,318.4,6.17,3.21,0.7505,13.79,0.286,2.12,0.011,0.0845,0.8643,-0.007,0.0205,-0.678,59,random,,,,,,
300,2457664,9404,26,1118.9,3007.8,2.7,7.9,1.61,0.8,0.8,0.8,0.0,0.8,,266.2,5.62,7.07,0.7367,13.54,0.2828,2.09,0.0105,0.0751,0.7723,-0.008,0.025,-0.6679,59,random,,,,,,
301,2465856,9427,23,1129.6,3080.8,2.7,8.0,1.57,0.75,0.6667,0.8,0.0,0.75,,329.6,5.65,3.12,0.7215,13.14,0.2801,2.06,0.0105,0.0874,0.8052,-0.0086,0.0239,-0.6334,60,random,,,,,,
302,2474048,9455,28,1140.3,3140.2,2.6,7.9,1.51,0.5,0.5714,0.3333,0.0,0.5,,302.4,5.32,-2.0,0.6875,13.07,0.2675,1.99,0.0102,0.0793,0.7388,-0.0084,0.0318,-0.6385,60,random,,,,,,
303,2482240,9484,29,1151.2,2909.3,2.8,8.0,1.7,0.8,1.0,0.7143,0.0,0.8,,329.8,5.76,6.8,0.7347,13.55,0.2819,2.08,0.0094,0.0877,0.7438,-0.0089,0.0326,-0.6524,60,random,,,,,,
304,2490432,9510,26,1162.3,2768.1,3.0,9.5,1.88,0.9167,0.875,1.0,0.0,0.9167,,285.9,5.38,3.08,0.7395,12.79,0.2902,2.09,0.0091,0.0776,0.8359,-0.0064,0.0227,-0.6574,60,random,1019,200,0.6275,0.48,0.775,1.4
305,2498624,9530,20,1176.3,2780.2,2.9,8.0,1.84,0.8,1.0,0.7143,0.0,0.8,,299.3,5.65,9.6,0.7205,13.09,0.2801,2.06,0.01,0.0891,0.8682,-0.0082,0.0195,-0.654,60,random,,,,,,
306,2506816,9560,30,1187.4,2729.3,3.0,7.9,1.87,0.6154,0.6667,0.5714,0.0,0.6154,,330.4,5.7,-0.85,0.7525,13.76,0.287,2.12,0.0095,0.0724,0.7689,-0.0077,0.0308,-0.651,61,random,,,,,,
307,2515008,9590,30,1198.6,2635.7,3.1,8.0,1.99,0.75,0.6667,0.8,0.0,0.75,,296.2,5.77,5.62,0.7067,12.6,0.2789,2.03,0.0087,0.066,0.7701,-0.0083,0.0304,-0.639,61,random,,,,,,
308,2523200,9619,29,1209.7,2728.1,3.0,7.9,1.84,1.0,1.0,1.0,0.0,1.0,,304.5,5.9,7.93,0.7291,13.87,0.2773,2.07,0.0073,0.0604,0.7211,-0.0082,0.0328,-0.65,61,random,,,,,,
309,2531392,9649,30,1220.7,2803.8,2.9,7.8,1.83,0.6667,0.7,0.5,0.0,0.6667,,301.7,5.5,2.5,0.6828,12.58,0.2697,1.98,0.0111,0.0755,0.7512,-0.0075,0.0338,-0.6192,61,random,,,,,,
310,2539584,9688,39,1232.2,2355.4,3.5,7.9,2.33,0.5333,0.25,0.6364,0.0,0.5333,,268.4,4.79,0.87,0.6917,12.65,0.2725,2.0,0.0117,0.0779,0.7029,-0.0065,0.0401,-0.6199,61,random,,,,,,
311,2547776,9719,31,1243.8,2303.0,3.6,7.8,2.45,0.55,0.5714,0.5385,0.0,0.55,,213.3,4.81,3.05,0.6813,12.59,0.269,1.98,0.0101,0.0753,0.7209,-0.0077,0.0303,-0.6148,62,random,,,,,,
312,2555968,9744,25,1254.8,2640.6,3.1,7.8,2.01,0.6471,0.75,0.5556,0.0,0.6471,,240.3,5.64,2.12,0.6953,13.14,0.2699,2.0,0.0092,0.0631,0.7963,-0.0072,0.0243,-0.617,62,random,,,,,,
313,2564160,9786,42,1266.0,2556.3,3.2,7.9,2.07,0.7308,0.9091,0.6,0.0,0.7308,,197.0,4.33,4.77,0.7108,12.68,0.2798,2.04,0.0086,0.0632,0.7424,-0.0074,0.0389,-0.6551,62,random,,,,,,
314,2572352,9810,24,1277.1,2717.7,3.0,7.7,1.93,0.9167,0.6667,1.0,0.0,0.9167,,286.0,5.29,13.08,0.7324,13.47,0.2816,2.08,0.0116,0.0924,0.8565,-0.0071,0.0202,-0.6432,62,random,,,,,,
315,2580544,9851,41,1288.1,2625.0,3.1,7.9,1.99,0.6316,0.7,0.5556,0.0,0.6316,,292.1,5.46,5.74,0.7181,12.42,0.285,2.05,0.008,0.0769,0.6765,-0.0063,0.0467,-0.6358,62,random,,,,,,
316,2588736,9876,25,1299.2,2722.7,3.0,7.9,1.93,0.8889,1.0,0.8,0.0,0.8889,,268.4,4.92,5.89,0.7091,12.86,0.2776,2.03,0.0108,0.0881,0.7647,-0.0055,0.026,-0.6384,63,random,,,,,,
317,2596928,9908,32,1310.8,2352.4,3.5,2.5,2.37,0.7222,0.6667,0.7778,0.0,0.7222,,250.6,4.91,2.83,0.7233,13.49,0.278,2.06,0.0191,0.0339,0.7892,-0.001,0.031,-0.6291,63,random,,,,,,
318,2605120,9941,33,1317.0,2343.3,3.5,7.8,2.32,0.5294,0.5,0.6667,0.0,0.5294,,264.6,5.52,-0.29,0.7343,13.2,0.2846,2.08,0.0107,0.076,0.7801,-0.0073,0.0342,-0.6585,63,random,,,,,,
319,2613312,9984,43,1328.4,2355.3,3.5,7.8,2.32,0.8846,0.9091,0.8667,0.0,0.8846,,235.3,4.98,9.15,0.7263,12.84,0.2845,2.07,0.0099,0.0638,0.7724,-0.0081,0.0318,-0.6585,63,random,,,,,,
320,2621504,10015,31,1339.8,2435.9,3.4,9.2,2.22,0.6111,0.6,0.625,0.0,0.6111,,208.8,4.32,3.56,0.7563,13.23,0.2928,2.13,0.0105,0.0638,0.7246,-0.0066,0.036,-0.6229,63,random,1020,200,0.6475,0.555,0.74,1.3
321,2629696,10045,30,1353.9,2384.2,3.4,8.0,2.28,0.6667,0.6667,0.6667,0.0,0.6667,,254.4,5.57,3.0,0.6831,13.04,0.266,1.98,0.0095,0.0728,0.7346,-0.0063,0.0347,-0.6289,64,random,,,,,,
322,2637888,10088,43,1365.3,2514.7,3.3,7.8,2.03,0.8095,0.9091,0.7,0.0,0.8095,,237.3,4.77,3.0,0.7057,12.81,0.2767,2.03,0.0084,0.0602,0.7264,-0.0065,0.0374,-0.6299,64,random,,,,,,
323,2646080,10110,22,1376.5,2528.7,3.2,7.9,2.09,0.8,0.7143,1.0,0.0,0.8,,292.2,5.41,0.8,0.6905,13.0,0.2692,1.99,0.0104,0.0647,0.795,-0.0065,0.0235,-0.6096,64,random,,,,,,
324,2654272,10135,25,1387.8,2588.7,3.2,8.0,2.05,0.3333,0.125,0.5714,0.0,0.3333,,261.2,5.4,0.47,0.7196,13.43,0.277,2.05,0.0131,0.0808,0.7615,-0.0053,0.0318,-0.6286,64,random,,,,,,
325,2662464,10164,29,1398.7,2950.0,2.8,8.2,1.69,0.5789,0.5833,0.5714,0.0,0.5789,,250.9,5.41,0.63,0.7329,13.75,0.2796,2.08,0.0115,0.0792,0.7628,-0.007,0.0289,-0.6572,64,random,,,,,,
326,2670656,10188,24,1409.6,3206.8,2.6,7.9,1.45,0.625,0.6,0.6667,0.0,0.625,,261.2,4.71,-2.5,0.7233,13.28,0.2796,2.06,0.0107,0.0736,0.755,-0.0076,0.0283,-0.6573,65,random,,,,,,
327,2678848,10208,20,1420.5,2902.3,2.8,8.0,1.72,1.0,1.0,1.0,0.0,1.0,,426.6,7.05,9.0,0.7769,14.2,0.2928,2.17,0.0107,0.0648,0.8356,-0.0078,0.0164,-0.6828,65,random,,,,,,
328,2687040,10234,26,1431.5,2837.8,2.9,8.0,1.77,0.8,1.0,0.6667,0.0,0.8,,359.6,6.5,6.8,0.7657,13.79,0.2918,2.15,0.0089,0.0714,0.8196,-0.0075,0.0234,-0.7061,65,random,,,,,,
329,2695232,10259,25,1442.5,2885.6,2.8,7.9,1.75,0.8333,0.6667,1.0,0.0,0.8333,,331.4,6.08,6.25,0.7516,13.63,0.2877,2.12,0.0078,0.0681,0.8123,-0.0066,0.0231,-0.6902,65,random,,,,,,
330,2703424,10283,24,1453.6,2653.4,3.1,8.1,1.92,0.6,0.5,0.75,0.0,0.6,,394.2,6.83,2.9,0.7684,13.56,0.2947,2.16,0.0153,0.0862,0.7698,-0.0065,0.0218,-0.6727,65,random,,,,,,
331,2711616,10307,24,1464.9,2758.3,3.0,8.2,1.84,0.5,0.4444,0.6667,0.0,0.5,,293.9,5.71,5.5,0.7964,13.84,0.3031,2.22,0.0117,0.08,0.7554,-0.0068,0.0262,-0.7079,66,random,,,,,,
332,2719808,10339,32,1476.4,2644.0,3.1,8.0,1.96,0.7143,0.25,0.9,0.0,0.7143,,317.7,6.06,7.5,0.7458,13.48,0.2867,2.11,0.0115,0.0835,0.7379,-0.0068,0.0286,-0.675,66,random,,,,,,
333,2728000,10361,22,1487.8,2552.2,3.2,8.0,2.1,0.6364,0.5,0.8,0.0,0.6364,,318.4,5.73,2.45,0.7232,13.43,0.2784,2.06,0.0134,0.0784,0.8,-0.0036,0.0199,-0.6317,66,random,,,,,,
334,2736192,10391,30,1499.2,2497.2,3.3,8.0,2.13,0.6667,0.75,0.6,0.0,0.6667,,297.7,5.83,1.11,0.7322,14.14,0.2764,2.08,0.0069,0.0612,0.7869,-0.0073,0.0261,-0.6301,66,random,,,,,,
335,2744384,10424,33,1510.5,2561.1,3.2,8.0,2.06,0.5909,0.4667,0.8571,0.0,0.5909,,263.5,5.45,-0.09,0.6997,13.73,0.2671,2.01,0.0099,0.07,0.7447,-0.006,0.0328,-0.6311,66,random,,,,,,
336,2752576,10443,19,1521.7,2778.0,2.9,8.2,1.84,0.625,0.6667,0.6,0.0,0.625,,291.0,5.11,2.25,0.6739,14.16,0.2543,1.96,0.0092,0.0726,0.7425,-0.0063,0.024,-0.6148,67,random,,,,,,
337,2760768,10463,20,1532.9,2857.2,2.9,7.9,1.69,0.7273,0.5714,1.0,0.0,0.7273,,357.4,6.6,-0.36,0.7072,13.8,0.2695,2.03,0.0096,0.0688,0.7215,-0.0077,0.0247,-0.651,67,random,,,,,,
338,2768960,10485,22,1543.7,3093.9,2.6,8.0,1.56,0.7778,1.0,0.6,0.0,0.7778,,367.1,6.41,8.11,0.7341,14.4,0.2753,2.08,0.0091,0.0705,0.7925,-0.008,0.0195,-0.6578,67,random,,,,,,
339,2777152,10504,19,1554.5,2977.3,2.8,9.1,1.66,0.375,0.25,0.5,0.0,0.375,,351.3,6.53,-9.25,0.7294,13.91,0.2771,2.07,0.0106,0.0709,0.8043,-0.0063,0.0191,-0.6429,67,random,1021,200,0.665,0.49,0.84,1.9
340,2785344,10535,31,1568.7,2712.5,3.0,7.9,1.89,0.7273,0.625,1.0,0.0,0.7273,,402.9,6.42,-3.45,0.7269,13.55,0.2789,2.07,0.0094,0.0823,0.732,-0.0056,0.0258,-0.6465,67,random,,,,,,
341,2793536,10570,35,1579.7,2754.5,3.0,8.0,1.84,0.5333,0.4286,0.625,0.0,0.5333,,304.9,5.31,3.6,0.7044,12.71,0.2771,2.02,0.0105,0.0759,0.6955,-0.0083,0.0315,-0.6551,68,random,,,,,,
342,2801728,10590,20,1590.8,2848.0,2.9,7.8,1.79,0.8182,1.0,0.7143,0.0,0.8182,,230.1,4.8,7.82,0.722,13.79,0.2751,2.06,0.01,0.079,0.8146,-0.0073,0.0214,-0.647,68,random,,,,,,
343,2809920,10613,23,1601.8,2643.2,3.1,7.8,1.96,0.3333,0.5,0.2,0.0,0.3333,,366.8,7.0,-1.22,0.7665,14.05,0.2901,2.15,0.0202,0.0959,0.7781,-0.0064,0.0224,-0.6705,68,random,,,,,,
344,2818112,10645,32,1612.7,2783.5,2.9,8.0,1.85,0.7692,0.8,0.6667,0.0,0.7692,,266.2,4.97,-1.08,0.7355,13.08,0.2861,2.09,0.0101,0.0771,0.681,-0.0073,0.0361,-0.6307,68,random,,,,,,
345,2826304,10675,30,1623.8,2808.9,2.9,7.9,1.81,0.7143,0.5,0.8,0.0,0.7143,,360.0,6.33,9.64,0.7035,12.71,0.2767,2.02,0.0148,0.0787,0.7873,-0.008,0.0274,-0.6293,68,random,,,,,,
346,2834496,10700,25,1635.0,2594.7,3.2,7.7,2.02,0.6923,0.5,0.7778,0.0,0.6923,,281.7,5.04,1.31,0.7188,13.2,0.2785,2.05,0.009,0.0698,0.8075,-0.0058,0.0244,-0.628,69,random,,,,,,
347,2842688,10724,24,1646.2,2495.4,3.3,7.8,2.17,0.6923,0.4,0.875,0.0,0.6923,,310.5,6.21,7.15,0.6986,14.16,0.2636,2.01,0.0093,0.0654,0.774,-0.0081,0.0266,-0.6342,69,random,,,,,,
348,2850880,10743,19,1657.3,2608.2,3.1,7.8,1.99,0.75,0.4,1.0,0.0,0.75,,251.4,5.16,0.92,0.7081,14.58,0.2643,2.03,0.0098,0.0711,0.855,-0.007,0.0171,-0.6491,69,random,,,,,,
349,2859072,10769,26,1668.2,2801.9,2.9,7.9,1.78,1.0,1.0,1.0,0.0,1.0,,363.8,6.54,3.82,0.6761,14.19,0.2549,1.97,0.0126,0.0794,0.762,-0.0062,0.028,-0.6131,69,random,,,,,,
350,2867264,10796,27,1679.3,2696.6,3.0,8.1,1.91,0.5455,0.3333,0.8,0.0909,0.5455,,426.4,7.15,-0.36,0.6929,14.27,0.2607,2.0,0.0114,0.0783,0.7403,-0.0062,0.0316,-0.6343,69,random,,,,,,
351,2875456,10818,22,1690.5,2774.1,3.0,7.8,1.85,0.5,0.5,0.5,0.0,0.5,,289.0,5.36,-0.33,0.7066,14.19,0.2664,2.03,0.012,0.0686,0.8048,-0.0069,0.0227,-0.6337,70,random,,,,,,
352,2883648,10848,30,1701.7,2567.4,3.2,7.8,2.02,0.7857,1.0,0.6667,0.0,0.7857,,278.4,5.33,7.29,0.7077,14.35,0.2656,2.03,0.01,0.0802,0.825,-0.0068,0.0253,-0.6346,70,random,,,,,,
353,2891840,10876,28,1712.8,2601.3,3.1,7.9,2.02,0.8462,0.9,0.6667,0.0,0.8462,,309.1,5.39,-1.46,0.7117,14.01,0.2696,2.04,0.0093,0.0573,0.822,-0.008,0.0276,-0.6345,70,random,,,,,,
354,2900032,10907,31,1724.1,2537.3,3.2,7.8,2.09,0.6316,0.6364,0.625,0.0,0.6316,,297.2,5.52,-0.05,0.6985,13.37,0.2694,2.01,0.0106,0.0685,0.7295,-0.0079,0.0336,-0.6321,70,random,,,,,,
355,2908224,10937,30,1735.1,2679.7,3.1,7.9,1.94,0.6875,0.625,0.75,0.0,0.6875,,296.8,5.5,0.94,0.685,12.79,0.2688,1.98,0.009,0.067,0.736,-0.0055,0.0319,-0.6232,70,random,,,,,,
356,2916416,10958,21,1746.3,2711.5,3.0,7.8,1.91,0.7,0.6667,0.75,0.0,0.7,,294.0,5.57,2.3,0.7176,13.98,0.2721,2.05,0.0112,0.0888,0.8633,-0.0061,0.0159,-0.6454,71,random,,,,,,
357,2924608,10977,19,1757.1,2866.6,2.9,7.9,1.73,0.625,0.0,0.8333,0.0,0.625,,353.3,6.53,2.12,0.694,13.86,0.2639,2.0,0.0099,0.069,0.8653,-0.0067,0.0166,-0.6225,71,random,,,,,,
358,2932800,10994,17,1768.1,2791.7,2.9,7.9,1.81,0.5,1.0,0.0,0.0,0.5,,414.9,7.06,-4.17,0.6832,13.05,0.2659,1.98,0.0095,0.0708,0.8542,-0.0071,0.0166,-0.6093,71,random,,,,,,
359,2940992,11025,31,1779.4,2518.9,3.3,9.5,2.12,0.8,0.7778,0.8333,0.0,0.8,,344.1,6.55,2.2,0.692,14.06,0.2618,2.0,0.0096,0.0651,0.7785,-0.0075,0.0295,-0.5993,71,random,1022,200,0.7175,0.525,0.91,1.0
360,2949184,11052,27,1793.1,2644.0,3.1,8.1,1.98,0.9286,0.875,1.0,0.0,0.9286,,305.9,5.85,-1.93,0.6564,14.0,0.2487,1.93,0.0101,0.0647,0.8486,-0.0059,0.0235,-0.5984,71,random,,,,,,
361,2957376,11082,30,1804.1,2920.6,2.8,7.7,1.67,0.8,0.7143,0.875,0.0,0.8,,339.6,6.17,3.13,0.6426,12.81,0.252,1.9,0.0085,0.0737,0.8513,-0.0069,0.0225,-0.5686,72,random,,,,,,
362,2965568,11098,16,1814.7,3066.6,2.7,7.9,1.59,1.0,,1.0,0.0,1.0,,343.2,5.5,10.0,0.6333,14.05,0.2396,1.88,0.0094,0.0741,0.8591,-0.0073,0.0192,-0.5795,72,random,,,,,,
363,2973760,11131,33,1825.9,2584.7,3.2,7.9,2.07,0.7857,0.7273,1.0,0.0,0.7857,,279.6,5.0,-1.14,0.6101,13.52,0.2342,1.84,0.0089,0.0792,0.8332,-0.0068,0.0276,-0.5605,72,random,,,,,,
364,2981952,11153,22,1837.2,2557.5,3.2,8.1,2.05,0.6923,0.625,0.8,0.0,0.6923,,268.0,5.23,3.69,0.6634,14.31,0.2493,1.94,0.0096,0.0691,0.8022,-0.008,0.0265,-0.5883,72,random,,,,,,
365,2990144,11186,33,1848.6,2624.1,3.1,7.9,1.99,0.95,0.8,1.0,0.0,0.95,,332.1,6.3,9.75,0.6423,14.36,0.241,1.9,0.0133,0.082,0.8147,-0.0062,0.0212,-0.5559,72,random,,,,,,
366,2998336,11206,20,1859.5,2925.2,2.8,8.1,1.7,0.7143,0.75,0.6667,0.0,0.7143,,287.2,6.1,4.93,0.5833,13.77,0.2224,1.79,0.0115,0.073,0.8667,-0.0061,0.0205,-0.5298,73,random,,,,,,
367,3006528,11233,27,1870.6,2888.3,2.8,7.9,1.69,0.7273,0.75,0.6667,0.0,0.7273,,352.9,6.04,0.91,0.6367,14.58,0.2376,1.89,0.0101,0.0747,0.8325,-0.006,0.0239,-0.5743,73,random,,,,,,
368,3014720,11249,16,1881.4,2940.1,2.8,8.0,1.68,0.8,0.5,1.0,0.0,0.8,,391.5,6.44,9.8,0.6642,14.62,0.2476,1.94,0.0128,0.0821,0.8683,-0.0079,0.0179,-0.5904,73,random,,,,,,
369,3022912,11276,27,1892.4,2977.5,2.8,7.8,1.56,0.5,0.4444,0.6667,0.0,0.5,,342.0,6.26,-1.92,0.6505,14.91,0.2407,1.92,0.0093,0.0731,0.7596,-0.0069,0.0289,-0.6002,73,random,,,,,,
370,3031104,11305,29,1903.4,2685.8,3.1,7.9,1.96,0.8182,0.8,0.8333,0.0,0.8182,,335.8,5.48,1.82,0.633,13.87,0.2407,1.88,0.0103,0.0776,0.8069,-0.0074,0.024,-0.5591,73,random,,,,,,
371,3039296,11331,26,1914.7,2470.6,3.3,7.9,2.2,0.8462,0.6,1.0,0.0,0.8462,,319.9,5.77,5.38,0.6132,14.03,0.2322,1.85,0.0081,0.0628,0.7901,-0.0057,0.0293,-0.5707,74,random,,,,,,
372,3047488,11363,32,1926.0,2543.0,3.2,7.9,2.06,0.9,0.8889,0.9091,0.0,0.9,,275.6,5.22,4.85,0.6534,15.31,0.2395,1.92,0.009,0.0677,0.8,-0.0068,0.0264,-0.5628,74,random,,,,,,
373,3055680,11383,20,1937.1,2659.8,3.1,7.9,1.98,0.625,0.5,0.6667,0.0,0.625,,326.9,5.8,4.38,0.6487,14.09,0.2452,1.91,0.0087,0.0718,0.7995,-0.0049,0.0254,-0.5732,74,random,,,,,,
374,3063872,11409,26,1948.3,2627.6,3.1,8.0,2.0,0.8462,0.7778,1.0,0.0,0.8462,,335.8,6.58,10.85,0.6003,13.64,0.2297,1.82,0.0082,0.0664,0.7966,-0.0077,0.0224,-0.5473,74,random,,,,,,
375,3072064,11430,21,1959.8,2514.4,3.3,8.0,2.16,0.7,0.6,0.8,0.0,0.7,,360.4,6.29,7.9,0.6417,14.98,0.2371,1.9,0.0131,0.0689,0.8778,-0.0081,0.0179,-0.5676,74,random,,,,,,
376,3080256,11451,21,1971.4,2419.2,3.4,8.1,2.27,0.75,0.8,0.7143,0.0,0.75,,300.2,6.1,5.75,0.6123,14.04,0.2317,1.84,0.0148,0.08,0.8193,-0.005,0.0256,-0.5544,75,random,,,,,,
377,3088448,11480,29,1982.8,2573.3,3.2,7.9,2.01,0.4667,0.3,0.8,0.0,0.4667,,373.2,7.07,4.13,0.5898,13.67,0.2255,1.8,0.0103,0.0739,0.7874,-0.0051,0.0295,-0.5158,75,random,,,,,,
378,3096640,11516,36,1994.0,2583.2,3.2,9.5,2.02,0.6,0.5556,0.6364,0.0,0.6,,299.6,5.81,4.9,0.6039,13.81,0.23,1.83,0.0092,0.0678,0.7733,-0.0044,0.029,-0.5231,75,random,1023,200,0.775,0.64,0.91,0.6
379,3104832,11543,27,2007.6,2537.5,3.2,7.9,2.09,0.75,0.625,0.8333,0.0,0.75,,219.0,4.59,-0.25,0.5856,13.98,0.222,1.8,0.0118,0.0622,0.7427,-0.0075,0.0297,-0.5153,75,random,,,,,,
380,3113024,11572,29,2018.7,2647.8,3.1,7.8,1.92,1.0,1.0,1.0,0.0,1.0,,256.6,4.9,4.88,0.5724,14.06,0.2166,1.77,0.01,0.0653,0.8396,-0.0061,0.0244,-0.5228,75,random,,,,,,
381,3121216,11597,25,2029.8,2594.6,3.2,7.9,2.01,0.6,0.625,0.5714,0.0,0.6,,250.6,5.04,-1.0,0.59,14.54,0.2204,1.8,0.0129,0.0825,0.8031,-0.0043,0.0285,-0.5173,76,random,,,,,,
382,3129408,11632,35,2041.1,2542.8,3.2,8.0,2.03,0.6667,0.6364,0.7143,0.0,0.6667,,325.4,5.8,5.22,0.5893,13.9,0.2239,1.8,0.0095,0.0672,0.7798,-0.0061,0.0344,-0.5217,76,random,,,,,,
383,3137600,11657,25,2052.5,2590.4,3.2,8.0,2.03,0.6667,0.75,0.625,0.0,0.6667,,328.9,5.8,6.42,0.544,13.5,0.209,1.72,0.0103,0.0721,0.7625,-0.0067,0.0261,-0.4861,76,random,,,,,,
384,3145792,11681,24,2064.0,2454.2,3.3,8.0,2.19,0.875,0.8889,0.8571,0.0,0.875,,293.2,5.92,7.75,0.5927,15.16,0.218,1.81,0.0115,0.0785,0.7885,-0.0062,0.0258,-0.5268,76,random,,,,,,
385,3153984,11707,26,2075.3,2570.9,3.2,8.1,2.05,0.7143,0.5556,1.0,0.0,0.7143,,313.0,6.15,4.29,0.6086,14.06,0.2302,1.84,0.0085,0.0671,0.8358,-0.0072,0.0239,-0.5589,76,random,,,,,,
386,3162176,11729,22,2086.7,2623.4,3.1,7.8,2.01,0.8182,0.6667,1.0,0.0,0.8182,,385.5,7.23,5.09,0.6101,13.93,0.2316,1.84,0.0077,0.0646,0.8312,-0.0066,0.0234,-0.5369,77,random,,,,,,
387,3170368,11760,31,2098.0,2470.8,3.3,8.0,2.18,0.7059,0.5,0.8889,0.0,0.7059,,291.7,5.71,4.29,0.5908,13.45,0.2273,1.81,0.0089,0.0587,0.8178,-0.0072,0.0276,-0.5285,77,random,,,,,,
388,3178560,11799,39,2109.2,2705.9,3.0,8.0,1.88,0.7143,0.5833,0.8889,0.0,0.7143,,285.9,5.18,0.52,0.5851,13.03,0.2279,1.8,0.0092,0.0701,0.7424,-0.0063,0.0368,-0.5207,77,random,,,,,,
389,3186752,11833,34,2120.4,2619.7,3.1,7.9,2.02,0.6667,0.5,0.8571,0.0,0.6667,,250.2,4.56,3.07,0.5853,13.09,0.2276,1.8,0.0098,0.0727,0.7767,-0.0076,0.0289,-0.5169,77,random,,,,,,
390,3194944,11857,24,2131.7,2568.3,3.2,8.2,2.02,0.8125,0.8182,0.8,0.0,0.8125,,206.4,4.54,-2.5,0.5899,14.3,0.2218,1.8,0.0107,0.081,0.7233,-0.0049,0.0339,-0.5201,77,random,,,,,,
391,3203136,11881,24,2143.1,2676.3,3.1,8.0,1.94,0.7333,0.5,1.0,0.0,0.7333,,243.9,5.08,-2.33,0.6051,13.57,0.232,1.83,0.0076,0.0617,0.8585,-0.007,0.0213,-0.5466,78,random,,,,,,
392,3211328,11900,19,2154.1,2881.5,2.8,8.2,1.75,0.7778,0.6667,1.0,0.0,0.7778,,381.7,6.74,5.22,0.5923,13.58,0.2271,1.81,0.0098,0.0728,0.8643,-0.0095,0.021,-0.5413,78,random,,,,,,
393,3219520,11924,24,2165.6,2627.3,3.1,8.0,1.95,0.9,0.75,1.0,0.0,0.9,,358.7,6.42,9.9,0.5865,14.32,0.2204,1.8,0.0113,0.0681,0.8531,-0.0077,0.0224,-0.5155,78,random,,,,,,
394,3227712,11946,22,2176.9,2580.6,3.2,7.9,2.06,0.75,0.6667,0.8,0.0,0.75,,405.5,7.0,12.5,0.5763,14.1,0.2177,1.78,0.0135,0.0764,0.8105,-0.0056,0.0252,-0.5363,78,random,,,,,,
395,3235904,11970,24,2188.1,2612.8,3.1,8.1,2.0,0.7692,0.8333,0.7143,0.0,0.7692,,373.8,7.04,11.92,0.5755,13.26,0.2227,1.78,0.0132,0.0735,0.8282,-0.0066,0.0247,-0.525,78,random,,,,,,
396,3244096,11997,27,2199.3,2708.0,3.0,8.1,1.85,0.6154,0.4,0.75,0.0,0.6154,,306.7,6.0,6.46,0.5709,13.79,0.2176,1.77,0.0109,0.0701,0.851,-0.0072,0.0232,-0.5142,79,random,,,,,,
397,3252288,12018,21,2210.5,2856.3,2.9,9.4,1.76,0.75,0.75,0.75,0.0,0.75,,256.4,5.14,5.17,0.5483,13.49,0.2107,1.73,0.0131,0.0729,0.8426,-0.0069,0.026,-0.4985,79,random,1024,200,0.7325,0.595,0.87,0.9
398,3260480,12048,30,2224.0,2789.4,2.9,7.9,1.78,0.7273,1.0,0.625,0.0,0.7273,,389.5,6.47,8.45,0.5736,14.12,0.2167,1.77,0.0095,0.0577,0.8431,-0.006,0.0235,-0.5049,79,random,,,,,,
399,3268672,12068,20,2235.0,2718.2,3.0,7.9,1.9,0.7778,0.8333,0.6667,0.0,0.7778,,330.1,6.0,3.56,0.5446,14.12,0.2057,1.72,0.0085,0.0579,0.7986,-0.0075,0.0227,-0.4931,79,random,,,,,,
400,3276864,12092,24,2246.3,2547.8,3.2,8.1,2.07,0.8182,0.6667,0.875,0.0,0.8182,,358.3,6.67,7.18,0.5487,13.36,0.2117,1.73,0.0106,0.0709,0.8677,-0.0075,0.0186,-0.4925,79,random,,,,,,
401,3285056,12117,25,2257.6,2682.2,3.1,7.8,1.9,0.6667,0.625,0.75,0.0,0.6667,,383.0,6.88,-3.17,0.5621,13.52,0.2159,1.75,0.0084,0.072,0.7583,-0.007,0.0322,-0.4958,80,random,,,,,,
402,3293248,12137,20,2268.4,2854.0,2.9,7.8,1.73,0.8182,0.7778,1.0,0.0,0.8182,,289.2,5.65,1.36,0.5968,14.35,0.2241,1.82,0.0104,0.0685,0.8791,-0.0073,0.0178,-0.5261,80,random,,,,,,
403,3301440,12163,26,2279.4,2703.2,3.0,8.1,1.87,0.6923,0.8571,0.5,0.0,0.6923,,362.5,6.42,4.31,0.5875,14.54,0.2194,1.8,0.0095,0.0671,0.858,-0.0079,0.0255,-0.5234,80,random,,,,,,
404,3309632,12183,20,2290.9,2482.7,3.3,8.0,2.16,1.0,1.0,1.0,0.0,1.0,,318.0,5.7,12.7,0.5993,14.87,0.222,1.82,0.0102,0.0771,0.9363,-0.0065,0.0118,-0.5615,80,random,,,,,,
405,3317824,12205,22,2302.2,2643.1,3.1,8.1,1.96,0.7692,0.625,1.0,0.0,0.7692,,344.0,6.59,1.46,0.6014,14.94,0.2224,1.82,0.0128,0.0763,0.881,-0.0049,0.0215,-0.5431,80,random,,,,,,
406,3326016,12228,23,2313.3,2826.2,2.9,8.1,1.78,0.7778,0.6,1.0,0.0,0.7778,,453.3,7.96,12.0,0.5763,14.94,0.2131,1.78,0.0078,0.0654,0.8433,-0.0078,0.0184,-0.5115,81,random,,,,,,
407,3334208,12248,20,2324.5,2780.3,2.9,8.0,1.84,0.5556,0.6667,0.3333,0.0,0.5556,,408.6,6.75,5.56,0.5725,14.17,0.2159,1.77,0.0093,0.074,0.7918,-0.0076,0.0264,-0.5388,81,random,,,,,,
408,3342400,12272,24,2335.8,2631.2,3.1,8.0,2.01,0.5,0.4,0.6,0.0,0.5,,367.6,6.46,6.7,0.589,14.56,0.2199,1.8,0.0089,0.0766,0.7576,-0.0074,0.0311,-0.5293,81,random,,,,,,
409,3350592,12293,21,2347.0,2633.8,3.1,7.8,1.98,0.8,0.8333,0.75,0.0,0.8,,358.2,6.71,15.5,0.5981,13.95,0.2269,1.82,0.0087,0.0685,0.868,-0.0078,0.0172,-0.5383,81,random,,,,,,
410,3358784,12315,22,2358.0,2798.0,2.9,8.2,1.8,0.8333,0.6667,0.8889,0.0,0.8333,,323.0,6.18,9.75,0.5549,14.17,0.2093,1.74,0.0124,0.0734,0.8121,-0.0061,0.0246,-0.5131,81,random,,,,,,
411,3366976,12341,26,2369.3,2703.7,3.0,7.9,1.9,0.5833,0.2,0.8571,0.0,0.5833,,380.3,6.42,8.33,0.5932,14.25,0.2233,1.81,0.0102,0.0713,0.8099,-0.007,0.0242,-0.5474,82,random,,,,,,
412,3375168,12363,22,2380.6,2600.6,3.2,7.9,2.04,0.9167,0.875,1.0,0.0,0.9167,,338.0,6.23,2.42,0.6034,15.2,0.2218,1.83,0.0078,0.0604,0.8384,-0.0072,0.0186,-0.5544,82,random,,,,,,
413,3383360,12389,26,2391.9,2522.4,3.2,7.9,2.13,0.6667,0.8182,0.25,0.0,0.6667,,306.9,6.19,8.47,0.6182,14.49,0.2312,1.86,0.0099,0.0748,0.8062,-0.0057,0.0226,-0.5535,82,random,,,,,,
414,3391552,12412,23,2402.9,2837.8,2.9,7.9,1.76,0.7857,0.625,1.0,0.0,0.7857,,321.9,6.17,3.64,0.5707,13.81,0.2174,1.77,0.0083,0.0727,0.8735,-0.0063,0.0181,-0.5222,82,random,,,,,,
415,3399744,12437,25,2413.9,2819.2,2.9,8.2,1.79,0.8,0.5,1.0,0.0,0.8,,454.2,7.44,6.9,0.5997,14.48,0.2244,1.82,0.01,0.0655,0.851,-0.0068,0.0241,-0.5277,82,random,,,,,,
416,3407936,12454,17,2425.4,2584.2,3.2,8.0,2.04,0.8,0.5,1.0,0.0,0.8,,313.8,5.94,12.7,0.6093,14.02,0.2308,1.84,0.0121,0.0689,0.8798,-0.0059,0.0174,-0.5421,83,random,,,,,,
417,3416128,12479,25,2436.7,2617.3,3.1,8.1,2.02,0.8333,0.6667,1.0,0.0,0.8333,,324.2,6.44,5.83,0.5933,14.24,0.2234,1.81,0.0077,0.067,0.8895,-0.0092,0.0164,-0.5547,83,random,,,,,,
418,3424320,12508,29,2448.0,2633.7,3.1,9.0,1.99,0.5455,0.3333,0.8,0.0,0.5455,,379.8,6.62,-0.73,0.6186,13.8,0.2357,1.86,0.0112,0.0712,0.8375,-0.0071,0.0248,-0.5387,83,random,1025,200,0.8,0.64,0.96,2.1
419,3432512,12530,22,2462.2,2790.7,2.9,7.8,1.82,0.7692,0.8,0.75,0.0,0.7692,,304.3,5.86,7.15,0.5877,13.75,0.2242,1.8,0.0088,0.0626,0.8369,-0.0075,0.0225,-0.5169,83,random,,,,,,
420,3440704,12557,27,2473.0,2855.2,2.9,8.0,1.76,0.3077,0.1429,0.5,0.0,0.3077,,338.3,6.44,-6.0,0.5977,14.16,0.2255,1.82,0.0134,0.0801,0.8419,-0.0069,0.0221,-0.5327,83,random,,,,,,
421,3448896,12576,19,2484.0,2864.6,2.9,7.7,1.75,0.5714,0.3333,0.75,0.0,0.5714,,346.6,6.16,-0.29,0.5696,14.06,0.2155,1.77,0.0071,0.0581,0.8324,-0.0076,0.0219,-0.5083,84,random,,,,,,
422,3457088,12599,23,2494.9,2720.2,3.0,7.9,1.89,0.6364,0.5,0.7143,0.0,0.6364,,309.9,5.83,-1.0,0.5924,14.21,0.2232,1.81,0.01,0.0639,0.8222,-0.0081,0.0277,-0.5437,84,random,,,,,,
423,3465280,12628,29,2506.1,2579.8,3.2,8.0,2.03,0.6154,0.5,0.8,0.0,0.6154,,354.6,6.34,-1.46,0.5949,13.32,0.2298,1.81,0.009,0.0604,0.7713,-0.0077,0.0334,-0.546,84,random,,,,,,
424,3473472,12656,28,2517.5,2501.4,3.3,7.9,2.14,0.6667,0.5,0.75,0.0,0.6667,,345.4,6.14,4.08,0.6158,14.13,0.2325,1.85,0.0097,0.0797,0.7932,-0.0084,0.0271,-0.5444,84,random,,,,,,
425,3481664,12681,25,2529.0,2356.4,3.5,8.0,2.34,0.8,0.7273,1.0,0.0,0.8,,289.2,6.0,8.67,0.5699,14.29,0.2143,1.77,0.0095,0.0747,0.7817,-0.0059,0.0251,-0.5092,84,random,,,,,,
426,3489856,12707,26,2540.3,2688.6,3.0,8.0,1.94,0.8125,0.8182,0.8,0.0,0.8125,,303.7,5.77,3.19,0.5931,14.32,0.2228,1.81,0.009,0.0796,0.7907,-0.0065,0.0257,-0.5216,85,random,,,,,,
427,3498048,12730,23,2551.3,2884.6,2.8,7.9,1.73,0.9091,1.0,0.8571,0.0,0.9091,,309.9,5.87,7.55,0.5868,13.82,0.2234,1.8,0.0091,0.075,0.815,-0.0079,0.0231,-0.5141,85,random,,,,,,
428,3506240,12757,27,2562.3,2801.3,2.9,8.0,1.8,0.7692,0.7143,0.8333,0.0,0.7692,,332.9,6.04,5.0,0.5779,14.09,0.2185,1.78,0.0095,0.079,0.8172,-0.0044,0.0253,-0.5083,85,random,,,,,,
429,3514432,12777,20,2573.3,2810.6,2.9,7.9,1.8,0.5556,0.5,0.6,0.0,0.5556,,335.7,6.05,2.0,0.5709,14.02,0.2162,1.77,0.0091,0.0727,0.7984,-0.0064,0.0243,-0.514,85,random,,,,,,
430,3522624,12817,40,2584.6,2552.1,3.2,7.8,2.06,0.8125,0.5714,1.0,0.0,0.8125,,355.9,6.17,-0.44,0.5659,12.99,0.2207,1.76,0.0141,0.0865,0.7609,-0.0065,0.0335,-0.4994,85,random,,,,,,
431,3530816,12836,19,2595.7,2612.4,3.1,7.8,2.04,0.9091,0.6667,1.0,0.0,0.9091,,265.7,5.37,6.82,0.5489,12.82,0.2152,1.73,0.0066,0.0595,0.8746,-0.0074,0.0186,-0.4754,86,random,,,,,,
432,3539008,12861,25,2606.6,2810.0,2.9,8.0,1.76,0.7692,0.8333,0.7143,0.0,0.7692,,289.2,5.8,6.38,0.5555,14.02,0.2104,1.74,0.0085,0.0678,0.8504,-0.0068,0.027,-0.4947,86,random,,,,,,
433,3547200,12891,30,2617.8,2659.1,3.1,7.9,1.96,0.7692,0.5714,1.0,0.0,0.7692,,338.9,6.33,6.54,0.5651,14.23,0.2128,1.76,0.0087,0.0658,0.8904,-0.0072,0.0163,-0.5,86,random,,,,,,
434,3555392,12908,17,2629.0,2553.4,3.2,7.8,2.09,0.625,0.5,1.0,0.0,0.625,,358.6,6.35,-4.0,0.5505,14.13,0.2078,1.73,0.0094,0.0706,0.8488,-0.0061,0.02,-0.511,86,random,,,,,,
435,3563584,12936,28,2640.1,2576.6,3.2,8.0,2.01,0.75,0.6667,0.8,0.0,0.75,,251.1,5.25,7.5,0.5442,14.29,0.2046,1.72,0.0091,0.0661,0.8419,-0.006,0.0274,-0.5202,86,random,,,,,,
436,3571776,12969,33,2651.6,2480.6,3.3,7.8,2.13,0.5333,0.4,0.8,0.0,0.5333,,353.9,6.27,3.73,0.5596,13.86,0.2129,1.75,0.0091,0.0676,0.8354,-0.0065,0.0262,-0.4833,87,random,,,,,,
437,3579968,12993,24,2663.0,2408.7,3.4,7.8,2.23,0.5,0.5,0.5,0.0,0.5,,310.6,5.88,3.58,0.517,13.97,0.1961,1.68,0.0083,0.0697,0.8065,-0.0075,0.0326,-0.4788,87,random,,,,,,
438,3588160,13021,28,2674.4,2373.6,3.5,9.3,2.28,0.6111,0.4,0.875,0.0,0.6111,,287.5,6.14,2.33,0.5026,13.72,0.1919,1.65,0.0098,0.0645,0.887,-0.0071,0.0217,-0.4612,87,random,1026,200,0.815,0.69,0.94,1.4
439,3596352,13049,28,2688.5,2540.9,3.2,7.9,2.09,0.5,0.3636,1.0,0.0,0.5,,325.9,6.14,4.86,0.541,13.03,0.2107,1.72,0.0112,0.0679,0.8411,-0.0079,0.0255,-0.4928,87,random,,,,,,
440,3604544,13083,34,2699.7,2614.3,3.1,7.8,2.0,0.7333,0.8333,0.6667,0.0,0.7333,,262.1,5.15,8.33,0.5312,12.88,0.2078,1.7,0.0092,0.0699,0.8659,-0.0073,0.0257,-0.4714,87,random,,,,,,
441,3612736,13113,30,2710.8,2661.5,3.1,8.0,1.91,0.9333,1.0,0.8571,0.0,0.9333,,248.5,5.13,2.13,0.5084,12.83,0.1992,1.66,0.0091,0.0626,0.8031,-0.0074,0.0319,-0.4604,88,random,,,,,,
442,3620928,13134,21,2722.0,2665.7,3.1,8.0,1.98,0.8333,1.0,0.75,0.0,0.8333,,294.9,5.0,4.0,0.5248,14.25,0.1976,1.69,0.014,0.087,0.7687,-0.0067,0.0264,-0.4837,88,random,,,,,,
443,3629120,13162,28,2733.8,2260.4,3.6,8.0,2.43,0.6842,0.5833,0.8571,0.0,0.6842,,272.1,5.61,-0.47,0.5863,14.77,0.2178,1.8,0.0096,0.0813,0.7725,-0.006,0.0282,-0.511,88,random,,,,,,
444,3637312,13189,27,2744.9,2701.7,3.0,7.9,1.89,0.6842,0.7778,0.6,0.0,0.6842,,292.2,6.19,1.16,0.5445,14.2,0.2052,1.72,0.0083,0.0698,0.7942,-0.0089,0.0272,-0.5137,88,random,,,,,,
445,3645504,13214,25,2756.1,2601.3,3.1,7.9,1.98,0.8889,0.75,1.0,0.0,0.8889,,348.1,6.24,5.56,0.5975,14.5,0.2235,1.82,0.0089,0.0762,0.8086,-0.0074,0.0266,-0.5146,88,random,,,,,,
446,3653696,13240,26,2767.4,2561.7,3.2,7.8,2.1,0.6667,0.5833,0.8333,0.0,0.6667,,244.5,5.27,4.83,0.5738,14.45,0.2149,1.78,0.0103,0.0715,0.8256,-0.0065,0.0246,-0.5057,89,random,,,,,,
447,3661888,13274,34,2778.6,2566.4,3.2,8.0,1.97,0.8667,0.8333,0.8889,0.0,0.8667,,339.3,5.88,9.27,0.5613,13.33,0.2167,1.75,0.0098,0.0702,0.7785,-0.008,0.034,-0.5042,89,random,,,,,,
448,3670080,13303,29,2790.0,2562.5,3.2,7.8,2.06,0.7368,0.625,0.8182,0.0,0.7368,,245.9,5.38,7.95,0.5685,13.47,0.2186,1.77,0.0107,0.0701,0.7842,-0.0069,0.0274,-0.5047,89,random,,,,,,
449,3678272,13329,26,2801.4,2369.7,3.5,7.9,2.34,0.8,0.75,1.0,0.0,0.8,,331.9,5.54,3.5,0.6048,14.23,0.2278,1.83,0.0107,0.0836,0.827,-0.0069,0.0201,-0.5156,89,random,,,,,,
450,3686464,13357,28,2812.7,2466.5,3.3,7.8,2.23,0.8235,0.7143,0.9,0.0,0.8235,,273.9,5.46,5.94,0.5797,14.4,0.2173,1.79,0.0122,0.0676,0.8219,-0.0072,0.0239,-0.529,89,random,,,,,,
451,3694656,13378,21,2823.9,2574.0,3.2,7.9,2.05,0.8333,0.8,0.8571,0.0,0.8333,,272.2,6.0,10.58,0.6308,14.25,0.2374,1.88,0.0096,0.0732,0.8613,-0.0086,0.0182,-0.5545,90,random,,,,,,
452,3702848,13412,34,2835.2,2504.6,3.3,8.0,2.1,0.7368,0.6154,1.0,0.0,0.7368,,345.7,6.59,4.58,0.6011,13.53,0.2308,1.82,0.0093,0.066,0.7836,-0.0095,0.0288,-0.5333,90,random,,,,,,
453,3711040,13446,34,2846.6,2565.4,3.2,7.9,2.06,0.7,0.5,0.8333,0.0,0.7,,229.5,4.62,3.15,0.5954,13.0,0.2321,1.81,0.0098,0.0824,0.814,-0.0056,0.0281,-0.5497,90,random,,,,,,
454,3719232,13472,26,2857.6,2797.8,2.9,8.0,1.81,0.6364,0.6,0.6667,0.0,0.6364,,301.2,5.46,4.36,0.6109,13.84,0.2325,1.84,0.0084,0.0688,0.8295,-0.0083,0.0279,-0.5607,90,random,,,,,,
455,3727424,13499,27,2868.8,2612.6,3.1,8.0,2.05,0.7273,0.6667,0.75,0.0,0.7273,,328.2,5.74,6.64,0.5896,13.45,0.2268,1.8,0.0088,0.0809,0.7878,-0.0067,0.0287,-0.5328,90,random,,,,,,
456,3735616,13527,28,2880.2,2620.6,3.1,9.4,1.98,0.8889,0.7143,1.0,0.0,0.8889,,266.9,5.61,7.83,0.6042,14.42,0.2264,1.83,0.0078,0.0797,0.8761,-0.0076,0.0176,-0.552,91,random,1027,200,0.8275,0.745,0.91,1.1
457,3743808,13552,25,2894.0,2636.4,3.1,7.9,1.98,0.7143,0.7143,0.7143,0.0,0.7143,,267.0,5.48,4.43,0.6317,14.01,0.2393,1.88,0.0105,0.0823,0.8644,-0.007,0.0243,-0.5541,91,random,,,,,,
458,3752000,13579,27,2904.8,2937.7,2.8,7.8,1.66,0.8667,0.9,0.8,0.0,0.8667,,287.3,5.67,6.13,0.5973,14.58,0.2229,1.82,0.0104,0.0715,0.7572,-0.0081,0.0337,-0.5457,91,random,,,,,,
459,3760192,13607,28,2915.5,3046.3,2.7,7.9,1.57,0.7,0.5,1.0,0.0,0.7,,373.0,6.29,3.3,0.6079,14.1,0.2297,1.84,0.0087,0.0678,0.8229,-0.0083,0.0257,-0.5519,91,random,,,,,,
460,3768384,13632,25,2926.3,3031.0,2.7,8.0,1.58,0.625,0.5,1.0,0.0,0.625,,322.6,5.36,-0.25,0.5914,14.56,0.2208,1.81,0.0094,0.0746,0.8297,-0.0078,0.0222,-0.5421,91,random,,,,,,
461,3776576,13658,26,2937.5,2695.8,3.0,8.0,1.89,0.8889,0.8333,1.0,0.0,0.8889,,287.0,5.12,11.56,0.5978,13.49,0.2298,1.82,0.0099,0.076,0.8741,-0.0071,0.0188,-0.5349,92,random,,,,,,
462,3784768,13687,29,2948.6,2813.3,2.9,7.9,1.79,0.7857,0.5714,1.0,0.0,0.7857,,300.7,5.76,3.43,0.5959,14.29,0.224,1.81,0.0128,0.0806,0.9035,-0.0076,0.0174,-0.5379,92,random,,,,,,
463,3792960,13709,22,2959.7,2702.6,3.0,8.0,1.91,0.8889,0.8333,1.0,0.0,0.8889,,310.1,5.45,5.44,0.5988,14.48,0.2241,1.82,0.0087,0.0692,0.8973,-0.0081,0.0166,-0.5458,92,random,,,,,,
464,3801152,13732,23,2970.8,2811.4,2.9,7.9,1.79,0.9,0.8,1.0,0.0,0.9,,388.8,7.04,11.1,0.6455,14.43,0.2418,1.91,0.01,0.0766,0.9137,-0.009,0.016,-0.5661,92,random,,,,,,
465,3809344,13764,32,2982.1,2553.3,3.2,8.1,2.07,0.625,0.6923,0.3333,0.0,0.625,,300.8,5.66,0.44,0.638,13.66,0.244,1.89,0.0125,0.084,0.8716,-0.0097,0.0245,-0.5728,92,random,,,,,,
466,3817536,13795,31,2993.6,2489.5,3.3,8.0,2.14,0.8235,0.8333,0.8182,0.0,0.8235,,278.8,5.55,10.41,0.6401,13.52,0.2458,1.9,0.0082,0.0725,0.8798,-0.0074,0.0222,-0.586,93,random,,,,,,
467,3825728,13820,25,3005.1,2424.6,3.4,8.0,2.25,0.6667,0.4,0.8,0.0667,0.6667,,313.0,6.0,9.13,0.6576,14.35,0.2469,1.93,0.0102,0.0825,0.8333,-0.0084,0.0237,-0.5926,93,random,,,,,,
468,3833920,13845,25,3016.4,2667.5,3.1,8.1,1.97,0.6,0.5455,0.75,0.0,0.6,,263.4,5.68,-0.67,0.6248,13.71,0.2387,1.87,0.0078,0.0598,0.867,-0.0085,0.0209,-0.5695,93,random,,,,,,
469,3842112,13871,26,3027.8,2625.4,3.1,8.1,1.96,0.7857,0.8,0.7778,0.0,0.7857,,302.0,6.0,8.0,0.6752,14.99,0.2494,1.96,0.0105,0.0922,0.8569,-0.0091,0.0256,-0.6224,93,random,,,,,,
470,3850304,13897,26,3039.2,2634.4,3.1,8.0,1.96,1.0,1.0,1.0,0.0,1.0,,389.5,6.54,10.89,0.639,14.2,0.2408,1.89,0.0099,0.0795,0.8701,-0.0084,0.0216,-0.6037,93,random,,,,,,
471,3858496,13924,27,3050.6,2553.1,3.2,8.1,2.08,0.7,0.6,0.8,0.0,0.7,,323.4,5.81,6.5,0.6138,14.03,0.2324,1.85,0.0112,0.0824,0.8593,-0.0087,0.0271,-0.5726,94,random,,,,,,
472,3866688,13951,27,3061.9,2637.2,3.1,8.1,1.96,0.5882,0.7273,0.3333,0.0,0.5882,,286.1,6.3,3.29,0.6264,14.52,0.2341,1.87,0.0126,0.0863,0.7916,-0.0078,0.0373,-0.5539,94,random,,,,,,
473,3874880,13966,15,3073.2,2701.1,3.0,7.7,1.9,0.2,0.0,0.3333,0.0,0.2,,344.7,5.87,-4.2,0.6334,14.25,0.2384,1.88,0.0109,0.0833,0.8747,-0.0066,0.0232,-0.5688,94,random,,,,,,
474,3883072,13997,31,3084.1,2668.2,3.1,7.9,1.92,0.7143,0.7143,0.7143,0.0714,0.7143,,342.6,6.48,12.79,0.6597,14.35,0.2477,1.93,0.0098,0.0734,0.8618,-0.0089,0.0264,-0.5984,94,random,,,,,,
475,3891264,14020,23,3095.3,2627.0,3.1,9.4,1.99,0.625,0.3333,0.8,0.0,0.625,,371.5,6.43,9.62,0.5951,13.68,0.2275,1.81,0.0109,0.0791,0.7851,-0.0092,0.032,-0.5367,94,random,1028,200,0.875,0.81,0.94,1.5
476,3899520,14040,20,4.2,2043.1,4.0,7.3,2.95,0.8947,1.0,0.8182,0.0,0.8947,,88.3,2.75,6.79,0.5111,11.07,0.2126,1.67,0.0064,0.0613,0.8168,-0.0057,0.0214,-0.4497,95,random,,,,,,
477,3907712,14063,23,15.4,2181.5,3.8,7.1,2.64,0.6316,0.1667,0.8462,0.0,0.6316,,166.4,4.43,5.63,0.5678,13.6,0.2176,1.76,0.0082,0.0693,0.8906,-0.0075,0.0173,-0.5179,95,random,,,,,,
478,3915904,14093,30,25.7,2691.3,3.0,7.5,1.92,0.5882,0.5,0.8,0.0,0.5882,,245.8,5.33,-2.35,0.5891,13.99,0.2233,1.8,0.0094,0.0695,0.8373,-0.0083,0.0238,-0.5345,95,random,,,,,,
479,3924096,14116,23,36.4,2739.8,3.0,7.6,1.87,0.7857,0.6667,0.875,0.0,0.7857,,237.7,4.91,6.79,0.6031,14.42,0.226,1.83,0.011,0.0719,0.8695,-0.0076,0.0186,-0.5505,95,random,,,,,,
480,3932288,14143,27,46.8,3030.7,2.7,7.7,1.58,0.625,0.25,1.0,0.0,0.625,,232.6,4.63,-1.0,0.6231,14.21,0.2347,1.86,0.0099,0.0732,0.7964,-0.0069,0.029,-0.5738,95,random,,,,,,
481,3940480,14166,23,57.5,2891.5,2.8,7.6,1.69,0.5714,0.5,0.6667,0.0,0.5714,,410.5,6.7,1.57,0.62,14.19,0.2338,1.86,0.0101,0.071,0.8492,-0.0087,0.0197,-0.5555,96,random,,,,,,
482,3948672,14196,30,68.2,2763.8,3.0,7.7,1.85,0.6154,0.5556,0.75,0.0,0.6154,,286.7,5.2,0.38,0.6306,14.01,0.2389,1.88,0.0109,0.0848,0.8705,-0.0043,0.0258,-0.57,96,random,,,,,,
483,3956864,14224,28,79.1,2747.1,3.0,7.4,1.83,0.7143,0.4286,1.0,0.0,0.7143,,310.8,5.68,-0.71,0.6488,14.16,0.2448,1.91,0.01,0.0734,0.8815,-0.0096,0.0232,-0.5945,96,random,,,,,,
484,3965056,14248,24,89.6,2737.1,3.0,8.0,1.84,0.7273,0.7143,0.75,0.0,0.7273,,384.7,6.71,10.73,0.6292,13.33,0.2429,1.88,0.0115,0.0858,0.8836,-0.0054,0.0215,-0.5686,96,random,,,,,,
485,3973248,14266,18,100.6,2903.6,2.8,8.3,1.66,1.0,1.0,1.0,0.0,1.0,,241.9,5.33,12.1,0.684,14.34,0.2568,1.98,0.0108,0.0775,0.8911,-0.0096,0.0148,-0.6002,96,random,,,,,,
486,3981440,14293,27,112.2,2611.8,3.1,8.2,1.95,1.0,1.0,1.0,0.0,1.0,,404.4,6.33,11.2,0.694,14.46,0.2598,2.0,0.0105,0.0697,0.8134,-0.0088,0.0266,-0.618,97,random,,,,,,
487,3989632,14314,21,123.7,2635.8,3.1,8.3,1.93,0.6154,0.5,0.6667,0.0,0.6154,,287.9,5.81,6.08,0.6876,14.75,0.2555,1.99,0.0153,0.0966,0.898,-0.009,0.0162,-0.6165,97,random,,,,,,
488,3997824,14343,29,135.3,2633.3,3.1,8.1,1.92,0.6364,0.5556,1.0,0.0,0.6364,,367.3,6.24,4.64,0.6837,13.94,0.2595,1.98,0.0113,0.0887,0.8284,-0.0085,0.03,-0.5935,97,random,,,,,,
489,4006016,14372,29,146.8,2464.9,3.3,8.4,2.09,0.75,0.75,0.75,0.0,0.75,,285.6,5.69,2.44,0.6719,14.31,0.2525,1.96,0.0083,0.0721,0.8195,-0.0081,0.0292,-0.6051,97,random,,,,,,
490,4014208,14396,24,158.8,2371.6,3.5,8.1,2.22,0.75,0.3333,0.8889,0.0,0.75,,308.8,5.54,10.42,0.6535,14.46,0.2446,1.92,0.0122,0.0865,0.787,-0.007,0.0264,-0.577,97,random,,,,,,
491,4022400,14414,18,170.3,2552.7,3.2,8.1,2.01,0.5833,0.75,0.5,0.0,0.5833,,271.2,6.0,7.08,0.6969,14.41,0.2612,2.01,0.0126,0.0885,0.8062,-0.0074,0.0232,-0.635,98,random,,,,,,
492,4030592,14443,29,181.6,2611.0,3.1,8.2,1.94,0.7857,0.5714,1.0,0.0,0.7857,,373.0,6.79,6.79,0.7491,15.08,0.2761,2.12,0.0131,0.0876,0.851,-0.0086,0.0209,-0.651,98,random,,,,,,
493,4038784,14466,23,193.2,2575.1,3.2,8.4,2.02,0.5833,0.25,0.75,0.0,0.5833,,387.0,7.0,6.25,0.695,14.54,0.2596,2.0,0.013,0.0904,0.8575,-0.0081,0.0207,-0.6107,98,random,,,,,,
494,4046976,14501,35,205.4,2235.9,3.7,9.6,2.45,0.6154,0.5714,0.6667,0.0,0.6154,,305.8,5.37,4.15,0.6457,14.1,0.244,1.91,0.0121,0.088,0.7561,-0.0071,0.0345,-0.581,98,random,1029,200,0.895,0.85,0.94,0.5
495,4055168,14541,40,219.6,2121.3,3.9,8.3,2.61,0.7273,0.7143,0.7333,0.0,0.7273,,240.3,4.75,8.27,0.6907,14.33,0.2594,2.0,0.0106,0.0745,0.7171,-0.0094,0.0364,-0.598,98,random,,,,,,
496,4063360,14564,23,231.9,2097.0,3.9,8.0,2.67,0.75,0.75,0.75,0.0625,0.75,,272.8,6.04,6.81,0.6818,14.79,0.2531,1.98,0.0101,0.0797,0.7919,-0.0074,0.0219,-0.6056,99,random,,,,,,
497,4071552,14595,31,244.1,2035.5,4.0,8.3,2.76,0.5,0.5556,0.4444,0.0556,0.5,,260.3,5.48,1.61,0.706,15.16,0.2597,2.03,0.0119,0.0802,0.7765,-0.0077,0.029,-0.6067,99,random,,,,,,
498,4079744,14625,30,256.1,2306.0,3.6,8.3,2.36,0.7778,0.625,0.9,0.0,0.7778,,266.8,5.5,5.89,0.6183,13.97,0.2345,1.86,0.0101,0.069,0.8035,-0.0071,0.0265,-0.5651,99,random,,,,,,
499,4087936,14653,28,267.8,2548.1,3.2,8.2,2.02,0.5714,0.5,0.6667,0.0,0.5714,,286.5,5.46,7.43,0.6039,13.31,0.2333,1.83,0.01,0.0818,0.7867,-0.0059,0.0304,-0.5661,99,random,,,,,,
500,4096128,14676,23,279.2,2614.9,3.1,8.3,1.95,0.6667,0.75,0.625,0.0,0.6667,,268.7,5.7,5.67,0.6512,15.2,0.2393,1.92,0.01,0.0861,0.8365,-0.0052,0.024,-0.5748,99,random,,,,,,
501,4104320,14709,33,291.1,2418.7,3.4,8.3,2.18,0.5333,0.3,1.0,0.0,0.5333,,313.7,5.52,1.4,0.6385,14.28,0.2401,1.89,0.0093,0.0737,0.8295,-0.0071,0.024,-0.5754,100,random,,,,,,
502,4112512,14738,29,303.1,2371.6,3.5,8.4,2.24,0.5714,0.5,0.75,0.0,0.5714,,227.1,4.52,3.71,0.6765,14.4,0.2536,1.97,0.0097,0.0768,0.8063,-0.0085,0.0289,-0.6038,100,random,,,,,,
503,4120704,14762,24,315.2,2357.6,3.5,8.0,2.29,0.3333,0.3333,0.3333,0.0,0.3333,,347.8,6.29,-3.0,0.6495,14.58,0.2424,1.91,0.0108,0.089,0.7958,-0.0087,0.03,-0.5705,100,random,,,,,,
504,4128896,14796,34,327.1,2160.5,3.8,8.0,2.55,0.7647,0.5714,0.9,0.0,0.7647,,294.1,5.74,8.06,0.6638,14.44,0.2486,1.94,0.0143,0.0937,0.8328,-0.0089,0.03,-0.6219,100,random,,,,,,
505,4137088,14822,26,339.0,2248.3,3.6,8.1,2.49,0.6875,0.5,0.8,0.0,0.6875,,286.7,6.15,10.12,0.6596,14.38,0.2475,1.93,0.0098,0.0784,0.8471,-0.009,0.0252,-0.5994,100,random,,,,,,
506,4145280,14851,29,350.6,2485.2,3.3,8.3,2.13,0.5789,0.6667,0.5,0.0,0.5789,,274.9,5.86,3.63,0.703,15.11,0.2589,2.02,0.0109,0.0791,0.8516,-0.0087,0.0245,-0.6542,101,random,,,,,,
507,4153472,14871,20,362.3,2492.5,3.3,8.1,2.09,0.5,0.3333,0.75,0.0,0.5,,330.4,6.4,-2.0,0.7347,15.2,0.27,2.08,0.0109,0.0753,0.9026,-0.0104,0.0146,-0.6295,101,random,,,,,,
508,4161664,14900,29,374.0,2328.0,3.5,8.2,2.36,0.5333,0.6,0.4,0.0,0.5333,,299.1,5.48,3.13,0.7363,14.66,0.2742,2.09,0.0118,0.0761,0.8409,-0.0082,0.0316,-0.6392,101,random,,,,,,
509,4169856,14937,37,386.2,2125.4,3.9,8.2,2.64,0.7619,0.6667,0.8333,0.0,0.7619,,300.8,5.78,7.76,0.6727,14.04,0.2547,1.96,0.0109,0.0854,0.824,-0.008,0.0303,-0.6061,101,random,,,,,,
510,4178048,14962,25,398.3,2165.3,3.8,8.1,2.61,0.4706,0.4,1.0,0.0,0.4706,,257.5,5.64,-4.65,0.6432,14.55,0.2402,1.9,0.0121,0.0789,0.8385,-0.0079,0.0239,-0.6012,101,random,,,,,,
511,4186240,14982,20,410.4,2154.9,3.8,8.2,2.64,0.75,0.5,1.0,0.0,0.75,,280.3,5.7,6.83,0.7097,15.25,0.2605,2.03,0.0107,0.0808,0.8729,-0.0093,0.0196,-0.6324,102,random,,,,,,
512,4194432,15018,36,422.6,2185.8,3.7,9.6,2.58,0.8636,0.6,0.9412,0.0,0.8636,,328.7,6.53,7.55,0.6593,13.7,0.2519,1.93,0.0092,0.0778,0.8241,-0.0083,0.0263,-0.596,102,random,1030,200,0.9175,0.89,0.945,1.4
513,4202624,15046,28,437.1,2424.0,3.4,8.0,2.19,0.7778,0.5556,1.0,0.0,0.7778,,275.0,5.57,3.89,0.6782,15.24,0.249,1.97,0.0098,0.0904,0.8591,-0.0065,0.0238,-0.601,102,random,,,,,,
514,4210816,15068,22,448.5,2547.4,3.2,8.2,2.07,0.6429,0.4286,0.8571,0.0,0.6429,,294.9,6.0,2.43,0.7435,15.38,0.272,2.1,0.0103,0.0824,0.9081,-0.0081,0.0182,-0.6398,102,random,,,,,,
515,4219008,15087,19,459.9,2711.9,3.0,8.3,1.86,0.4444,0.4286,0.5,0.0,0.4444,,376.0,7.0,-0.22,0.6898,15.4,0.2523,1.99,0.0107,0.0829,0.9106,-0.0097,0.0178,-0.6169,102,random,,,,,,
516,4227200,15113,26,471.5,2553.9,3.2,8.1,2.06,0.6,0.4,0.8,0.0,0.6,,339.2,6.12,6.8,0.6949,16.08,0.2502,2.0,0.0125,0.0842,0.8943,-0.0084,0.0193,-0.6306,103,random,,,,,,
517,4235392,15145,32,483.2,2351.8,3.5,8.1,2.3,0.9375,0.9091,1.0,0.0,0.9375,,319.2,5.81,7.81,0.6727,15.78,0.2439,1.96,0.01,0.0681,0.8352,-0.0088,0.0307,-0.6024,103,random,,,,,,
518,4243584,15179,34,495.0,2298.4,3.6,8.1,2.34,0.7391,0.625,0.8,0.0,0.7391,,243.6,5.12,6.57,0.6699,14.56,0.2501,1.95,0.01,0.0736,0.8484,-0.0081,0.0297,-0.5973,103,random,,,,,,
519,4251776,15202,23,506.5,2612.4,3.1,8.2,1.96,0.7,0.5,0.8333,0.0,0.7,,309.9,5.48,3.2,0.6937,15.25,0.2546,2.0,0.0106,0.0832,0.8675,-0.0092,0.0265,-0.6283,103,random,,,,,,
520,4259968,15233,31,518.0,2535.9,3.2,8.2,2.06,0.5625,0.4444,0.7143,0.0,0.5625,,310.9,5.97,3.31,0.6501,14.56,0.2427,1.92,0.0111,0.0963,0.8549,-0.0075,0.022,-0.582,103,random,,,,,,
521,4268160,15248,15,529.3,2882.6,2.8,8.2,1.74,0.7778,0.5,0.8571,0.0,0.7778,,319.1,6.27,11.33,0.6921,15.2,0.2543,2.0,0.0106,0.0824,0.9272,-0.0092,0.0126,-0.6049,104,random,,,,,,
522,4276352,15269,21,540.6,2790.4,2.9,8.3,1.77,1.0,1.0,1.0,0.0,1.0,,344.9,6.1,11.22,0.731,16.41,0.2612,2.08,0.0123,0.0852,0.9095,-0.0069,0.0168,-0.621,104,random,,,,,,
523,4284544,15290,21,552.3,2561.1,3.2,8.2,2.02,0.8889,0.8571,1.0,0.0,0.8889,,358.9,6.19,6.89,0.6973,16.55,0.2485,2.01,0.0106,0.0767,0.8816,-0.008,0.0218,-0.6222,104,random,,,,,,
524,4292736,15318,28,564.2,2292.4,3.6,8.2,2.4,0.7273,0.4,1.0,0.0,0.7273,,382.9,6.43,8.18,0.6504,15.95,0.2349,1.92,0.0119,0.0829,0.8617,-0.0092,0.0237,-0.5923,104,random,,,,,,
525,4300928,15346,28,576.0,2390.8,3.4,8.3,2.26,0.8,0.7143,0.875,0.0,0.8,,276.4,5.18,5.07,0.6567,15.73,0.2383,1.93,0.0207,0.0927,0.8433,-0.0053,0.0268,-0.5909,104,random,,,,,,
526,4309120,15375,29,587.9,2382.2,3.4,8.0,2.23,0.75,0.6364,0.8889,0.0,0.75,,331.6,6.52,5.65,0.6572,15.32,0.2408,1.93,0.0108,0.0851,0.855,-0.0078,0.0251,-0.6196,105,random,,,,,,
527,4317312,15394,19,599.5,2382.0,3.4,8.3,2.3,0.625,0.5,0.75,0.0,0.625,,353.1,6.11,7.75,0.6504,15.23,0.2388,1.92,0.0129,0.0872,0.8731,-0.0085,0.0196,-0.5852,105,random,,,,,,
528,4325504,15420,26,611.3,2400.7,3.4,8.2,2.25,0.8,0.8,0.8,0.0,0.8,,343.0,6.38,9.13,0.6666,15.67,0.2423,1.95,0.0135,0.0854,0.8544,-0.0082,0.0218,-0.5947,105,random,,,,,,
529,4333696,15443,23,623.0,2508.9,3.3,8.2,2.14,0.75,0.8,0.6667,0.0,0.75,,261.3,5.7,10.0,0.7017,16.34,0.2512,2.02,0.0121,0.0911,0.8868,-0.0083,0.0196,-0.6307,105,random,,,,,,
530,4341888,15466,23,634.3,2757.8,3.0,8.1,1.84,0.6364,0.8,0.5,0.0,0.6364,,368.6,6.61,15.36,0.6711,15.75,0.2434,1.96,0.0118,0.0862,0.847,-0.0097,0.0252,-0.6174,105,random,,,,,,
531,4350080,15493,27,645.6,2592.7,3.2,7.9,2.0,0.6364,0.5,1.0,0.0,0.6364,,379.9,6.41,0.09,0.6624,14.8,0.2458,1.94,0.0105,0.0878,0.8352,-0.007,0.0269,-0.6019,106,random,,,,,,
532,4358272,15519,26,657.0,2497.2,3.3,9.5,2.11,0.8667,0.8571,0.875,0.0,0.8667,,301.1,5.62,4.13,0.6563,15.43,0.2398,1.93,0.0103,0.0907,0.8209,-0.0074,0.0254,-0.6017,106,random,1031,200,0.89,0.9,0.88,1.0
533,4366464,15542,23,671.2,2347.3,3.5,8.1,2.24,0.7,0.4,1.0,0.0,0.7,,287.8,5.26,9.5,0.6519,14.63,0.2429,1.92,0.0138,0.0984,0.8685,-0.0078,0.0198,-0.6189,106,random,,,,,,
534,4374656,15570,28,682.9,2371.4,3.5,8.2,2.29,1.0,1.0,1.0,0.0,1.0,,401.5,6.82,7.77,0.6474,15.99,0.2336,1.91,0.0126,0.07,0.8607,-0.0085,0.0203,-0.5839,106,random,,,,,,
535,4382848,15591,21,694.6,2452.4,3.3,8.4,2.17,0.8333,0.7778,1.0,0.0,0.8333,,346.5,6.81,10.5,0.6336,15.46,0.2314,1.88,0.0113,0.0819,0.8788,-0.0097,0.0172,-0.5947,106,random,,,,,,
536,4391040,15609,18,706.0,2779.0,2.9,8.0,1.81,0.9286,1.0,0.9,0.0,0.9286,,264.0,6.0,9.71,0.621,15.16,0.2284,1.86,0.0085,0.0696,0.907,-0.0074,0.0146,-0.6,107,random,,,,,,
537,4399232,15634,25,717.3,2625.1,3.1,8.2,1.9,0.6667,0.625,0.75,0.0,0.6667,,365.2,6.64,7.58,0.6775,15.32,0.2482,1.97,0.0079,0.0742,0.8634,-0.0088,0.0217,-0.6193,107,random,,,,,,
538,4407424,15662,28,728.7,2733.9,3.0,8.1,1.81,0.7,0.6667,0.75,0.0,0.7,,344.0,5.46,4.4,0.6859,16.19,0.2463,1.99,0.0159,0.094,0.8575,-0.009,0.0257,-0.6058,107,random,,,,,,
539,4415616,15689,27,740.2,2565.7,3.2,8.4,2.04,0.7273,0.6667,0.8,0.0,0.7273,,383.0,6.37,10.45,0.6374,15.17,0.2344,1.89,0.0125,0.0834,0.8223,-0.0091,0.0274,-0.5649,107,random,,,,,,
540,4423808,15711,22,752.1,2441.1,3.4,8.3,2.21,1.0,1.0,1.0,0.0,1.0,,316.5,5.77,13.0,0.6383,15.46,0.2331,1.89,0.0137,0.0835,0.8844,-0.0057,0.0189,-0.5761,107,random,,,,,,
541,4432000,15736,25,764.1,2316.9,3.5,8.3,2.33,0.5714,0.5,1.0,0.0,0.5714,,331.6,6.32,-1.43,0.6459,14.9,0.2391,1.91,0.0131,0.0802,0.8296,-0.0073,0.0243,-0.5923,108,random,,,,,,
542,4440192,15763,27,775.9,2516.1,3.3,8.1,2.11,0.7778,0.5,0.9167,0.0,0.7778,,316.2,6.37,6.22,0.6533,15.07,0.2408,1.92,0.01,0.0779,0.8455,-0.0074,0.0202,-0.5719,108,random,,,,,,
543,4448384,15787,24,787.3,2555.5,3.2,8.3,2.03,0.5556,1.0,0.4286,0.0,0.5556,,362.1,6.62,13.44,0.6005,14.79,0.2229,1.82,0.011,0.0875,0.759,-0.0058,0.0324,-0.57,108,random,,,,,,
544,4456576,15815,28,799.2,2399.4,3.4,8.2,2.27,0.5833,0.3333,0.8333,0.0,0.5833,,311.5,5.64,8.25,0.5821,14.26,0.219,1.79,0.0104,0.0691,0.6945,-0.0099,0.0272,-0.5525,108,random,,,,,,
545,4464768,15838,23,810.8,2544.7,3.2,8.1,2.08,0.75,1.0,0.5,0.0,0.75,,270.2,5.04,7.67,0.6115,14.9,0.2264,1.84,0.0103,0.0714,0.781,-0.0077,0.0218,-0.5502,108,random,,,,,,
546,4472960,15864,26,822.3,2497.1,3.3,7.8,2.15,0.6154,0.8333,0.4286,0.0,0.6154,,365.6,6.73,5.85,0.6218,14.7,0.2313,1.86,0.0114,0.0858,0.8097,-0.0086,0.0237,-0.5663,109,random,,,,,,
547,4481152,15888,24,833.7,2419.3,3.4,8.1,2.22,0.7143,0.5,1.0,0.0,0.7143,,294.4,5.71,9.64,0.6007,14.96,0.222,1.82,0.0094,0.0753,0.8513,-0.0094,0.0175,-0.5463,109,random,,,,,,
548,4489344,15913,25,845.1,2527.3,3.2,8.0,2.06,0.8182,0.6667,1.0,0.0,0.8182,,363.8,6.32,8.55,0.6138,15.16,0.2258,1.85,0.0122,0.0855,0.8241,-0.0084,0.0236,-0.5748,109,random,,,,,,
549,4497536,15943,30,856.5,2566.3,3.2,8.2,2.03,0.6471,0.5,0.7778,0.0,0.6471,,287.6,5.63,2.0,0.6133,14.93,0.2269,1.85,0.0135,0.0822,0.801,-0.007,0.0299,-0.5615,109,random,,,,,,
550,4505728,15957,14,867.8,2715.9,3.0,8.0,1.89,0.6667,0.25,1.0,0.0,0.6667,,329.2,6.21,5.0,0.6497,15.57,0.2366,1.91,0.0123,0.0923,0.9275,-0.0057,0.0106,-0.5805,109,random,,,,,,
551,4513920,15977,20,878.8,2868.6,2.9,8.2,1.72,0.4167,0.375,0.5,0.0,0.4167,,376.1,7.5,1.5,0.6781,15.26,0.2488,1.97,0.0089,0.0825,0.8475,-0.0075,0.0197,-0.5932,110,random,,,,,,
552,4522112,16003,26,890.2,2712.4,3.0,9.8,1.86,0.7778,0.8,0.75,0.0,0.7778,,383.5,6.04,6.0,0.6762,15.77,0.2452,1.97,0.0091,0.0719,0.8504,-0.0091,0.0243,-0.6059,110,random,1032,200,0.88,0.81,0.95,0.7
553,4530304,16036,33,903.9,2645.3,3.1,8.0,1.92,0.6923,0.5,0.8571,0.0,0.6923,,379.9,6.42,9.08,0.5787,13.82,0.2204,1.78,0.0143,0.0921,0.8271,-0.0086,0.0271,-0.5359,110,random,,,,,,
554,4538496,16056,20,915.0,2791.2,2.9,8.0,1.82,0.8,0.8333,0.75,0.0,0.8,,297.4,5.65,7.3,0.5919,14.78,0.2198,1.81,0.0125,0.0944,0.8953,-0.0066,0.0159,-0.5164,110,random,,,,,,
555,4546688,16086,30,926.3,2554.2,3.2,8.0,2.06,0.7143,0.625,0.8333,0.0,0.7143,,277.7,5.07,0.43,0.5966,14.3,0.2242,1.82,0.009,0.0771,0.866,-0.0073,0.0243,-0.54,110,random,,,,,,
556,4554880,16113,27,938.0,2288.3,3.6,8.0,2.36,0.7143,0.5,0.8,0.0,0.7143,,304.1,5.59,10.79,0.6105,15.32,0.2237,1.84,0.0113,0.0726,0.8549,-0.007,0.0247,-0.5545,111,random,,,,,,
557,4563072,16135,22,949.5,2459.1,3.3,8.0,2.16,0.9286,0.8333,1.0,0.0,0.9286,,278.3,5.68,8.93,0.596,15.08,0.2197,1.81,0.0097,0.076,0.8921,-0.0087,0.0167,-0.5305,111,random,,,,,,
558,4571264,16162,27,960.8,2561.9,3.2,5.5,2.06,0.5833,0.3333,0.8333,0.0,0.5833,,386.3,6.93,10.92,0.5643,14.68,0.2101,1.76,0.0203,0.0669,0.8418,-0.0061,0.0242,-0.5006,111,random,,,,,,
559,4579456,16191,29,969.8,2472.1,3.3,8.1,2.13,0.5625,0.3333,0.8571,0.0,0.5625,,301.5,5.62,1.31,0.5578,14.65,0.2078,1.75,0.0144,0.0829,0.8022,-0.0065,0.0268,-0.4873,111,random,,,,,,
560,4587648,16207,16,980.9,2875.7,2.8,8.0,1.73,0.75,0.75,0.75,0.0,0.75,,239.4,5.56,5.17,0.5853,15.58,0.2131,1.8,0.0121,0.0859,0.8407,-0.0057,0.0216,-0.5244,111,random,,,,,,
561,4595840,16229,22,991.6,3281.9,2.5,8.0,1.37,0.5714,0.5714,,0.0,0.5714,,420.5,7.0,4.43,0.6146,15.49,0.2243,1.85,0.0136,0.0974,0.8638,-0.0078,0.0166,-0.5406,112,random,,,,,,
562,4604032,16249,20,1002.9,2690.6,3.0,8.1,1.91,0.8,0.6667,1.0,0.0,0.8,,433.8,6.7,6.4,0.6113,15.39,0.2236,1.84,0.0104,0.0763,0.8204,-0.0087,0.021,-0.529,112,random,,,,,,
563,4612224,16275,26,1014.6,2340.0,3.5,8.2,2.3,0.6429,0.625,0.6667,0.0,0.6429,,277.6,5.35,0.64,0.6098,15.63,0.2218,1.84,0.0122,0.0894,0.8259,-0.0087,0.0246,-0.5418,112,random,,,,,,
564,4620416,16307,32,1026.3,2464.7,3.3,8.1,2.14,0.7333,0.6,0.8,0.0,0.7333,,353.0,5.97,9.87,0.5631,14.93,0.2083,1.76,0.0104,0.082,0.8074,-0.0079,0.0285,-0.5121,112,random,,,,,,
565,4628608,16331,24,1038.2,2271.5,3.6,8.0,2.37,0.6923,0.5,0.8571,0.0,0.6923,,353.3,6.25,6.15,0.593,14.62,0.2211,1.81,0.0147,0.1025,0.8301,-0.0042,0.0255,-0.534,112,random,,,,,,
566,4636800,16361,30,1050.0,2292.5,3.6,8.1,2.41,0.7778,0.7143,0.8182,0.0556,0.7778,,270.0,5.53,10.83,0.5902,14.88,0.2186,1.8,0.0125,0.0795,0.83,-0.0074,0.0242,-0.5286,113,random,,,,,,
567,4644992,16380,19,1061.7,2344.1,3.5,8.0,2.34,0.6667,0.6667,0.6667,0.0,0.6667,,373.9,6.63,4.56,0.6265,15.38,0.2293,1.87,0.0102,0.071,0.8322,-0.0068,0.0218,-0.5535,113,random,,,,,,
568,4653184,16417,37,1073.3,2404.2,3.4,8.1,2.26,0.4545,0.25,0.7,0.0455,0.4545,,279.8,5.65,1.64,0.611,14.5,0.2284,1.84,0.0148,0.085,0.8239,-0.0102,0.0291,-0.5416,113,random,,,,,,
569,4661376,16438,21,1084.8,2496.7,3.3,8.2,2.14,0.8,0.5,0.8462,0.0,0.8,,268.6,5.76,12.4,0.5815,14.44,0.2178,1.79,0.01,0.0789,0.8552,-0.0074,0.0228,-0.5235,113,random,,,,,,
570,4669568,16462,24,1096.6,2378.0,3.4,8.4,2.26,0.7273,0.8,0.6667,0.0,0.7273,,375.5,6.79,12.36,0.6018,15.11,0.2216,1.83,0.0118,0.0782,0.8479,-0.0085,0.0224,-0.5411,113,random,,,,,,
571,4677760,16482,20,1108.0,2803.3,2.9,8.0,1.82,0.4167,0.25,0.75,0.0833,0.4167,,343.1,7.0,5.33,0.5821,14.49,0.2177,1.79,0.0111,0.0845,0.8402,-0.0086,0.0166,-0.5222,114,random,,,,,,
572,4685952,16501,19,1119.3,2717.4,3.0,9.5,1.88,0.5,0.5,,0.0,0.5,,387.7,6.74,-6.67,0.5907,14.2,0.2227,1.81,0.0106,0.0766,0.8581,-0.0095,0.0189,-0.5313,114,random,1033,200,0.9125,0.875,0.95,1.4
573,4694144,16527,26,1133.2,2872.3,2.9,8.0,1.72,0.7,0.6667,0.75,0.0,0.7,,355.3,6.42,6.2,0.6095,14.88,0.2258,1.84,0.0121,0.0825,0.8806,-0.0071,0.0164,-0.5321,114,random,,,,,,
574,4702336,16546,19,1144.5,2653.9,3.1,8.0,1.94,0.7143,0.8,0.5,0.0,0.7143,,361.9,6.05,6.57,0.5974,14.72,0.2222,1.82,0.0131,0.0903,0.8653,-0.0064,0.0169,-0.5343,114,random,,,,,,
575,4710528,16571,25,1155.7,2659.1,3.1,8.1,1.96,0.6667,0.5,0.8333,0.0,0.6667,,339.3,6.4,8.33,0.6074,15.34,0.2225,1.84,0.0148,0.0803,0.8462,-0.0089,0.026,-0.5391,114,random,,,,,,
576,4718720,16610,39,1167.3,2461.0,3.3,8.0,2.16,0.6923,0.5714,0.8333,0.0,0.6923,,342.1,5.87,5.85,0.5824,14.72,0.2166,1.79,0.0125,0.0828,0.8358,-0.0092,0.0327,-0.5246,115,random,,,,,,
577,4726912,16632,22,1178.9,2414.2,3.4,8.0,2.23,0.6364,0.6,0.6667,0.0,0.6364,,293.8,5.45,10.27,0.5976,14.32,0.2245,1.82,0.0125,0.075,0.8548,-0.0075,0.0264,-0.5316,115,random,,,,,,
578,4735104,16656,24,1190.4,2419.0,3.4,8.0,2.23,0.9,0.75,1.0,0.0,0.9,,296.6,5.62,11.3,0.5913,14.39,0.2217,1.81,0.0115,0.0821,0.8429,-0.0079,0.0247,-0.5485,115,random,,,,,,
579,4743296,16686,30,1201.9,2520.9,3.2,7.9,2.09,0.7368,0.6364,0.875,0.0,0.7368,,307.1,6.33,3.37,0.5906,14.9,0.2186,1.81,0.0112,0.0692,0.8805,-0.0084,0.0204,-0.5245,115,random,,,,,,
580,4751488,16713,27,1213.2,2550.1,3.2,7.9,2.11,0.8571,0.8571,0.8571,0.0,0.8571,,302.2,5.59,5.71,0.5745,14.65,0.214,1.78,0.0113,0.0726,0.8582,-0.0069,0.0231,-0.4859,115,random,,,,,,
581,4759680,16737,24,1224.6,2420.8,3.4,8.1,2.25,1.0,1.0,1.0,0.0,1.0,,274.4,5.21,12.25,0.5681,15.3,0.2083,1.76,0.0086,0.0691,0.8879,-0.0079,0.0199,-0.5092,116,random,,,,,,
582,4767872,16768,31,1236.4,2283.0,3.6,8.1,2.43,0.6316,0.625,0.6364,0.0,0.6316,,284.8,5.61,7.89,0.5917,14.52,0.2212,1.81,0.0111,0.0797,0.8907,-0.0098,0.0229,-0.5334,116,random,,,,,,
583,4776064,16794,26,1247.9,2551.8,3.2,8.1,2.05,0.75,0.625,0.875,0.0,0.75,,308.9,6.15,11.44,0.5736,15.47,0.2094,1.77,0.0094,0.0721,0.9124,-0.0092,0.0153,-0.5158,116,random,,,,,,
584,4784256,16819,25,1259.3,2632.4,3.1,8.1,2.0,0.7857,0.7778,0.8,0.0714,0.7857,,316.5,6.04,7.07,0.5957,15.29,0.2184,1.81,0.0128,0.0843,0.8801,-0.0071,0.0216,-0.5223,116,random,,,,,,
585,4792448,16844,25,1270.6,2642.2,3.1,8.2,1.97,0.6667,0.6667,0.6667,0.0,0.6667,,318.1,5.56,4.42,0.605,15.84,0.219,1.83,0.0104,0.0835,0.8323,-0.0083,0.0281,-0.5315,116,random,,,,,,
586,4800640,16878,34,1282.2,2504.1,3.3,8.0,2.04,0.7143,0.6667,0.8,0.0,0.7143,,324.7,5.68,10.21,0.5947,15.3,0.218,1.81,0.0196,0.0997,0.8201,-0.0053,0.0312,-0.5303,117,random,,,,,,
587,4808832,16897,19,1293.4,2778.1,2.9,8.1,1.83,0.7273,0.3333,0.875,0.0,0.7273,,275.7,5.53,8.27,0.5584,15.23,0.205,1.75,0.0109,0.0787,0.8994,-0.0078,0.016,-0.516,117,random,,,,,,
588,4817024,16912,15,1304.2,3185.0,2.6,8.2,1.46,1.0,1.0,1.0,0.0,1.0,,352.5,6.0,17.29,0.6127,15.28,0.2247,1.85,0.0136,0.0892,0.9287,-0.0081,0.013,-0.558,117,random,,,,,,
589,4825216,16933,21,1315.6,2768.7,3.0,8.3,1.77,0.6,1.0,0.5,0.0,0.6,,469.0,7.52,11.0,0.6084,14.77,0.226,1.84,0.0112,0.0787,0.8763,-0.0098,0.0259,-0.5643,117,random,,,,,,
590,4833408,16956,23,1327.1,2692.4,3.0,8.2,1.93,1.0,1.0,1.0,0.0,1.0,,356.6,6.22,12.8,0.6483,15.35,0.2374,1.91,0.0105,0.0838,0.9138,-0.0082,0.0156,-0.5673,117,random,,,,,,
591,4841600,16976,20,1338.6,2619.6,3.1,8.1,1.99,0.625,0.5,0.75,0.0,0.625,,367.6,6.4,9.12,0.6332,15.81,0.2294,1.88,0.0134,0.0801,0.9188,-0.0086,0.0138,-0.5642,118,random,,,,,,
592,4849792,17007,31,1350.0,2576.9,3.2,9.9,2.0,0.8571,0.8,1.0,0.0,0.8571,,387.7,6.97,9.21,0.603,16.22,0.2164,1.83,0.0121,0.1021,0.933,-0.0063,0.0135,-0.5537,118,random,1034,200,0.8625,0.845,0.88,1.3
593,4857984,17023,16,1364.5,2683.4,3.1,8.1,1.9,0.8889,0.8,1.0,0.0,0.8889,,340.3,6.44,7.56,0.6095,15.01,0.225,1.84,0.0116,0.0922,0.9307,-0.0078,0.0148,-0.542,118,random,,,,,,
594,4866176,17054,31,1376.0,2504.9,3.3,8.0,2.11,0.5833,0.5556,0.6667,0.0,0.5833,,326.5,5.65,3.5,0.6031,14.63,0.2248,1.83,0.0131,0.093,0.8854,-0.006,0.0283,-0.5379,118,random,,,,,,
595,4874368,17080,26,1387.6,2431.2,3.4,8.1,2.24,0.7143,0.5714,0.8571,0.0,0.7143,,317.9,5.96,8.5,0.6144,14.86,0.2277,1.85,0.0133,0.0931,0.9222,-0.0077,0.0179,-0.5479,118,random,,,,,,
596,4882560,17099,19,1399.1,2477.4,3.3,8.0,2.18,0.75,0.4,1.0,0.0,0.75,,335.2,6.74,11.75,0.6194,15.11,0.2281,1.86,0.0108,0.0959,0.9499,-0.0068,0.012,-0.5496,119,random,,,,,,
597,4890752,17128,29,1410.6,2515.6,3.3,8.1,2.1,0.6,0.4286,0.75,0.0,0.6,,365.4,7.0,6.0,0.588,14.92,0.2175,1.8,0.0128,0.088,0.8999,-0.008,0.0238,-0.555,119,random,,,,,,
598,4898944,17153,25,1422.0,2550.5,3.2,8.2,2.1,0.6667,0.6667,0.6667,0.0,0.6667,,294.7,5.36,8.5,0.5861,15.45,0.2141,1.8,0.0098,0.0789,0.8644,-0.0077,0.0287,-0.5426,119,random,,,,,,
599,4907136,17175,22,1433.5,2644.0,3.1,8.1,1.96,0.8182,0.6667,0.875,0.0,0.8182,,342.7,6.32,12.18,0.6257,15.28,0.2295,1.87,0.0099,0.0826,0.9105,-0.0104,0.0191,-0.5593,119,random,,,,,,
600,4915328,17202,27,1444.8,2671.7,3.1,8.2,1.91,0.7857,0.8,0.75,0.0,0.7857,,367.1,6.7,7.0,0.5935,14.81,0.2202,1.81,0.0078,0.0733,0.8863,-0.007,0.024,-0.5442,119,random,,,,,,
601,4923520,17223,21,1456.1,2770.6,3.0,8.2,1.84,0.7692,0.6667,0.8,0.0,0.7692,,252.5,4.81,9.85,0.6056,15.52,0.2208,1.83,0.0087,0.074,0.9289,-0.0087,0.0131,-0.535,120,random,,,,,,
602,4931712,17250,27,1467.5,2697.1,3.0,8.1,1.9,0.8333,0.5,0.9,0.0,0.8333,,325.7,5.78,12.17,0.5647,14.42,0.2116,1.76,0.0099,0.078,0.866,-0.0077,0.0215,-0.5133,120,random,,,,,,
603,4939904,17271,21,1478.9,2636.1,3.1,8.3,1.96,0.7273,0.8,0.6667,0.0,0.7273,,299.2,5.57,7.0,0.5417,15.12,0.1994,1.72,0.0135,0.0766,0.8299,-0.0085,0.0264,-0.515,120,random,,,,,,
604,4948096,17294,23,1490.9,2333.3,3.5,8.0,2.34,0.875,1.0,0.6667,0.0,0.875,,461.4,7.78,12.5,0.5681,15.46,0.2074,1.76,0.0127,0.0877,0.8718,-0.0067,0.0211,-0.5356,120,random,,,,,,
605,4956288,17330,36,1502.7,2258.4,3.6,7.9,2.44,0.8182,0.8182,0.8182,0.0,0.8182,,314.4,5.81,9.77,0.5772,15.12,0.2125,1.78,0.0116,0.0891,0.8267,-0.01,0.0298,-0.5218,120,random,,,,,,
606,4964480,17349,19,1513.9,2502.4,3.3,7.9,2.15,0.8333,0.75,0.875,0.0,0.8333,,286.6,5.79,8.58,0.591,15.25,0.2169,1.81,0.0127,0.0788,0.9306,-0.0098,0.0143,-0.5037,121,random,,,,,,
607,4972672,17370,21,1525.2,2550.8,3.2,8.1,2.06,0.9,0.8333,1.0,0.0,0.9,,310.9,5.86,6.4,0.5995,16.28,0.2149,1.82,0.0097,0.079,0.9009,-0.0071,0.0253,-0.5218,121,random,,,,,,
608,4980864,17398,28,1536.9,2397.0,3.4,8.1,2.24,0.6471,0.5455,0.8333,0.0,0.6471,,349.5,6.89,3.29,0.5625,15.97,0.203,1.76,0.0148,0.0816,0.8994,-0.0075,0.0215,-0.5136,121,random,,,,,,
609,4989056,17422,24,1548.3,2625.4,3.1,8.2,2.01,0.6923,0.8889,0.25,0.0,0.6923,,302.8,5.62,2.69,0.5544,15.01,0.2047,1.74,0.0107,0.0812,0.8556,-0.0063,0.0289,-0.5018,121,random,,,,,,
610,4997248,17446,24,1559.8,2574.7,3.2,8.1,2.04,0.6,0.3333,1.0,0.0,0.6,,355.4,6.17,5.5,0.5788,15.07,0.2133,1.78,0.012,0.0769,0.882,-0.0076,0.0229,-0.5209,121,random,,,,,,
611,5005440,17474,28,1571.6,2313.8,3.5,8.1,2.37,0.75,0.4,1.0,0.0,0.75,,373.6,6.79,5.42,0.5664,14.63,0.2111,1.76,0.0091,0.0667,0.9074,-0.0089,0.0169,-0.5042,122,random,,,,,,
612,5013632,17502,28,1583.4,2312.6,3.5,9.6,2.39,0.75,0.625,0.875,0.0,0.75,,323.5,6.39,10.88,0.5809,14.94,0.2148,1.79,0.0096,0.0762,0.8405,-0.0082,0.0303,-0.517,122,random,1035,200,0.825,0.79,0.86,1.2
613,5021824,17529,27,1597.9,2291.5,3.6,8.0,2.4,0.8,0.5714,1.0,0.0,0.8,,266.5,5.33,7.4,0.5777,14.83,0.2142,1.78,0.0108,0.0702,0.8652,-0.0074,0.0289,-0.5325,122,random,,,,,,
614,5030016,17559,30,1609.5,2389.4,3.4,7.9,2.24,0.6667,0.5,0.75,0.0,0.6667,,284.9,5.87,8.17,0.5749,15.3,0.2108,1.78,0.0101,0.078,0.8569,-0.0086,0.0273,-0.5162,122,random,,,,,,
615,5038208,17580,21,1620.9,2419.9,3.4,8.1,2.22,0.7778,0.6,1.0,0.0,0.7778,,354.3,6.29,5.89,0.5924,15.91,0.2141,1.81,0.0086,0.0677,0.8567,-0.0079,0.0263,-0.5297,122,random,,,,,,
616,5046400,17613,33,1632.4,2500.2,3.3,8.1,2.13,0.619,0.6,0.6667,0.0,0.619,,233.8,4.91,3.14,0.5698,14.99,0.2104,1.77,0.0117,0.0734,0.8079,-0.0064,0.0334,-0.5175,123,random,,,,,,
617,5054592,17629,16,1644.1,2403.0,3.4,3.5,2.29,0.875,0.8,1.0,0.0,0.875,,368.9,6.69,7.0,0.5968,14.94,0.2207,1.82,0.0183,0.0594,0.9291,-0.0026,0.0155,-0.5244,123,random,,,,,,
618,5062784,17662,33,1651.1,2451.9,3.3,8.0,2.13,0.75,0.5714,1.0,0.0,0.75,,358.8,5.97,11.0,0.5938,14.94,0.2196,1.81,0.0126,0.0793,0.8633,-0.0074,0.0245,-0.5332,123,random,,,,,,
619,5070976,17686,24,1662.6,2466.8,3.3,8.1,2.2,0.7059,0.625,0.7778,0.0,0.7059,,313.0,6.71,7.94,0.5717,14.52,0.2137,1.77,0.0105,0.0729,0.8763,-0.0081,0.0189,-0.5203,123,random,,,,,,
620,5079168,17709,23,1674.1,2540.2,3.2,8.1,1.98,0.9,0.8571,1.0,0.0,0.9,,297.1,5.22,2.7,0.5935,15.62,0.2159,1.81,0.0111,0.0737,0.8755,-0.0079,0.021,-0.5405,123,random,,,,,,
621,5087360,17731,22,1685.3,2734.2,3.0,8.3,1.87,0.75,0.6667,0.8,0.0,0.75,,373.4,6.23,4.38,0.5948,15.01,0.2196,1.81,0.0116,0.0733,0.9034,-0.0088,0.0183,-0.5355,124,random,,,,,,
622,5095552,17757,26,1696.8,2680.3,3.1,8.1,1.91,0.5833,0.2857,1.0,0.0,0.5833,,338.2,6.54,5.25,0.6041,15.19,0.222,1.83,0.0114,0.0868,0.8953,-0.008,0.0206,-0.5373,124,random,,,,,,
623,5103744,17773,16,1708.4,2476.3,3.3,8.4,2.16,1.0,1.0,1.0,0.0,1.0,,356.1,5.88,12.83,0.5928,15.4,0.2168,1.81,0.0103,0.0802,0.9112,-0.0086,0.0155,-0.5414,124,random,,,,,,
624,5111936,17799,26,1720.4,2400.3,3.4,8.2,2.24,0.7143,0.8,0.6667,0.0,0.7143,,316.1,6.0,9.71,0.5876,15.21,0.2159,1.8,0.0141,0.0782,0.8402,-0.01,0.0285,-0.5234,124,random,,,,,,
625,5120128,17821,22,1732.1,2459.1,3.3,8.2,2.1,0.7273,0.625,1.0,0.0,0.7273,,384.6,7.18,3.64,0.5943,15.21,0.2183,1.81,0.0145,0.0855,0.8657,-0.0084,0.0205,-0.5389,124,random,,,,,,
626,5128320,17854,33,1744.2,2229.1,3.7,8.3,2.44,0.6364,0.3333,1.0,0.0,0.6364,,365.2,6.06,2.73,0.5926,15.76,0.2149,1.81,0.0102,0.0762,0.8373,-0.0077,0.0291,-0.5207,125,random,,,,,,
627,5136512,17875,21,1756.2,2261.9,3.6,8.2,2.48,0.8462,0.6667,0.9,0.0,0.8462,,312.9,6.29,14.54,0.609,15.16,0.224,1.84,0.0112,0.0841,0.9375,-0.0081,0.0127,-0.547,125,random,,,,,,
628,5144704,17899,24,1768.0,2399.6,3.4,8.3,2.17,0.6875,0.6364,0.8,0.0,0.6875,,296.8,6.62,8.31,0.5825,15.46,0.2127,1.79,0.0103,0.075,0.9079,-0.0075,0.0178,-0.5477,125,random,,,,,,
629,5152896,17919,20,1779.4,2754.9,3.0,8.1,1.88,0.875,0.8,1.0,0.0,0.875,,425.2,7.35,9.5,0.6285,15.62,0.2287,1.87,0.0127,0.0844,0.949,-0.0079,0.0109,-0.5843,125,random,,,,,,
630,5161088,17953,34,1791.0,2473.5,3.3,8.4,2.1,0.6667,0.6,0.8,0.0,0.6667,,304.6,5.76,4.93,0.6031,14.45,0.2258,1.83,0.0116,0.0791,0.8444,-0.0075,0.0341,-0.5458,125,random,,,,,,
631,5169280,17978,25,1803.0,2405.1,3.4,8.0,2.26,0.7,0.6667,0.75,0.0,0.7,,327.6,5.64,0.7,0.6275,15.03,0.2316,1.87,0.0122,0.0801,0.8665,-0.0063,0.0234,-0.5632,126,random,,,,,,
632,5177472,18004,26,1814.5,2391.7,3.4,9.6,2.28,0.6,0.2,1.0,0.0,0.6,,302.2,5.58,2.7,0.6333,15.46,0.2313,1.88,0.0107,0.0822,0.8878,-0.007,0.0234,-0.5663,126,random,1036,200,0.84,0.72,0.96,1.1
633,5192192,18036,16,4.1,2098.4,3.9,7.6,2.88,0.7143,0.3333,1.0,0.0,0.7143,,98.4,3.0,3.64,0.5652,13.36,0.218,1.76,0.0098,0.0746,0.9219,-0.0074,0.0135,-0.5058,126,random,,,,,,
634,5200384,18063,27,15.5,2248.4,3.6,7.5,2.5,0.875,0.8,0.9286,0.0,0.875,,164.5,4.63,10.96,0.6005,14.62,0.2239,1.82,0.0121,0.0756,0.9258,-0.0072,0.0159,-0.5316,126,random,,,,,,
635,5208576,18092,29,26.5,2393.4,3.4,7.8,2.28,0.7059,0.6,0.8571,0.0,0.7059,,232.6,5.17,2.53,0.6257,14.7,0.2328,1.87,0.0121,0.0844,0.8781,-0.0095,0.0265,-0.5524,126,random,,,,,,
636,5216768,18112,20,37.5,2724.1,3.0,7.8,1.9,0.25,0.2857,0.0,0.0,0.25,,297.4,5.4,-6.75,0.6384,14.91,0.2362,1.89,0.0144,0.0896,0.8841,-0.008,0.0238,-0.5502,127,random,,,,,,
637,5224960,18141,29,48.8,2447.9,3.3,7.7,2.19,0.7857,0.75,0.8,0.0,0.7857,,293.0,5.69,2.5,0.6514,15.61,0.2371,1.92,0.0088,0.074,0.892,-0.0084,0.021,-0.5815,127,random,,,,,,
638,5233152,18172,31,59.9,2560.8,3.2,7.7,2.05,0.4706,0.5714,0.4,0.0,0.4706,,283.5,5.23,3.65,0.6478,14.89,0.2399,1.91,0.0105,0.0739,0.8119,-0.0088,0.0325,-0.5778,127,random,,,,,,
639,5241344,18187,15,70.6,2924.9,2.8,7.8,1.69,0.9,0.8333,1.0,0.0,0.9,,291.2,5.87,2.8,0.6273,14.72,0.2332,1.87,0.0119,0.0808,0.8831,-0.0081,0.0154,-0.5883,127,random,,,,,,
640,5249536,18203,16,81.1,3238.1,2.5,7.9,1.4,0.625,0.5,0.75,0.0,0.625,,377.2,6.94,1.5,0.6789,15.38,0.2484,1.97,0.0112,0.0877,0.8836,-0.0084,0.0153,-0.6241,127,random,,,,,,
641,5257728,18230,27,91.9,2967.2,2.8,7.8,1.62,0.625,0.5,1.0,0.0,0.625,,379.1,6.11,2.0,0.6818,14.78,0.2532,1.98,0.0141,0.0932,0.8691,-0.0088,0.0215,-0.6221,128,random,,,,,,
642,5265920,18257,27,102.9,2700.9,3.0,7.8,1.91,1.0,1.0,1.0,0.0,1.0,,363.5,6.07,11.62,0.6776,14.7,0.2521,1.97,0.014,0.091,0.8866,-0.01,0.0192,-0.6059,128,random,,,,,,
643,5274112,18282,25,114.1,2551.1,3.2,7.8,2.06,0.4444,0.0,0.5714,0.0,0.4444,,378.6,6.24,5.67,0.7159,15.34,0.2622,2.05,0.0107,0.0743,0.8478,-0.0096,0.0265,-0.6196,128,random,,,,,,
644,5282304,18305,23,125.3,2574.9,3.2,7.8,2.03,0.7143,0.75,0.7,0.0,0.7143,,324.2,6.39,5.71,0.6733,15.58,0.2452,1.96,0.0117,0.0755,0.874,-0.0093,0.0188,-0.5972,128,random,,,,,,
645,5290496,18330,25,136.5,2546.1,3.2,7.9,2.08,0.5833,0.625,0.5,0.0,0.5833,,329.6,6.08,2.75,0.6934,14.86,0.257,2.0,0.0144,0.0824,0.8129,-0.0093,0.027,-0.6166,128,random,,,,,,
646,5298688,18355,25,148.1,2315.8,3.5,5.5,2.38,0.6667,0.5,0.75,0.0,0.6667,,284.6,5.36,4.42,0.6809,14.86,0.2523,1.98,0.0195,0.087,0.8781,-0.0051,0.0181,-0.6026,129,random,,,,,,
647,5306880,18378,23,157.1,2461.3,3.3,8.1,2.19,0.6667,0.75,0.625,0.0,0.6667,,364.7,7.0,2.67,0.6851,15.18,0.2519,1.98,0.0131,0.0895,0.8304,-0.0083,0.0283,-0.6151,129,random,,,,,,
648,5315072,18402,24,168.8,2305.4,3.6,7.8,2.39,0.9,1.0,0.8,0.0,0.9,,415.4,7.38,17.9,0.7082,15.57,0.258,2.03,0.0132,0.087,0.8948,-0.0101,0.0159,-0.6511,129,random,,,,,,
649,5323264,18434,32,180.6,2206.4,3.7,7.9,2.5,0.8261,0.7,0.9231,0.0,0.8261,,290.8,6.25,6.96,0.6665,13.81,0.2539,1.95,0.0105,0.073,0.8635,-0.0081,0.0248,-0.6207,129,random,,,,,,
650,5331456,18457,23,192.0,2391.3,3.4,7.8,2.25,0.9231,1.0,0.9,0.0,0.9231,,290.6,5.57,13.69,0.6799,14.63,0.2534,1.97,0.0123,0.085,0.8984,-0.0084,0.0174,-0.5895,129,random,,,,,,
651,5339648,18485,28,203.6,2268.7,3.6,7.8,2.41,0.6429,0.2857,1.0,0.0,0.6429,,332.9,6.25,5.29,0.6905,15.12,0.2542,1.99,0.0124,0.0831,0.9156,-0.0095,0.0159,-0.6158,130,random,,,,,,
652,5347840,18508,23,215.2,2226.5,3.7,8.9,2.49,0.75,0.6667,1.0,0.0,0.75,,328.9,6.13,0.0,0.7219,14.84,0.2676,2.06,0.0122,0.0956,0.888,-0.0097,0.0245,-0.6353,130,random,1037,200,0.9325,0.905,0.96,0.8
653,5356032,18531,23,228.6,2338.0,3.5,7.9,2.37,0.75,0.625,0.875,0.0,0.75,,290.9,6.48,2.5,0.6694,14.47,0.2505,1.95,0.0126,0.089,0.9064,-0.011,0.0198,-0.6053,130,random,,,,,,
654,5364224,18564,33,239.9,2503.4,3.3,7.9,2.1,0.8235,0.7778,0.875,0.0,0.8235,,328.3,6.06,5.35,0.662,15.14,0.2436,1.94,0.012,0.0768,0.9195,-0.0095,0.0185,-0.5906,130,random,,,,,,
655,5372416,18593,29,251.5,2325.7,3.5,7.9,2.37,0.7273,0.6667,0.75,0.0,0.7273,,339.0,5.86,10.0,0.6579,14.94,0.2433,1.93,0.0123,0.0829,0.8328,-0.0096,0.0351,-0.5765,130,random,,,,,,
656,5380608,18619,26,263.1,2310.2,3.5,8.1,2.36,0.6842,0.5714,0.75,0.0,0.6842,,215.4,4.92,4.89,0.636,14.62,0.2371,1.89,0.0192,0.0952,0.8872,-0.0066,0.0244,-0.5708,131,random,,,,,,
657,5388800,18643,24,274.6,2452.5,3.3,7.9,2.16,0.7692,0.6667,1.0,0.0,0.7692,,282.0,5.62,3.77,0.6681,14.71,0.2485,1.95,0.0136,0.095,0.8859,-0.008,0.025,-0.5924,131,random,,,,,,
658,5396992,18668,25,286.3,2299.4,3.6,7.7,2.4,0.9,0.8333,1.0,0.0,0.9,,341.8,6.12,9.2,0.6905,14.92,0.2555,1.99,0.0154,0.0947,0.8855,-0.0079,0.0235,-0.6013,131,random,,,,,,
659,5405184,18696,28,297.7,2304.5,3.6,7.8,2.4,0.8571,0.7143,1.0,0.0,0.8571,,321.6,6.36,5.14,0.6811,15.2,0.2503,1.98,0.0146,0.079,0.8884,-0.0079,0.0242,-0.5981,131,random,,,,,,
660,5413376,18725,29,309.2,2294.6,3.6,7.8,2.38,0.9231,0.75,1.0,0.0,0.9231,,346.3,6.34,9.69,0.6706,15.47,0.2448,1.96,0.0135,0.0951,0.8339,-0.0098,0.0283,-0.585,131,random,,,,,,
661,5421568,18747,22,320.3,2619.7,3.1,7.9,1.95,0.5,0.5,0.5,0.0,0.5,,276.2,5.86,4.21,0.6717,15.39,0.2457,1.96,0.0129,0.0939,0.8178,-0.0102,0.0295,-0.5951,132,random,,,,,,
662,5429760,18769,22,331.3,2782.1,2.9,7.6,1.82,0.7273,0.7,1.0,0.0,0.7273,,377.2,7.36,1.73,0.6324,15.13,0.2327,1.88,0.0127,0.0887,0.8354,-0.011,0.0227,-0.5848,132,random,,,,,,
663,5437952,18792,23,342.2,2595.9,3.2,7.8,1.99,0.7273,0.6667,0.8,0.0,0.7273,,329.7,6.13,9.0,0.6391,15.38,0.2338,1.89,0.0133,0.0862,0.8817,-0.0082,0.0188,-0.5754,132,random,,,,,,
664,5446144,18814,22,353.6,2339.5,3.5,7.9,2.38,0.5556,0.0,0.7143,0.0,0.5556,,365.8,6.23,8.22,0.6281,15.25,0.2305,1.87,0.0122,0.084,0.8313,-0.0067,0.0254,-0.5636,132,random,,,,,,
665,5454336,18841,27,365.3,2249.3,3.6,7.9,2.46,0.6875,0.5455,1.0,0.0,0.6875,,306.9,5.89,2.19,0.6446,14.78,0.2393,1.91,0.0102,0.0765,0.8232,-0.0078,0.0274,-0.5877,132,random,,,,,,
666,5462528,18866,25,377.1,2185.7,3.7,7.9,2.57,0.5455,0.3333,0.8,0.0,0.5455,,367.1,6.52,-1.0,0.6325,15.22,0.2323,1.88,0.0149,0.0902,0.8812,-0.0081,0.0196,-0.5744,133,random,,,,,,
667,5470720,18887,21,388.9,2169.8,3.8,7.7,2.63,0.7857,0.625,1.0,0.0,0.7857,,285.8,6.05,6.14,0.6289,15.38,0.2301,1.88,0.0116,0.0779,0.8996,-0.0092,0.0152,-0.5795,133,random,,,,,,
668,5478912,18918,31,400.7,2063.6,4.0,7.9,2.78,0.6667,0.4,0.9091,0.0,0.6667,,309.6,6.48,5.9,0.6646,14.83,0.2465,1.94,0.013,0.0793,0.8715,-0.0096,0.0227,-0.6087,133,random,,,,,,
669,5487104,18942,24,412.6,2161.1,3.8,8.0,2.63,0.6429,0.5,1.0,0.0,0.6429,,368.9,7.0,-0.64,0.6568,16.2,0.2358,1.93,0.0135,0.0916,0.8845,-0.0061,0.0192,-0.5649,133,random,,,,,,
670,5495296,18971,29,424.4,2225.0,3.7,8.0,2.52,0.7222,0.5833,1.0,0.0,0.7222,,321.7,6.55,5.94,0.6652,15.73,0.2414,1.94,0.0114,0.0773,0.9143,-0.0077,0.0176,-0.5772,133,random,,,,,,
671,5503488,18996,25,436.0,2357.5,3.5,7.9,2.33,0.6842,0.5455,0.875,0.0,0.6842,,293.4,6.56,-1.47,0.6423,15.5,0.2344,1.9,0.0112,0.0765,0.8753,-0.0112,0.0241,-0.5639,134,random,,,,,,
672,5511680,19024,28,447.5,2389.7,3.4,9.1,2.27,0.4118,0.3333,0.5,0.0,0.4118,,258.8,5.25,-2.29,0.6212,14.48,0.2324,1.86,0.011,0.0714,0.8793,-0.008,0.0299,-0.5646,134,random,1038,200,0.8375,0.795,0.88,0.6
673,5519872,19045,21,460.8,2381.8,3.4,7.8,2.25,0.8889,0.5,1.0,0.0,0.8889,,349.8,6.38,10.33,0.5812,14.67,0.2164,1.79,0.0109,0.0842,0.9268,-0.0086,0.0131,-0.5624,134,random,,,,,,
674,5528064,19069,24,472.0,2541.6,3.2,7.7,2.06,0.75,0.6,0.8571,0.0833,0.75,,362.8,6.75,8.92,0.6266,15.43,0.229,1.87,0.0118,0.0751,0.8945,-0.0098,0.0195,-0.5648,134,random,,,,,,
675,5536256,19091,22,483.2,2471.4,3.3,7.7,2.17,0.8333,0.8571,0.8,0.0,0.8333,,349.0,6.73,5.75,0.6277,15.43,0.2294,1.87,0.0154,0.0854,0.8865,-0.0081,0.023,-0.5703,134,random,,,,,,
676,5544448,19113,22,494.3,2497.2,3.3,7.8,2.11,0.5833,0.6667,0.3333,0.0,0.5833,,320.0,6.23,4.92,0.6241,15.13,0.2297,1.87,0.0126,0.0845,0.8584,-0.0081,0.0264,-0.5928,135,random,,,,,,
677,5552640,19142,29,505.8,2311.4,3.5,7.9,2.38,0.5,0.5,0.5,0.0,0.5,,340.2,6.17,-1.29,0.6722,15.56,0.2449,1.96,0.0132,0.0821,0.875,-0.0081,0.0235,-0.6215,135,random,,,,,,
678,5560832,19162,20,517.4,2286.4,3.6,7.8,2.43,0.8,0.5,1.0,0.0,0.8,,343.6,6.2,2.4,0.6889,15.49,0.2514,1.99,0.0139,0.0997,0.891,-0.006,0.0178,-0.6299,135,random,,,,,,
679,5569024,19188,26,529.1,2251.3,3.6,8.0,2.47,0.6875,0.6667,0.7,0.0,0.6875,,328.5,6.65,1.5,0.7273,15.88,0.263,2.07,0.0119,0.0972,0.8479,-0.0078,0.0272,-0.6524,135,random,,,,,,
680,5577216,19215,27,540.5,2459.3,3.3,8.0,2.17,0.5625,0.625,0.5,0.0,0.5625,,376.7,7.3,4.31,0.7085,15.5,0.2585,2.03,0.0105,0.0712,0.8771,-0.0082,0.0225,-0.6345,135,random,,,,,,
681,5585408,19239,24,551.9,2534.8,3.2,7.9,2.09,0.6923,0.0,0.9,0.0,0.6923,,339.2,6.25,8.38,0.6371,14.9,0.2358,1.89,0.01,0.0807,0.9072,-0.0091,0.0187,-0.5859,136,random,,,,,,
682,5593600,19261,22,562.8,2811.4,2.9,8.0,1.79,0.7,0.6,0.8,0.0,0.7,,315.0,5.73,0.9,0.6731,15.09,0.248,1.96,0.0117,0.0758,0.8836,-0.0101,0.0197,-0.5959,136,random,,,,,,
683,5601792,19292,31,574.2,2513.2,3.3,7.8,2.09,0.6154,0.25,0.7778,0.0,0.6154,,315.0,5.68,3.69,0.6672,15.11,0.2457,1.95,0.011,0.0824,0.8909,-0.0102,0.0219,-0.6167,136,random,,,,,,
684,5609984,19313,21,585.5,2430.0,3.4,7.9,2.19,0.7273,0.7143,0.75,0.0,0.7273,,314.0,5.52,4.73,0.6869,15.83,0.2487,1.99,0.0116,0.0839,0.8726,-0.0076,0.0231,-0.6172,136,random,,,,,,
685,5618176,19337,24,596.9,2466.3,3.3,7.9,2.18,0.7692,0.4,1.0,0.0,0.7692,,323.3,6.0,7.23,0.6935,15.65,0.2522,2.0,0.01,0.0811,0.8816,-0.0095,0.0208,-0.6063,136,random,,,,,,
686,5626368,19363,26,608.2,2566.3,3.2,8.0,1.99,0.7857,0.8889,0.6,0.0,0.7857,,337.2,6.38,6.71,0.6788,15.31,0.2488,1.97,0.0112,0.0902,0.8511,-0.0085,0.0251,-0.5956,137,random,,,,,,
687,5634560,19385,22,619.4,2605.2,3.1,7.9,2.01,0.5,0.2857,0.8,0.0,0.5,,344.8,6.36,3.42,0.6665,15.0,0.2461,1.95,0.0115,0.0739,0.855,-0.0104,0.0235,-0.615,137,random,,,,,,
688,5642752,19408,23,630.7,2532.3,3.2,8.1,2.08,0.7273,0.6667,0.8,0.0,0.7273,,350.2,6.3,3.0,0.7042,15.81,0.2551,2.02,0.0132,0.096,0.8731,-0.0085,0.021,-0.6247,137,random,,,,,,
689,5650944,19430,22,642.3,2466.9,3.3,7.9,2.18,0.7,0.5,0.75,0.1,0.7,,379.4,7.14,9.3,0.6135,15.01,0.2265,1.85,0.0133,0.0827,0.8758,-0.008,0.0172,-0.5747,137,random,,,,,,
690,5659136,19454,24,653.9,2294.6,3.6,8.0,2.38,0.8182,0.6,1.0,0.0,0.8182,,345.5,6.21,5.64,0.6546,15.1,0.2411,1.92,0.0153,0.0928,0.887,-0.0094,0.0177,-0.5952,137,random,,,,,,
691,5667328,19478,24,665.7,2303.2,3.6,7.9,2.43,0.7143,0.7,0.75,0.0,0.7143,,363.9,7.38,4.21,0.6508,15.08,0.2398,1.92,0.0106,0.0841,0.8251,-0.0086,0.0282,-0.5856,138,random,,,,,,
692,5675520,19500,22,677.4,2282.7,3.6,8.9,2.43,0.8333,0.6667,1.0,0.0,0.8333,,345.8,6.68,6.58,0.6524,14.95,0.2412,1.92,0.0106,0.0732,0.8966,-0.0102,0.0163,-0.5871,138,random,1039,200,0.9,0.81,0.99,1.2
693,5683712,19532,32,691.0,2380.7,3.4,7.8,2.31,0.75,0.5,1.0,0.0,0.75,,350.3,6.69,7.94,0.6296,15.0,0.2325,1.88,0.0109,0.0715,0.815,-0.0101,0.0304,-0.5735,138,random,,,,,,
694,5691904,19557,25,702.4,2370.9,3.5,7.8,2.28,0.5625,0.7273,0.2,0.0,0.5625,,265.5,5.64,3.56,0.6635,16.12,0.2387,1.94,0.012,0.0992,0.8489,-0.0079,0.0241,-0.5965,138,random,,,,,,
695,5700096,19586,29,713.7,2518.3,3.3,7.9,2.09,1.0,1.0,1.0,0.0,1.0,,344.4,6.07,3.0,0.6242,15.25,0.2291,1.87,0.0108,0.0895,0.8051,-0.0075,0.0275,-0.5685,138,random,,,,,,
696,5708288,19605,19,724.9,2515.4,3.3,7.8,2.12,0.7778,0.5,0.8571,0.0,0.7778,,280.4,5.58,8.89,0.6409,15.57,0.2334,1.9,0.0111,0.0817,0.8846,-0.0047,0.0184,-0.5827,139,random,,,,,,
697,5716480,19633,28,736.4,2345.5,3.5,7.8,2.36,0.5294,0.3,0.8571,0.0,0.5294,,299.8,6.18,-0.06,0.7005,15.69,0.2545,2.01,0.0123,0.0834,0.8347,-0.0058,0.028,-0.615,139,random,,,,,,
698,5724672,19655,22,747.4,2649.4,3.1,7.9,1.93,0.4167,0.3,1.0,0.0,0.4167,,375.6,6.95,2.92,0.6561,15.75,0.238,1.93,0.0109,0.0902,0.8774,-0.0068,0.0197,-0.5946,139,random,,,,,,
699,5732864,19679,24,758.6,2675.9,3.1,8.0,1.91,0.7778,0.6667,1.0,0.0,0.7778,,280.9,5.0,7.22,0.6477,15.17,0.2382,1.91,0.0111,0.0771,0.8855,-0.0081,0.0196,-0.5805,139,random,,,,,,
700,5741056,19706,27,770.2,2349.2,3.5,8.0,2.32,0.75,0.6,0.8571,0.0,0.75,,347.4,6.41,6.83,0.6897,15.76,0.2501,1.99,0.0137,0.0952,0.8445,-0.008,0.0276,-0.6078,139,random,,,,,,
701,5749248,19738,32,782.0,2262.6,3.6,8.0,2.43,0.7333,0.5714,0.875,0.0,0.7333,,351.9,6.44,3.27,0.6521,15.34,0.2388,1.92,0.0099,0.0798,0.8648,-0.0089,0.0234,-0.5894,140,random,,,,,,
702,5757440,19754,16,793.8,2250.1,3.6,8.0,2.51,0.75,0.75,0.75,0.0,0.75,,261.2,5.31,6.88,0.6365,14.47,0.2382,1.89,0.0136,0.1009,0.8678,-0.0076,0.0197,-0.5894,140,random,,,,,,
703,5765632,19778,24,805.3,2398.5,3.4,7.9,2.3,0.7143,0.6,0.7778,0.0,0.7143,,356.2,7.38,2.86,0.6672,15.74,0.2421,1.95,0.0109,0.085,0.8423,-0.0077,0.0226,-0.609,140,random,,,,,,
704,5773824,19809,31,816.5,2628.6,3.1,7.9,1.97,0.6667,0.5,0.8571,0.0,0.6667,,371.3,6.84,0.47,0.6616,16.1,0.2381,1.94,0.0121,0.0791,0.8601,-0.0086,0.023,-0.596,140,random,,,,,,
705,5782016,19831,22,827.8,2551.8,3.2,7.9,2.09,0.7778,0.6,1.0,0.0,0.7778,,316.3,5.36,3.0,0.6266,14.25,0.2358,1.87,0.0125,0.0856,0.8934,-0.0086,0.0163,-0.5718,140,random,,,,,,
706,5790208,19853,22,839.1,2486.9,3.3,7.9,2.15,0.5455,0.5,0.5556,0.0,0.5455,,320.6,6.0,2.82,0.6588,15.65,0.2395,1.93,0.0113,0.0868,0.8871,-0.0108,0.0161,-0.5771,141,random,,,,,,
707,5798400,19875,22,850.3,2645.0,3.1,7.8,1.91,0.5,0.2857,0.7143,0.0,0.5,,268.0,5.73,-5.71,0.6584,16.31,0.2358,1.93,0.0143,0.0901,0.8769,-0.008,0.0178,-0.589,141,random,,,,,,
708,5806592,19896,21,861.1,2849.7,2.9,7.9,1.73,0.5714,0.5,0.6667,0.0,0.5714,,409.5,6.62,2.43,0.6969,16.42,0.249,2.01,0.0115,0.0828,0.8979,-0.0094,0.0181,-0.6103,141,random,,,,,,
709,5814784,19920,24,872.5,2456.7,3.3,7.7,2.16,0.6,0.4286,1.0,0.0,0.6,,364.7,6.33,0.1,0.634,15.89,0.2293,1.89,0.0137,0.0941,0.8445,-0.0079,0.0269,-0.5973,141,random,,,,,,
710,5822976,19948,28,883.7,2478.3,3.3,7.9,2.13,0.8667,0.8,0.9,0.0,0.8667,,346.1,6.43,7.07,0.6846,15.59,0.2492,1.98,0.0096,0.0739,0.8719,-0.0098,0.0209,-0.6215,141,random,,,,,,
711,5831168,19971,23,894.8,2739.9,3.0,7.9,1.86,0.4444,0.4,0.5,0.0,0.4444,,371.9,6.26,0.78,0.6219,15.45,0.2272,1.86,0.0123,0.0809,0.8055,-0.009,0.0285,-0.5782,142,random,,,,,,
712,5839360,19988,17,906.0,2625.7,3.1,7.9,1.97,0.7,0.6,0.8,0.0,0.7,,382.4,7.29,1.4,0.6965,15.82,0.2522,2.01,0.0138,0.0813,0.8479,-0.0086,0.02,-0.607,142,random,,,,,,
713,5847552,20015,27,917.2,2561.8,3.2,9.0,2.06,0.6,0.0,0.9,0.0,0.6,,312.7,6.22,4.93,0.6755,15.99,0.2437,1.96,0.0149,0.1011,0.8549,-0.0054,0.0228,-0.6117,142,random,1040,200,0.87,0.8,0.94,1.3
714,5855744,20040,25,931.0,2539.3,3.2,7.9,2.07,0.6364,0.5,0.8,0.0,0.6364,,346.1,6.12,6.82,0.7332,16.47,0.2617,2.08,0.0157,0.0921,0.8997,-0.0051,0.0195,-0.6494,142,random,,,,,,
715,5863936,20065,25,942.3,2434.4,3.4,7.9,2.21,0.8333,0.8571,0.8,0.0,0.8333,,350.2,6.48,6.92,0.7173,15.94,0.2591,2.05,0.0129,0.0905,0.8708,-0.0092,0.0254,-0.6267,142,random,,,,,,
716,5872128,20100,35,954.2,2211.1,3.7,7.9,2.5,0.6,0.5,0.8,0.0,0.6,,354.8,6.34,6.73,0.6215,14.41,0.2329,1.86,0.0119,0.0772,0.8473,-0.0078,0.0278,-0.5761,143,random,,,,,,
717,5880320,20131,31,965.9,2261.5,3.6,8.0,2.45,0.6364,0.3,0.9167,0.0,0.6364,,190.3,4.35,3.23,0.6815,15.75,0.2472,1.98,0.0121,0.0998,0.8529,-0.0085,0.0264,-0.5967,143,random,,,,,,
718,5888512,20157,26,977.3,2460.0,3.3,8.0,2.19,0.5294,0.4167,0.8,0.0,0.5294,,301.5,6.35,-2.82,0.6889,15.65,0.2505,1.99,0.0148,0.0855,0.8303,-0.0084,0.0262,-0.616,143,random,,,,,,
719,5896704,20183,26,988.5,2622.0,3.1,8.0,1.95,0.6364,0.5,0.8,0.0,0.6364,,338.8,6.08,7.27,0.6507,15.21,0.239,1.92,0.0123,0.0853,0.8829,-0.0077,0.0208,-0.5996,143,random,,,,,,
720,5904896,20199,16,999.7,2718.6,3.0,8.0,1.87,0.625,0.6667,0.5,0.0,0.625,,337.8,6.38,-0.25,0.709,16.2,0.2546,2.03,0.0121,0.0998,0.8662,-0.0089,0.0217,-0.6416,143,random,,,,,,
721,5913088,20221,22,1010.9,2670.7,3.1,8.0,1.93,0.4444,0.25,0.6,0.0,0.4444,,340.3,5.86,-1.33,0.7105,15.94,0.2566,2.04,0.0145,0.0922,0.8646,-0.0067,0.0222,-0.6282,144,random,,,,,,
722,5921280,20247,26,1022.2,2613.5,3.1,8.1,1.96,0.6667,0.5,1.0,0.0,0.6667,,380.6,6.96,1.67,0.6737,15.49,0.2459,1.96,0.0147,0.0953,0.8759,-0.0092,0.0183,-0.6166,144,random,,,,,,
723,5929472,20266,19,1033.4,2743.7,3.0,7.9,1.85,0.7273,0.6667,1.0,0.0,0.7273,,303.3,5.74,-0.82,0.7096,16.17,0.2549,2.03,0.0135,0.101,0.9091,-0.0092,0.0161,-0.6268,144,random,,,,,,
724,5937664,20288,22,1044.8,2444.5,3.4,7.9,2.18,0.75,0.75,0.75,0.0,0.75,,424.1,7.27,12.75,0.7002,15.84,0.2535,2.01,0.0119,0.0836,0.9043,-0.0109,0.0182,-0.6336,144,random,,,,,,
725,5945856,20317,29,1056.3,2438.7,3.4,8.0,2.19,0.8667,0.75,1.0,0.0,0.8667,,330.5,6.21,12.0,0.7257,16.07,0.2614,2.07,0.0134,0.0939,0.8869,-0.0089,0.0246,-0.6531,144,random,,,,,,
726,5954048,20346,29,1068.0,2244.9,3.6,8.0,2.47,0.5714,0.1667,0.875,0.0,0.5714,,332.2,5.9,-0.93,0.6975,15.09,0.257,2.01,0.0128,0.0787,0.886,-0.0092,0.023,-0.6333,145,random,,,,,,
727,5962240,20372,26,1079.7,2366.7,3.5,7.9,2.29,0.6471,0.2,0.8333,0.0,0.6471,,262.3,5.81,5.06,0.7264,15.93,0.2624,2.07,0.0122,0.0925,0.9321,-0.008,0.0125,-0.6531,145,random,,,,,,
728,5970432,20397,25,1091.2,2374.9,3.4,7.9,2.3,0.7143,0.5,0.875,0.0,0.7143,,347.0,6.76,4.57,0.7634,16.62,0.2716,2.15,0.0123,0.0839,0.8724,-0.0095,0.0236,-0.6641,145,random,,,,,,
729,5978624,20420,23,1102.8,2331.6,3.5,7.9,2.36,0.6667,0.5,0.8,0.0,0.6667,,315.4,5.43,4.0,0.7189,15.73,0.2609,2.05,0.0129,0.0892,0.8902,-0.0069,0.0196,-0.6546,145,random,,,,,,
730,5986816,20439,19,1114.2,2423.8,3.4,8.0,2.23,0.6923,1.0,0.6,0.0,0.6923,,375.4,7.95,10.92,0.7069,15.46,0.2582,2.03,0.0141,0.0953,0.8854,-0.0101,0.02,-0.6323,145,random,,,,,,
731,5995008,20466,27,1125.8,2408.4,3.4,8.0,2.25,0.5,0.375,0.75,0.0,0.5,,326.6,6.07,-3.5,0.7175,15.25,0.2633,2.05,0.0141,0.099,0.8463,-0.0097,0.0273,-0.6416,146,random,,,,,,
732,6003200,20492,26,1137.3,2424.3,3.4,8.0,2.22,0.7857,0.6667,0.875,0.0,0.7857,,342.0,6.62,11.43,0.7312,16.1,0.2632,2.08,0.0114,0.0943,0.911,-0.0088,0.0176,-0.6719,146,random,,,,,,
733,6011392,20516,24,1149.0,2268.1,3.6,8.9,2.46,0.6364,0.5556,1.0,0.0,0.6364,,362.7,6.79,3.73,0.6959,14.83,0.2581,2.01,0.0128,0.0857,0.9144,-0.0099,0.0179,-0.6153,146,random,1041,200,0.83,0.73,0.93,2.2
734,6019584,20547,31,1163.6,2492.7,3.3,7.9,2.1,0.7895,0.625,0.9091,0.0,0.7895,,283.8,6.03,7.84,0.6762,14.37,0.2537,1.97,0.0144,0.1022,0.8865,-0.007,0.0214,-0.631,146,random,,,,,,
735,6027776,20570,23,1174.7,2661.5,3.1,7.9,1.96,0.875,0.8,1.0,0.0,0.875,,362.2,6.22,7.0,0.7054,15.39,0.258,2.02,0.0124,0.0943,0.8888,-0.0079,0.0209,-0.6359,146,random,,,,,,
736,6035968,20590,20,1185.8,2775.1,3.0,7.8,1.8,0.625,0.5,0.75,0.0,0.625,,322.4,6.3,10.88,0.7106,15.51,0.2592,2.04,0.012,0.0941,0.8787,-0.0082,0.0232,-0.6618,147,random,,,,,,
737,6044160,20608,18,1196.9,2610.4,3.1,7.8,2.0,0.6667,0.0,0.8,0.0,0.6667,,351.1,6.28,12.0,0.7204,16.18,0.2588,2.06,0.0135,0.0931,0.9005,-0.0101,0.0199,-0.6525,147,random,,,,,,
738,6052352,20639,31,1208.2,2394.8,3.4,7.7,2.24,0.75,0.625,1.0,0.0,0.75,,347.2,6.42,0.58,0.7527,15.95,0.2718,2.12,0.0129,0.0935,0.8483,-0.0098,0.0298,-0.6577,147,random,,,,,,
739,6060544,20664,25,1219.6,2371.5,3.5,7.8,2.3,0.5,0.4444,0.5714,0.0,0.5,,305.6,6.48,1.81,0.7144,16.05,0.2574,2.04,0.0182,0.1035,0.8276,-0.0081,0.033,-0.6467,147,random,,,,,,
740,6068736,20690,26,1230.9,2384.4,3.4,7.8,2.31,0.6667,0.3333,1.0,0.0,0.6667,,332.7,5.88,1.58,0.7088,15.03,0.2616,2.03,0.0136,0.0961,0.9078,-0.0081,0.0186,-0.6532,147,random,,,,,,
741,6076928,20725,35,1242.6,2244.6,3.6,8.0,2.48,0.6471,0.4286,0.8,0.0,0.6471,,293.0,5.6,6.41,0.7158,14.94,0.2647,2.05,0.0145,0.0924,0.8423,-0.0095,0.0322,-0.6419,148,random,,,,,,
742,6085120,20756,31,1254.5,2148.6,3.8,7.7,2.61,0.375,0.2727,0.6,0.0,0.375,,320.0,6.35,-0.44,0.7851,15.4,0.2871,2.19,0.011,0.0816,0.8601,-0.0101,0.0272,-0.693,148,random,,,,,,
743,6093312,20776,20,1265.9,2319.7,3.5,7.8,2.4,0.7692,0.5714,1.0,0.0,0.7692,,215.4,4.95,3.77,0.7924,16.29,0.2839,2.21,0.0128,0.1011,0.8852,-0.0085,0.022,-0.7043,148,random,,,,,,
744,6101504,20809,33,1277.5,2290.2,3.6,7.9,2.34,0.6316,0.5,0.7778,0.0,0.6316,,296.8,6.18,7.11,0.7538,15.11,0.2776,2.13,0.0143,0.1042,0.8668,-0.0073,0.0245,-0.6973,148,random,,,,,,
745,6109696,20830,21,1289.0,2420.3,3.4,8.0,2.24,0.5455,0.3333,0.8,0.0,0.5455,,312.0,6.29,0.91,0.796,15.89,0.2878,2.22,0.0112,0.091,0.8969,-0.0092,0.018,-0.6884,148,random,,,,,,
746,6117888,20858,28,1300.1,2776.0,3.0,8.1,1.8,0.4667,0.0,0.5833,0.0,0.4667,,277.9,5.57,-0.93,0.7724,15.82,0.2797,2.16,0.0128,0.0895,0.8946,-0.0085,0.0211,-0.6681,149,random,,,,,,
747,6126080,20883,25,1311.3,2692.4,3.0,7.9,1.87,0.75,0.6,1.0,0.0,0.75,,347.7,5.92,7.12,0.7295,15.21,0.268,2.07,0.0123,0.0905,0.8852,-0.0102,0.0222,-0.6516,149,random,,,,,,
748,6134272,20904,21,1322.3,2834.9,2.9,7.9,1.74,0.6667,0.3333,0.8333,0.0,0.6667,,311.1,5.9,15.89,0.7278,15.73,0.2641,2.07,0.0126,0.0913,0.9011,-0.0089,0.0191,-0.6548,149,random,,,,,,
749,6142464,20930,26,1333.6,2563.4,3.2,7.9,1.96,1.0,1.0,1.0,0.0,1.0,,313.3,5.62,2.67,0.743,15.41,0.2716,2.1,0.0128,0.0959,0.8167,-0.0101,0.0318,-0.6848,149,random,,,,,,
750,6150656,20955,25,1345.0,2471.5,3.3,7.9,2.13,0.75,0.6667,0.8,0.0,0.75,,402.8,6.68,9.5,0.6886,14.78,0.2557,1.99,0.0126,0.0731,0.89,-0.0096,0.0168,-0.6246,149,random,,,,,,
751,6158848,20977,22,1356.2,2580.3,3.2,8.0,2.01,0.5385,0.375,0.8,0.0,0.5385,,363.3,6.86,-1.77,0.7535,16.49,0.2688,2.12,0.0134,0.0953,0.846,-0.0075,0.0236,-0.6696,150,random,,,,,,
752,6167040,21003,26,1367.8,2361.2,3.5,9.0,2.33,0.7,0.6,0.8,0.0,0.7,,336.0,6.31,1.4,0.6786,15.59,0.2471,1.97,0.0134,0.0901,0.8613,-0.011,0.0218,-0.6139,150,random,1042,200,0.875,0.81,0.94,1.4
753,6175232,21031,28,1381.7,2401.0,3.4,8.1,2.25,0.875,0.7778,1.0,0.0,0.875,,268.0,5.21,9.38,0.6952,15.98,0.2509,2.0,0.0133,0.0894,0.9076,-0.0087,0.0164,-0.6322,150,random,,,,,,
754,6183424,21057,26,1393.6,2299.1,3.6,7.8,2.38,0.7,0.4,1.0,0.0,0.7,,342.0,6.12,7.6,0.7411,16.25,0.2658,2.1,0.0113,0.0786,0.9134,-0.0091,0.0196,-0.6513,150,random,,,,,,
755,6191616,21087,30,1404.9,2482.9,3.3,8.0,2.13,0.6111,0.6364,0.5714,0.0,0.6111,,288.4,6.17,3.44,0.6989,15.39,0.2557,2.01,0.0101,0.0727,0.8539,-0.0088,0.0288,-0.6513,150,random,,,,,,
756,6199808,21116,29,1416.5,2354.7,3.5,8.0,2.3,0.9412,0.8333,1.0,0.0,0.9412,,307.8,5.76,10.0,0.717,15.31,0.2628,2.05,0.0115,0.088,0.9198,-0.0093,0.0175,-0.6515,151,random,,,,,,
757,6208000,21143,27,1427.7,2579.5,3.2,7.9,2.02,0.6471,0.25,0.7692,0.0,0.6471,,271.2,5.37,8.06,0.7299,15.06,0.2692,2.07,0.0116,0.087,0.8807,-0.0098,0.0231,-0.633,151,random,,,,,,
758,6216192,21166,23,1439.0,2536.2,3.2,7.9,2.09,0.8333,0.6667,1.0,0.0,0.8333,,304.8,5.22,13.5,0.7233,16.33,0.259,2.06,0.0105,0.0859,0.9231,-0.0092,0.0173,-0.6471,151,random,,,,,,
759,6224384,21192,26,1450.4,2465.8,3.3,7.9,2.1,0.6429,0.5,0.8333,0.0,0.6429,,357.5,7.0,0.14,0.75,16.12,0.2698,2.12,0.0116,0.0809,0.9177,-0.0071,0.0193,-0.6674,151,random,,,,,,
760,6232576,21218,26,1461.5,2644.7,3.1,7.9,1.93,0.7273,0.5,0.8571,0.0,0.7273,,322.6,6.0,6.55,0.7071,14.99,0.2612,2.03,0.0132,0.0821,0.8996,-0.01,0.0236,-0.6197,151,random,,,,,,
761,6240768,21235,17,1472.5,2767.3,3.0,8.0,1.82,0.5,1.0,0.0,0.0,0.5,,351.1,6.47,-3.67,0.7174,15.83,0.2597,2.05,0.0141,0.0871,0.874,-0.0088,0.0222,-0.6414,152,random,,,,,,
762,6248960,21259,24,1484.1,2340.1,3.5,7.7,2.35,0.7778,0.6,1.0,0.0,0.7778,,370.7,6.71,3.33,0.7403,16.05,0.2667,2.1,0.013,0.086,0.8641,-0.009,0.0252,-0.6682,152,random,,,,,,
763,6257152,21285,26,1495.4,2370.2,3.5,7.9,2.3,0.8,0.5,0.8462,0.0,0.8,,334.8,6.5,12.6,0.7413,15.81,0.2686,2.1,0.0201,0.0981,0.8988,-0.0087,0.0214,-0.6408,152,random,,,,,,
764,6265344,21308,23,1507.1,2313.0,3.5,8.0,2.39,0.4545,0.75,0.2857,0.0,0.4545,,299.5,5.65,9.73,0.7141,15.43,0.261,2.04,0.014,0.088,0.8938,-0.0097,0.022,-0.6617,152,random,,,,,,
765,6273536,21338,30,1518.8,2262.4,3.6,8.1,2.44,0.7368,0.7273,0.75,0.0,0.7368,,343.0,7.0,9.16,0.7535,16.34,0.2697,2.12,0.0131,0.1062,0.8357,-0.0084,0.0323,-0.6552,152,random,,,,,,
766,6281728,21372,34,1530.9,2163.5,3.8,7.9,2.58,0.8824,0.8,1.0,0.0,0.8824,,278.7,5.41,6.65,0.7066,15.34,0.2588,2.03,0.0132,0.0911,0.8495,-0.0088,0.0276,-0.6315,153,random,,,,,,
767,6289920,21395,23,1542.7,2141.8,3.8,7.9,2.61,0.8571,0.875,0.8333,0.0,0.8571,,329.3,6.52,8.14,0.7095,16.25,0.2545,2.03,0.0119,0.0928,0.8837,-0.0123,0.0175,-0.6477,153,random,,,,,,
768,6298112,21420,25,1554.6,2160.3,3.8,8.0,2.63,0.6364,0.8333,0.4,0.0,0.6364,,363.6,7.0,0.91,0.7207,16.35,0.258,2.06,0.0129,0.0845,0.8461,-0.0083,0.0237,-0.6201,153,random,,,,,,
769,6306304,21441,21,1566.1,2416.4,3.4,7.9,2.26,0.7333,0.6667,0.8333,0.0,0.7333,,289.6,6.67,5.33,0.6753,15.35,0.2473,1.96,0.0102,0.0742,0.8908,-0.0095,0.0164,-0.6166,153,random,,,,,,
770,6314496,21466,25,1577.7,2317.4,3.5,7.9,2.35,0.7857,0.7143,0.8571,0.0,0.7857,,302.5,6.32,12.93,0.7109,15.8,0.2576,2.04,0.0134,0.0912,0.8958,-0.0085,0.0198,-0.6373,153,random,,,,,,
771,6322688,21490,24,1589.2,2375.5,3.4,7.9,2.26,0.9333,0.8571,1.0,0.0,0.9333,,319.0,6.67,7.8,0.6716,15.43,0.2454,1.96,0.0123,0.0941,0.876,-0.008,0.0223,-0.608,154,random,,,,,,
772,6330880,21514,24,1600.7,2336.2,3.5,9.6,2.38,0.8,0.6667,1.0,0.0,0.8,,373.3,6.5,12.0,0.6787,15.46,0.2478,1.97,0.0115,0.0887,0.8872,-0.0088,0.0231,-0.6234,154,random,1043,200,0.86,0.75,0.97,2.5
773,6339072,21538,24,1616.5,2360.8,3.5,8.0,2.25,0.7333,0.7778,0.6667,0.0,0.7333,,277.3,5.71,7.53,0.7098,15.99,0.256,2.03,0.0134,0.0959,0.9046,-0.0096,0.0171,-0.6359,154,random,,,,,,
774,6347264,21565,27,1628.1,2393.7,3.4,8.0,2.25,0.8571,1.0,0.6667,0.0,0.8571,,347.9,6.67,8.93,0.6745,15.27,0.2474,1.96,0.0117,0.0913,0.8355,-0.007,0.0313,-0.6326,154,random,,,,,,
775,6355456,21592,27,1639.7,2448.1,3.3,8.1,2.17,0.9167,0.8,1.0,0.0,0.9167,,369.5,6.56,9.0,0.7532,16.69,0.2676,2.12,0.0122,0.0812,0.9179,-0.0107,0.0168,-0.6587,154,random,,,,,,
776,6363648,21610,18,1651.2,2487.2,3.3,7.9,2.16,0.6364,0.5,0.8,0.0,0.6364,,335.2,6.83,6.64,0.6981,15.62,0.254,2.01,0.011,0.0859,0.9346,-0.0089,0.0149,-0.63,155,random,,,,,,
777,6371840,21633,23,1662.7,2412.7,3.4,7.8,2.22,1.0,1.0,1.0,0.0,1.0,,348.3,6.78,15.64,0.7001,16.16,0.2516,2.01,0.0113,0.0862,0.9332,-0.0117,0.0152,-0.6262,155,random,,,,,,
778,6380032,21653,20,1674.0,2504.6,3.3,7.8,2.12,0.5556,0.3333,1.0,0.0,0.5556,,365.4,6.65,4.44,0.6992,16.03,0.252,2.01,0.0119,0.0936,0.9001,-0.0101,0.0188,-0.6366,155,random,,,,,,
779,6388224,21674,21,1685.0,2652.9,3.1,8.0,1.91,0.8889,0.8,1.0,0.0,0.8889,,388.8,7.29,13.78,0.7023,16.15,0.2524,2.02,0.0115,0.0998,0.9235,-0.0089,0.0135,-0.6334,155,random,,,,,,
780,6396416,21701,27,1696.3,2679.3,3.1,7.9,1.86,0.5,0.3333,0.8,0.0,0.5,,355.4,6.67,-0.36,0.663,14.86,0.2457,1.94,0.0132,0.0937,0.8605,-0.0097,0.0272,-0.6424,155,random,,,,,,
781,6404608,21730,29,1707.5,2613.3,3.1,7.8,1.97,0.6667,0.4,1.0,0.0,0.6667,,383.3,6.31,7.56,0.6888,15.83,0.2494,1.99,0.0125,0.1003,0.9245,-0.0082,0.0161,-0.6177,156,random,,,,,,
782,6412800,21754,24,1718.9,2391.7,3.4,8.0,2.26,0.6667,0.5556,1.0,0.0,0.6667,,253.7,4.79,4.08,0.6921,15.65,0.2517,2.0,0.0106,0.0907,0.9094,-0.0099,0.0184,-0.6294,156,random,,,,,,
783,6420992,21776,22,1730.6,2366.0,3.5,8.1,2.3,0.9091,0.75,1.0,0.0,0.9091,,350.6,6.77,12.45,0.7358,15.96,0.2656,2.09,0.0095,0.0873,0.941,-0.0085,0.0133,-0.6639,156,random,,,,,,
784,6429184,21804,28,1742.5,2257.3,3.6,8.0,2.46,0.6875,0.3333,0.9,0.0,0.6875,,303.8,6.25,11.81,0.7227,15.64,0.2628,2.06,0.014,0.0962,0.8898,-0.0076,0.0276,-0.6503,156,random,,,,,,
785,6437376,21829,25,1754.0,2407.6,3.4,8.0,2.23,0.6875,0.2,0.9091,0.0,0.6875,,281.1,5.92,5.69,0.7907,16.66,0.2811,2.2,0.0112,0.0917,0.9443,-0.0107,0.0163,-0.7004,156,random,,,,,,
786,6445568,21859,30,1765.4,2551.3,3.2,8.0,2.05,0.6667,0.6154,0.8,0.0,0.6667,,328.0,6.13,-0.83,0.7389,15.61,0.2689,2.09,0.01,0.0897,0.9125,-0.01,0.0192,-0.6673,157,random,,,,,,
787,6453760,21882,23,1776.6,2786.7,2.9,8.1,1.8,0.8,0.6667,0.8571,0.0,0.8,,341.3,6.09,10.8,0.7356,16.05,0.265,2.09,0.0103,0.082,0.9358,-0.0091,0.0155,-0.6469,157,random,,,,,,
788,6461952,21905,23,1787.8,2818.3,2.9,8.1,1.76,0.7,0.6,0.8,0.0,0.7,,278.6,5.22,6.0,0.7316,15.8,0.2651,2.08,0.0144,0.0992,0.9467,-0.0077,0.0178,-0.659,157,random,,,,,,
789,6470144,21927,22,1799.3,2445.6,3.3,8.1,2.19,0.7143,0.5,0.8,0.0,0.7143,,401.5,6.55,11.29,0.7366,16.41,0.2632,2.09,0.0138,0.0965,0.9401,-0.008,0.0203,-0.648,157,random,,,,,,
790,6478336,21965,38,1811.1,2348.7,3.5,8.0,2.3,0.5882,0.4545,0.8333,0.0,0.5882,,335.3,6.03,4.0,0.7386,16.54,0.2632,2.09,0.0124,0.0979,0.9011,-0.0089,0.028,-0.639,157,random,,,,,,
791,6486528,21995,30,1822.6,2487.3,3.3,8.1,2.12,0.6471,0.4545,1.0,0.0,0.6471,,247.8,5.2,5.82,0.7178,15.78,0.2602,2.05,0.013,0.0929,0.919,-0.0087,0.0214,-0.6253,158,random,,,,,,
792,6494720,22016,21,1834.2,2486.9,3.3,9.7,2.18,0.7,0.6,0.8,0.0,0.7,,311.1,5.86,4.5,0.6936,15.21,0.2548,2.0,0.0096,0.0795,0.9373,-0.0092,0.0176,-0.6174,158,random,1044,200,0.83,0.73,0.93,1.3
