update,timesteps,games,games_in_rollout,elapsed_s,steps_per_s,rollout_s,update_s,wait_s,win_rate,win_rate_us,win_rate_ussr,draw_rate,win_rate_vs_pool,win_rate_vs_anchor,ep_len_mean,turn_mean,entropy,k_valid,entropy_ratio,k_eff,approx_kl,clip_fraction,explained_variance,policy_loss,value_loss,entropy_loss,pool_size,anchor
1,8192,7,7,2.7,3126.3,2.6,4.3,,,,,,,,105.9,1.86,1.8117,9.98,0.7876,6.12,0.0,0.0,-0.0102,-0.0001,0.0084,-1.6813,0,random
2,16384,43,36,10.1,2723.1,3.0,4.7,,,,,,,,181.7,3.44,1.7688,9.61,0.7818,5.86,0.0,0.0,-0.0043,-0.0002,0.0407,-1.6616,0,random
3,24576,74,31,18.0,2640.4,3.1,4.7,,,,,,,,225.2,4.1,1.7859,10.21,0.7687,5.96,0.0,0.0,0.0022,-0.0002,0.0347,-1.6755,0,random
4,32768,104,30,26.0,2639.7,3.1,4.8,,,,,,,,263.1,4.7,1.7728,9.84,0.7755,5.89,0.0001,0.0,-0.0167,-0.0005,0.0326,-1.6575,0,random
5,40960,126,22,33.8,2803.3,2.9,5.0,,,,,,,,306.1,5.45,1.7778,10.16,0.7669,5.92,0.0001,0.0,0.068,-0.0005,0.0245,-1.6756,0,random
6,49152,155,29,42.7,2191.2,3.7,5.0,,0.6667,,0.6667,0.0,0.6667,,281.6,5.17,1.7959,10.41,0.7665,6.02,0.0001,0.0,0.1588,-0.0005,0.0297,-1.6712,1,random
7,57344,184,29,51.8,2069.7,4.0,5.2,,0.6667,1.0,0.6,0.0,0.6667,,260.9,5.07,1.7805,10.23,0.7658,5.93,0.0004,0.0,0.134,-0.0007,0.031,-1.6795,1,random
8,65536,217,33,61.4,1890.6,4.3,5.2,,0.8333,1.0,0.6667,0.0,0.8333,,263.2,5.55,1.8131,10.76,0.7632,6.13,0.0004,0.0,0.3476,-0.001,0.0296,-1.6865,1,random
9,73728,257,40,71.5,1716.7,4.8,5.1,,0.6087,0.4375,1.0,0.0,0.6087,,227.9,5.72,1.7842,10.36,0.7631,5.95,0.0006,0.0002,0.3833,-0.001,0.0351,-1.6765,1,random
10,81920,293,36,81.2,1801.8,4.5,5.1,,0.4286,0.125,0.8333,0.0,0.4286,,260.2,5.64,1.7799,10.03,0.7719,5.93,0.0008,0.0002,0.4116,-0.0012,0.0365,-1.6684,1,random
11,90112,327,34,91.1,1771.5,4.6,5.3,,0.5789,0.6667,0.5,0.0,0.5789,,232.9,5.91,1.7952,10.74,0.7561,6.02,0.0021,0.0045,0.5583,-0.0018,0.0302,-1.671,2,random
12,98304,363,36,100.8,1915.7,4.3,5.5,,0.3333,0.1818,0.5714,0.0,0.3333,,226.6,5.28,1.7861,10.06,0.7738,5.97,0.0034,0.0085,0.5655,-0.0021,0.0311,-1.6692,2,random
13,106496,394,31,110.8,1901.5,4.3,5.5,,0.4167,0.0,0.5556,0.0,0.4167,,235.1,5.29,1.7643,10.04,0.765,5.84,0.0034,0.0074,0.624,-0.0025,0.0295,-1.654,2,random
14,114688,429,35,121.1,1759.9,4.7,5.6,,0.4444,0.5,0.4286,0.1111,0.4444,,291.2,6.34,1.7621,10.58,0.747,5.82,0.0043,0.0302,0.754,-0.004,0.0263,-1.6493,2,random
15,122880,466,37,131.6,1685.8,4.9,5.5,,0.5,0.1111,0.8889,0.0,0.5,,224.6,5.41,1.7466,10.39,0.7461,5.74,0.0033,0.0156,0.7862,-0.0024,0.0274,-1.6319,2,random
16,131072,502,36,142.6,1502.9,5.5,5.5,,0.381,0.2,0.5455,0.0,0.381,,218.2,5.75,1.7281,9.73,0.7596,5.63,0.0043,0.0251,0.7468,-0.003,0.0326,-1.6205,3,random
17,139264,536,34,153.8,1461.9,5.6,5.6,,0.5294,0.375,0.6667,0.0,0.5294,,211.7,5.56,1.7444,10.65,0.7375,5.72,0.0024,0.0102,0.7914,-0.0019,0.0274,-1.6429,3,random
18,147456,572,36,164.9,1532.7,5.3,5.6,,0.5217,0.3,0.6923,0.0,0.5217,,223.2,6.03,1.7429,10.6,0.7383,5.71,0.0032,0.0196,0.7596,-0.0029,0.0351,-1.6307,3,random
19,155648,606,34,176.1,1498.1,5.5,5.5,,0.5263,0.125,0.8182,0.0,0.5263,,208.8,5.47,1.7039,10.28,0.7314,5.5,0.004,0.0279,0.8456,-0.0037,0.0245,-1.6123,3,random
20,163840,644,38,187.3,1460.7,5.6,5.0,,0.6,0.2857,0.7692,0.05,0.6,,259.6,6.45,1.7056,10.44,0.7272,5.5,0.0037,0.0212,0.8384,-0.0032,0.0283,-1.5883,3,random
21,172032,679,35,198.5,1332.5,6.1,4.9,,0.3333,0.1818,0.5714,0.0,0.3333,,225.9,5.83,1.7113,10.57,0.7258,5.54,0.0046,0.0256,0.8596,-0.0037,0.0285,-1.5908,4,random
22,180224,719,40,210.3,1211.6,6.8,4.5,,0.5,0.2,0.8,0.0,0.5,,247.8,5.9,1.6965,10.38,0.725,5.46,0.0029,0.0112,0.8486,-0.0025,0.0327,-1.5809,4,random
23,188416,758,39,222.0,1163.0,7.0,4.6,,0.36,0.25,0.4615,0.0,0.36,,190.3,5.33,1.7003,10.79,0.715,5.48,0.0035,0.0287,0.8562,-0.0034,0.0312,-1.5496,4,random
24,196608,793,35,232.9,1310.6,6.3,4.6,,0.4545,0.125,0.6429,0.0,0.4545,,256.2,7.2,1.681,10.37,0.7188,5.37,0.0046,0.0286,0.8653,-0.0037,0.0248,-1.5734,4,random
25,204800,830,37,243.3,1437.6,5.7,4.7,,0.4211,0.2,0.6667,0.0,0.4211,,214.4,5.46,1.694,10.57,0.7184,5.44,0.0033,0.0193,0.8469,-0.004,0.0285,-1.588,4,random
26,212992,861,31,254.0,1396.1,5.9,4.7,,0.3077,0.25,0.4,0.0,0.3077,,215.7,5.35,1.7092,10.89,0.7159,5.52,0.0036,0.0176,0.8707,-0.0034,0.0286,-1.559,5,random
27,221184,902,41,265.0,1318.4,6.2,5.0,,0.5263,0.3,0.7778,0.0,0.5263,,234.0,5.63,1.7276,11.46,0.7085,5.63,0.0034,0.0294,0.8444,-0.003,0.0372,-1.5939,5,random
28,229376,931,29,276.0,1369.8,6.0,5.4,,0.4375,0.2727,0.8,0.0,0.4375,,217.3,5.52,1.686,10.64,0.7129,5.4,0.0035,0.0249,0.8765,-0.0037,0.0218,-1.5755,5,random
29,237568,976,45,287.2,1445.3,5.7,5.4,,0.3182,0.1111,0.4615,0.0,0.3182,,228.7,5.78,1.6876,10.72,0.7114,5.41,0.004,0.0334,0.7953,-0.0045,0.0397,-1.5686,5,random
30,245760,1017,41,298.7,1365.3,6.0,5.5,,0.5714,0.2727,0.9,0.0,0.5714,,210.8,5.24,1.6535,10.48,0.7037,5.23,0.0041,0.0257,0.8271,-0.0044,0.0347,-1.5275,5,random
31,253952,1057,40,310.8,1258.2,6.5,5.6,,0.4615,0.3125,0.7,0.0,0.4615,,187.4,5.2,1.6496,10.75,0.6946,5.2,0.0041,0.0309,0.7806,-0.0042,0.0379,-1.5533,6,random
32,262144,1097,40,323.1,1253.1,6.5,5.1,,0.5556,0.5,0.6667,0.037,0.5556,,213.8,6.03,1.6376,10.5,0.6963,5.14,0.0034,0.0248,0.7663,-0.0043,0.0417,-1.5145,6,random
33,270336,1137,40,334.8,1248.6,6.6,5.0,,0.6,0.5455,0.6667,0.0,0.6,,223.2,5.62,1.6599,11.12,0.689,5.26,0.0035,0.0239,0.8016,-0.0039,0.0338,-1.5426,6,random
34,278528,1170,33,346.4,1249.4,6.6,4.7,,0.44,0.1,0.6667,0.0,0.44,,187.2,6.03,1.627,10.3,0.6975,5.09,0.0028,0.018,0.8088,-0.0039,0.0284,-1.5207,6,random
35,286720,1209,39,357.7,1271.1,6.4,4.6,,0.6087,0.4167,0.8182,0.0,0.6087,,220.3,6.05,1.6617,10.7,0.7011,5.27,0.0034,0.0285,0.8164,-0.004,0.03,-1.5093,6,random
36,294912,1246,37,368.6,1304.5,6.3,4.5,,0.5882,0.4444,0.75,0.0,0.5882,,213.7,5.35,1.5995,10.58,0.678,4.95,0.0034,0.0269,0.8211,-0.0038,0.0301,-1.5109,7,random
37,303104,1281,35,379.5,1296.6,6.3,4.6,,0.4667,0.2222,0.8333,0.0,0.4667,,233.9,5.57,1.6244,11.2,0.6725,5.08,0.0059,0.04,0.8254,-0.0057,0.0294,-1.4852,7,random
38,311296,1308,27,390.8,1242.0,6.6,4.8,,0.9286,0.8333,1.0,0.0,0.9286,,258.1,6.78,1.5862,10.9,0.664,4.89,0.0049,0.037,0.8239,-0.0042,0.0243,-1.4776,7,random
39,319488,1351,43,401.9,1309.2,6.3,4.9,,0.76,0.6364,0.8571,0.0,0.76,,239.9,6.4,1.6424,11.25,0.6786,5.17,0.0047,0.0334,0.7555,-0.0056,0.039,-1.4676,7,random
40,327680,1395,44,412.9,1378.6,5.9,4.9,,0.6667,0.4286,0.7857,0.0,0.6667,,207.0,5.23,1.5996,10.8,0.6723,4.95,0.0046,0.0358,0.8114,-0.005,0.0298,-1.4999,7,random
41,335872,1431,36,423.6,1427.5,5.7,5.0,,0.5263,0.5556,0.5,0.0,0.5263,,180.0,4.81,1.6406,11.22,0.6787,5.16,0.0039,0.0267,0.7611,-0.0049,0.0379,-1.4798,8,random
42,344064,1466,35,435.1,1288.4,6.4,5.2,,0.6923,0.5,0.8571,0.0,0.6923,,234.5,5.51,1.5631,10.41,0.6672,4.77,0.0037,0.0242,0.8146,-0.0049,0.0291,-1.4917,8,random
43,352256,1511,45,446.6,1327.3,6.2,5.4,,0.6207,0.4,0.8571,0.0,0.6207,,186.2,5.29,1.6122,10.83,0.6767,5.01,0.0037,0.0229,0.8034,-0.0039,0.0344,-1.4836,8,random
44,360448,1545,34,458.2,1337.5,6.1,5.4,,0.6471,0.5,0.7778,0.0,0.6471,,238.5,6.0,1.5861,10.58,0.6723,4.88,0.0048,0.0333,0.8333,-0.0049,0.0318,-1.4908,8,random
45,368640,1581,36,469.5,1423.7,5.8,5.6,,0.4762,0.3636,0.6,0.0,0.4762,,203.2,5.53,1.6235,11.3,0.6697,5.07,0.0048,0.0381,0.7939,-0.0042,0.0362,-1.4706,8,random
46,376832,1603,22,481.0,1435.4,5.7,5.9,,0.6429,0.375,1.0,0.0,0.6429,,248.8,6.36,1.5493,10.69,0.654,4.71,0.0046,0.0311,0.8581,-0.0054,0.023,-1.4608,9,random
47,385024,1640,37,492.0,1620.4,5.1,5.9,,0.7059,0.6,0.8571,0.0,0.7059,,278.2,6.76,1.6347,12.26,0.6523,5.13,0.0046,0.0352,0.8396,-0.005,0.0306,-1.4793,9,random
48,393216,1669,29,503.1,1623.9,5.0,5.8,,0.7333,0.6667,0.7778,0.0,0.7333,,256.1,6.07,1.5342,10.12,0.6629,4.64,0.0044,0.0359,0.7817,-0.0059,0.0316,-1.4173,9,random
49,401408,1711,42,514.6,1464.6,5.6,5.5,,0.75,0.5714,0.8889,0.0,0.75,,246.6,5.57,1.5078,10.34,0.6454,4.52,0.0052,0.0446,0.7042,-0.0056,0.0449,-1.4008,9,random
50,409600,1746,35,526.0,1423.2,5.8,5.4,,0.5714,0.4286,0.8571,0.0,0.5714,,212.6,5.74,1.5029,9.95,0.6542,4.49,0.0048,0.0352,0.8096,-0.0055,0.03,-1.4051,9,random
51,417792,1775,29,537.1,1467.9,5.6,5.3,,0.5625,0.25,0.875,0.0,0.5625,,223.1,5.83,1.5475,11.11,0.6427,4.7,0.0047,0.0375,0.8336,-0.005,0.0242,-1.435,10,random
52,425984,1809,34,547.9,1523.3,5.4,5.2,,0.6471,0.5714,0.7,0.0588,0.6471,,281.9,6.85,1.5217,10.44,0.6489,4.58,0.0054,0.0511,0.8024,-0.0054,0.0324,-1.4169,10,random
53,434176,1835,26,558.2,1646.5,5.0,4.9,,0.5,0.4545,0.6667,0.0,0.5,,238.8,6.08,1.4628,10.37,0.6255,4.32,0.0057,0.0444,0.8348,-0.0053,0.0277,-1.3628,10,random
54,442368,1872,37,568.6,1528.3,5.4,4.7,,0.7647,0.5,1.0,0.0,0.7647,,262.7,6.19,1.4986,11.07,0.6234,4.48,0.0049,0.0396,0.8154,-0.007,0.032,-1.3917,10,random
55,450560,1911,39,578.8,1515.9,5.4,4.6,,0.6316,0.375,0.8182,0.0,0.6316,,268.3,6.46,1.4969,10.61,0.6339,4.47,0.0043,0.0453,0.7977,-0.0049,0.0363,-1.3695,10,random
56,458752,1942,31,589.2,1433.8,5.7,4.4,,0.6154,0.4,0.75,0.0,0.6154,,245.3,6.06,1.4334,10.18,0.6179,4.19,0.0062,0.0561,0.8031,-0.0065,0.0297,-1.3493,11,random
57,466944,1969,27,599.3,1473.7,5.6,4.4,,0.6875,0.6,0.8333,0.0,0.6875,,226.3,6.3,1.4658,10.5,0.6235,4.33,0.0073,0.0479,0.7747,-0.0058,0.0275,-1.3516,11,random
58,475136,2003,34,609.3,1497.5,5.5,4.3,,0.7647,0.7143,0.8,0.0,0.7647,,244.4,5.94,1.4167,9.83,0.6199,4.12,0.0068,0.0581,0.7997,-0.0068,0.0326,-1.3289,11,random
59,483328,2036,33,619.1,1537.8,5.3,4.4,,0.5882,0.2222,1.0,0.0,0.5882,,249.7,6.24,1.4311,10.25,0.6148,4.18,0.0049,0.0335,0.807,-0.0057,0.0335,-1.3185,11,random
60,491520,2074,38,629.1,1473.6,5.6,4.1,,0.5,0.4,0.625,0.0,0.5,,265.0,6.34,1.4074,9.7,0.6195,4.09,0.0056,0.0551,0.7279,-0.0065,0.0395,-1.281,11,random
61,499712,2103,29,639.2,1378.9,5.9,4.2,,0.7857,0.5,1.0,0.0,0.7857,,241.6,6.14,1.3933,9.63,0.6151,4.03,0.0055,0.0457,0.8105,-0.0054,0.026,-1.2874,12,random
62,507904,2137,34,649.0,1477.7,5.5,4.4,,0.375,0.3,0.5,0.0,0.375,,232.4,5.91,1.3942,9.77,0.6118,4.03,0.0049,0.0422,0.7708,-0.0059,0.0303,-1.2634,12,random
63,516096,2164,27,658.8,1546.3,5.3,4.5,,0.5833,0.6667,0.5,0.0,0.5833,,271.2,6.7,1.3617,9.51,0.6046,3.9,0.0066,0.0599,0.7674,-0.0051,0.0358,-1.2338,12,random
64,524288,2202,38,668.9,1481.2,5.5,4.9,,0.7647,0.6667,0.875,0.0,0.7647,,251.3,5.95,1.3609,9.42,0.6067,3.9,0.006,0.045,0.7387,-0.0058,0.037,-1.2619,12,random
65,532480,2241,39,679.7,1395.4,5.9,5.1,,0.6667,0.4545,0.8462,0.0417,0.6667,,200.6,5.46,1.3579,9.37,0.6069,3.89,0.006,0.0589,0.6611,-0.0059,0.0385,-1.2415,12,random
66,540672,2281,40,690.3,1506.4,5.4,5.3,,0.5769,0.3636,0.7333,0.0,0.5769,,226.2,6.17,1.3484,9.41,0.6016,3.85,0.007,0.0663,0.7145,-0.0043,0.0412,-1.2475,13,random
67,548864,2304,23,700.0,1907.9,4.3,5.0,,0.4615,0.3333,0.75,0.0,0.4615,,241.7,6.43,1.3439,9.32,0.6021,3.83,0.0064,0.0651,0.818,-0.0048,0.0254,-1.2315,13,random
68,557056,2343,39,709.8,1755.8,4.7,4.8,,0.5833,0.625,0.5,0.0,0.5833,,292.2,6.44,1.3361,9.21,0.6018,3.8,0.0051,0.0451,0.7419,-0.0052,0.0364,-1.2455,13,random
69,565248,2372,29,719.4,1701.2,4.8,4.5,,0.5833,0.4286,0.8,0.0,0.5833,,238.3,6.0,1.3474,9.25,0.6056,3.85,0.0055,0.0519,0.7351,-0.0064,0.0398,-1.201,13,random
70,573440,2409,37,729.5,1493.0,5.5,4.6,,0.5385,0.6667,0.25,0.0,0.5385,,255.1,6.11,1.3036,8.8,0.5993,3.68,0.0057,0.0533,0.743,-0.0072,0.0371,-1.1912,13,random
71,581632,2448,39,739.9,1461.7,5.6,4.8,,0.6538,0.5714,0.75,0.0,0.6538,,186.7,5.13,1.3381,9.29,0.6003,3.81,0.006,0.0487,0.7461,-0.0063,0.0355,-1.2234,14,random
72,589824,2485,37,750.7,1386.9,5.9,4.7,,0.6364,0.6667,0.6154,0.0,0.6364,,197.6,5.24,1.3088,9.19,0.5901,3.7,0.0085,0.0872,0.7292,-0.0046,0.0394,-1.2256,14,random
73,598016,2512,27,760.8,1552.6,5.3,4.6,,0.5714,0.2,0.7778,0.0714,0.5714,,289.7,6.93,1.3581,10.08,0.5877,3.89,0.0054,0.0535,0.8337,-0.0061,0.0225,-1.2356,14,random
74,606208,2541,29,770.9,1518.3,5.4,4.6,,0.5789,0.1429,0.8333,0.0,0.5789,,265.0,6.93,1.3176,9.69,0.58,3.73,0.0056,0.0531,0.8627,-0.0059,0.0207,-1.2254,14,random
75,614400,2576,35,780.4,1705.8,4.8,4.2,,0.4706,0.3333,0.625,0.0,0.4706,,265.5,6.57,1.2955,8.8,0.5957,3.65,0.0065,0.0494,0.7705,-0.0064,0.0346,-1.203,14,random
76,622592,2606,30,789.9,1599.0,5.1,4.0,,0.6471,0.7778,0.5,0.0,0.6471,,181.2,4.6,1.2772,8.94,0.5829,3.59,0.0089,0.0667,0.7748,-0.0036,0.0325,-1.157,15,random
77,630784,2639,33,799.3,1525.2,5.4,4.1,,0.7273,0.5,1.0,0.0,0.7273,,334.1,7.0,1.2891,8.93,0.5888,3.63,0.006,0.0551,0.8085,-0.0068,0.0256,-1.1692,15,random
78,638976,2669,30,808.7,1580.8,5.2,4.0,,0.5,0.3333,0.8333,0.0,0.5,,221.5,6.0,1.2782,9.63,0.5644,3.59,0.0086,0.0671,0.7918,-0.0074,0.0283,-1.1531,15,random
79,647168,2693,24,817.2,1888.0,4.3,4.7,,0.7778,0.5,1.0,0.0,0.7778,,271.2,6.21,1.2593,9.65,0.5555,3.52,0.0067,0.0564,0.8258,-0.0061,0.028,-1.1465,15,random
80,655360,2719,26,826.7,1764.2,4.6,5.0,,0.7143,0.6667,0.75,0.0,0.7143,,362.2,7.62,1.2351,8.9,0.5651,3.44,0.0052,0.0529,0.8235,-0.0066,0.0298,-1.1205,15,random
81,663552,2752,33,836.9,1606.1,5.1,5.0,,0.5333,0.2857,0.75,0.0,0.5333,,269.4,6.27,1.2397,9.04,0.5632,3.45,0.0062,0.0548,0.7842,-0.0066,0.0346,-1.1393,16,random
82,671744,2782,30,847.5,1479.6,5.5,5.1,,0.5,0.4286,0.6,0.0,0.5,,321.8,7.27,1.3016,9.8,0.5702,3.68,0.0061,0.0475,0.7463,-0.0063,0.0381,-1.1563,16,random
83,679936,2824,42,859.0,1312.6,6.2,4.7,,0.7917,0.7,0.8571,0.0,0.7917,,222.4,5.71,1.2574,9.03,0.5713,3.52,0.0065,0.065,0.7667,-0.0065,0.0337,-1.136,16,random
84,688128,2851,27,869.4,1444.4,5.7,4.7,,0.8235,0.7,1.0,0.0588,0.8235,,208.2,6.07,1.2277,9.27,0.5513,3.41,0.0064,0.0549,0.8522,-0.0048,0.0237,-1.1316,16,random
85,696320,2894,43,880.5,1324.1,6.2,4.4,,0.5263,0.3333,0.8571,0.0,0.5263,,259.0,6.21,1.2388,8.35,0.5836,3.45,0.0063,0.0551,0.7233,-0.0071,0.0426,-1.1152,16,random
86,704512,2928,34,891.5,1260.6,6.5,4.2,,0.6667,0.6923,0.625,0.0,0.6667,,200.3,5.38,1.2859,9.54,0.5702,3.62,0.0114,0.0715,0.7315,-0.0072,0.0451,-1.1757,17,random
87,712704,2967,39,901.2,1548.8,5.3,4.6,,0.7917,0.5556,0.9333,0.0,0.7917,,236.8,6.26,1.2975,9.32,0.5811,3.66,0.0075,0.0696,0.8064,-0.0067,0.0328,-1.176,17,random
88,720896,3004,37,910.6,1740.5,4.7,4.8,,0.5833,0.6667,0.5556,0.0,0.5833,,206.8,4.76,1.2602,8.67,0.5835,3.53,0.0045,0.052,0.7777,-0.004,0.0349,-1.1394,17,random
89,729088,3041,37,919.4,2085.7,3.9,5.2,,0.6842,0.7778,0.6,0.0,0.6842,,207.2,5.11,1.269,9.33,0.5683,3.56,0.0096,0.0693,0.7368,-0.0066,0.037,-1.1586,17,random
90,737280,3070,29,928.8,2031.9,4.0,4.9,,0.7692,0.6,0.875,0.0,0.7692,,195.3,4.45,1.2602,8.86,0.5777,3.53,0.0072,0.0593,0.8106,-0.0061,0.027,-1.1347,17,random
91,745472,3106,36,938.5,1733.3,4.7,4.7,,0.8333,0.875,0.75,0.0,0.8333,,299.5,6.36,1.2736,9.45,0.567,3.57,0.0059,0.058,0.7438,-0.007,0.04,-1.1687,18,random
92,753664,3132,26,948.9,1466.6,5.6,4.7,,0.8462,0.75,1.0,0.0,0.8462,,253.6,5.88,1.2453,8.96,0.5679,3.47,0.0067,0.0557,0.7724,-0.0063,0.0295,-1.1194,18,random
93,761856,3163,31,958.7,1646.0,5.0,4.6,,0.5,0.375,0.6667,0.0,0.5,,279.2,6.77,1.2351,8.76,0.569,3.44,0.008,0.0594,0.8205,-0.0065,0.0298,-1.1427,18,random
94,770048,3195,32,968.7,1528.0,5.4,4.5,,0.8125,0.7,1.0,0.0,0.8125,,265.3,6.38,1.2904,9.96,0.5614,3.63,0.0064,0.065,0.8077,-0.0058,0.0267,-1.1699,18,random
95,778240,3219,24,978.7,1510.8,5.4,4.2,,0.8182,0.6,1.0,0.0,0.8182,,274.0,6.46,1.2655,9.5,0.5622,3.54,0.0066,0.0721,0.8682,-0.0042,0.0198,-1.1163,18,random
96,786432,3253,34,989.1,1365.1,6.0,4.4,,0.65,0.5714,0.6923,0.0,0.65,,263.2,6.79,1.2287,9.09,0.5566,3.42,0.0067,0.0572,0.8282,-0.0073,0.0314,-1.1048,19,random
97,794624,3289,36,999.3,1427.5,5.7,4.5,,0.875,0.8571,0.8889,0.0,0.875,,271.1,6.14,1.2421,9.29,0.5571,3.46,0.0058,0.0562,0.8044,-0.0061,0.032,-1.1331,19,random
98,802816,3323,34,1008.9,1623.8,5.0,4.1,,0.65,0.625,0.6667,0.0,0.65,,236.8,6.09,1.2114,9.03,0.5505,3.36,0.0074,0.0567,0.7749,-0.0079,0.0367,-1.114,19,random
99,811008,3353,30,1018.3,1575.6,5.2,4.0,,0.7273,0.5,0.8571,0.0,0.7273,,249.6,5.67,1.2069,8.81,0.5547,3.34,0.007,0.0697,0.8042,-0.0053,0.0342,-1.096,19,random
100,819200,3377,24,1028.0,1450.6,5.6,4.0,,0.7857,0.5,0.9,0.0,0.7857,,206.5,5.58,1.1505,8.06,0.5514,3.16,0.0082,0.0656,0.8619,-0.0058,0.0246,-1.0753,19,random
101,827392,3418,41,1038.1,1361.1,6.0,4.0,,0.8,0.6,0.8667,0.0,0.8,,269.8,6.05,1.2153,9.29,0.5453,3.37,0.0063,0.0703,0.7874,-0.0065,0.0434,-1.1029,20,random
102,835584,3453,35,1049.0,1210.6,6.8,4.3,,0.8421,0.75,1.0,0.0,0.8421,,256.9,6.34,1.1836,8.87,0.5423,3.27,0.0077,0.07,0.7891,-0.0058,0.0343,-1.0951,20,random
103,843776,3484,31,1059.4,1352.5,6.1,4.5,,0.75,0.5,1.0,0.0,0.75,,276.1,6.68,1.2273,9.83,0.5371,3.41,0.0065,0.0624,0.7919,-0.006,0.0303,-1.1188,20,random
104,851968,3521,37,1070.5,1267.7,6.5,4.8,,0.65,0.7273,0.5556,0.0,0.65,,230.6,6.11,1.2577,10.07,0.5446,3.52,0.0055,0.06,0.7305,-0.0071,0.0401,-1.1553,20,random
105,860160,3560,39,1081.2,1404.9,5.8,5.1,,0.5714,0.5,0.6667,0.0,0.5714,,252.9,6.21,1.2711,10.13,0.5489,3.56,0.0071,0.0663,0.7261,-0.007,0.0383,-1.1296,20,random
106,868352,3598,38,1091.8,1524.1,5.4,5.2,,0.7826,0.8333,0.7273,0.0,0.7826,,201.1,5.21,1.2782,9.98,0.5556,3.59,0.0058,0.0573,0.7745,-0.0071,0.0383,-1.1511,21,random
107,876544,3627,29,1102.0,1695.4,4.8,5.2,,0.8947,0.9,0.8889,0.0,0.8947,,222.0,5.9,1.2512,10.46,0.5331,3.49,0.0065,0.064,0.796,-0.0069,0.0318,-1.1463,21,random
108,884736,3657,30,1111.8,1834.8,4.5,5.3,,0.7895,0.9,0.6667,0.0526,0.7895,,211.9,5.6,1.2044,9.48,0.5354,3.33,0.0062,0.0561,0.8327,-0.0067,0.027,-1.1288,21,random
109,892928,3692,35,1121.8,1769.5,4.6,5.3,,0.7895,0.7,0.8889,0.0,0.7895,,227.4,5.43,1.2334,10.07,0.534,3.43,0.0064,0.0665,0.8342,-0.0078,0.0286,-1.1028,21,random
110,901120,3724,32,1131.7,1849.9,4.4,5.1,,0.8,0.625,1.0,0.0,0.8,,261.3,5.78,1.2083,9.68,0.5322,3.35,0.0067,0.0666,0.8172,-0.0079,0.0286,-1.0839,21,random
111,909312,3760,36,1141.9,1629.1,5.0,5.1,,0.8571,0.8,1.0,0.0,0.8571,,268.2,5.72,1.1901,9.81,0.5211,3.29,0.0079,0.0597,0.7844,-0.0066,0.0347,-1.1036,22,random
112,917504,3793,33,1151.7,1794.4,4.6,4.7,,0.7222,0.6364,0.8571,0.0,0.7222,,241.2,5.82,1.1985,9.82,0.5248,3.32,0.0069,0.0604,0.8179,-0.0072,0.0279,-1.1058,22,random
113,925696,3814,21,1161.0,1796.6,4.6,4.5,,0.8182,0.6667,1.0,0.0,0.8182,,248.8,6.0,1.2494,10.75,0.5261,3.49,0.0068,0.0572,0.8387,-0.0075,0.024,-1.1067,22,random
114,933888,3839,25,1170.3,1732.3,4.7,4.2,,0.7778,0.6,1.0,0.0,0.7778,,349.2,7.6,1.2282,10.63,0.5197,3.41,0.0095,0.0656,0.8275,-0.0063,0.0263,-1.113,22,random
115,942080,3861,22,1179.7,1614.6,5.1,4.1,,0.6667,0.6667,0.6667,0.0,0.6667,,305.8,7.0,1.1761,10.69,0.4964,3.24,0.0091,0.0849,0.778,-0.0068,0.0315,-1.0787,22,random
116,950272,3883,22,1188.9,1632.3,5.0,4.6,,1.0,1.0,1.0,0.0,1.0,,382.3,7.5,1.1391,10.29,0.4886,3.12,0.0082,0.0785,0.823,-0.0059,0.0242,-1.0702,23,random
117,958464,3908,25,1198.6,1614.1,5.1,4.8,,0.6364,0.8,0.5,0.0,0.6364,,336.4,7.4,1.1913,10.77,0.5012,3.29,0.0065,0.0786,0.7915,-0.0061,0.032,-1.0829,23,random
118,966656,3940,32,1209.1,1471.7,5.6,4.7,,0.8333,0.8571,0.8182,0.0,0.8333,,297.7,7.16,1.1812,10.56,0.501,3.26,0.0063,0.0654,0.8447,-0.0076,0.0256,-1.0779,23,random
119,974848,3966,26,1218.6,1772.6,4.6,5.0,,0.6923,0.5,1.0,0.0,0.6923,,355.7,7.77,1.1617,10.11,0.5021,3.2,0.007,0.0699,0.8696,-0.0063,0.0193,-1.0598,23,random
120,983040,3990,24,1228.2,1801.6,4.5,5.1,,0.7143,0.5714,0.8571,0.0,0.7143,,293.1,7.25,1.1334,10.13,0.4895,3.11,0.0077,0.0778,0.8624,-0.0075,0.0204,-1.07,23,random
121,991232,4008,18,1238.0,1811.8,4.5,5.1,,0.75,0.6667,0.8,0.0,0.75,,350.8,7.28,1.1334,10.04,0.4913,3.11,0.0077,0.0677,0.8667,-0.0058,0.0222,-1.0297,24,random
122,999424,4041,33,1248.5,1548.0,5.3,5.1,,0.6667,0.6,0.8,0.0,0.6667,,351.9,7.79,1.1044,9.72,0.4857,3.02,0.0055,0.0596,0.8866,-0.007,0.0211,-1.0357,24,random
123,1007616,4068,27,1259.0,1547.3,5.3,5.0,,0.7333,0.7,0.8,0.0667,0.7333,,299.0,7.15,1.1258,9.72,0.495,3.08,0.0079,0.0674,0.8536,-0.0075,0.0234,-1.0255,24,random
124,1015808,4090,22,1268.9,1723.9,4.8,5.1,,0.5,0.375,1.0,0.1,0.5,,340.1,8.14,1.0792,9.56,0.478,2.94,0.0072,0.0661,0.8673,-0.0066,0.0213,-1.0179,24,random
125,1024000,4123,33,1278.5,1847.0,4.4,5.2,,0.8571,0.8,0.8889,0.0,0.8571,,290.4,6.85,1.1287,10.04,0.4893,3.09,0.0102,0.0812,0.7786,-0.0065,0.033,-1.0336,24,random
126,1032192,4139,16,1288.4,1767.0,4.6,4.8,,0.6667,0.5,1.0,0.0,0.6667,,267.9,6.19,1.0941,9.59,0.484,2.99,0.0066,0.0572,0.8831,-0.0066,0.0199,-1.0183,25,random
127,1040384,4174,35,1298.1,1701.1,4.8,4.6,,0.7333,0.75,0.7143,0.0667,0.7333,,354.9,8.09,1.1643,10.86,0.4881,3.2,0.0061,0.0732,0.7728,-0.0073,0.0369,-1.0581,25,random
128,1048576,4201,27,1307.9,1588.5,5.2,4.3,,0.8,0.7143,0.875,0.0,0.8,,254.1,6.15,1.0958,9.87,0.4787,2.99,0.0067,0.0631,0.7869,-0.0055,0.0294,-1.0008,25,random
129,1056768,4234,33,1317.7,1484.6,5.5,4.0,,0.6875,0.5,0.8,0.0,0.6875,,289.4,6.82,1.1027,9.8,0.483,3.01,0.012,0.0869,0.8158,-0.0066,0.0295,-0.9962,25,random
130,1064960,4265,31,1327.3,1493.9,5.5,4.1,,0.7143,0.6667,0.75,0.0,0.7143,,221.7,5.19,1.1159,9.74,0.4902,3.05,0.0065,0.0699,0.6848,-0.0064,0.0339,-1.0049,25,random
131,1073152,4292,27,1336.7,1559.4,5.3,4.1,,0.7273,0.8333,0.6,0.0,0.7273,,299.7,7.0,1.0842,9.46,0.4825,2.96,0.0078,0.0785,0.7802,-0.0059,0.0272,-0.9917,26,random
132,1081344,4328,36,1346.5,1451.7,5.6,4.0,,0.6667,0.5455,0.8571,0.0,0.6667,,268.0,6.14,1.11,9.67,0.4892,3.03,0.0077,0.0575,0.7111,-0.0068,0.0343,-0.9843,26,random
133,1089536,4363,35,1355.9,1556.9,5.3,4.0,,0.7778,0.5,1.0,0.0,0.7778,,233.0,5.54,1.048,9.12,0.474,2.85,0.006,0.0623,0.7121,-0.0069,0.0352,-0.9895,26,random
134,1097728,4393,30,1365.6,1460.4,5.6,4.0,,0.8,0.6,1.0,0.0,0.8,,254.2,5.63,1.0827,8.92,0.4947,2.95,0.0083,0.0724,0.7715,-0.0062,0.0331,-0.9993,26,random
135,1105920,4436,43,1375.9,1332.1,6.1,4.1,,0.75,0.6364,0.8889,0.0,0.75,,239.4,5.77,1.1102,9.34,0.4969,3.03,0.0069,0.063,0.7395,-0.0073,0.0398,-0.9979,26,random
136,1114112,4486,50,1386.3,1301.0,6.3,4.0,,0.7097,0.6471,0.7857,0.0323,0.7097,,184.0,4.98,1.1105,9.35,0.4967,3.04,0.0072,0.0701,0.7379,-0.0057,0.0433,-1.0109,27,random
137,1122304,4514,28,1396.2,1403.2,5.8,4.1,,0.8333,0.875,0.75,0.0,0.8333,,235.1,5.36,1.0967,9.68,0.4831,2.99,0.0099,0.0648,0.7937,-0.0058,0.0331,-0.9982,27,random
138,1130496,4563,49,1406.7,1302.9,6.3,4.0,,0.6522,0.5455,0.75,0.0,0.6522,,194.9,4.69,1.0865,9.63,0.4798,2.96,0.0107,0.0714,0.6884,-0.0055,0.048,-0.9758,27,random
139,1138688,4605,42,1416.5,1429.6,5.7,4.1,,0.7619,0.5833,1.0,0.0,0.7619,,196.8,4.88,1.1055,10.26,0.4748,3.02,0.0059,0.0578,0.7522,-0.0064,0.0395,-0.9639,27,random
140,1146880,4638,33,1426.2,1464.9,5.6,4.1,,0.7333,0.75,0.7143,0.0,0.7333,,221.0,5.39,1.0406,9.57,0.4606,2.83,0.007,0.0642,0.7438,-0.0063,0.0384,-0.9605,27,random
141,1155072,4672,34,1436.0,1463.6,5.6,4.1,,0.8421,0.7778,0.9,0.0,0.8421,,224.7,5.62,1.0604,10.34,0.454,2.89,0.0055,0.0596,0.76,-0.0051,0.0317,-0.9559,28,random
142,1163264,4707,35,1445.4,1550.6,5.3,4.3,,0.8667,0.8333,0.8889,0.0,0.8667,,206.0,4.8,1.096,10.45,0.4671,2.99,0.009,0.0851,0.7884,-0.008,0.0351,-0.9894,28,random
143,1171456,4758,51,1454.9,1618.5,5.1,4.4,,0.8696,0.7692,1.0,0.0435,0.8696,,211.5,4.75,1.1022,10.34,0.4718,3.01,0.0083,0.0656,0.765,-0.0058,0.0412,-0.9669,28,random
144,1179648,4788,30,1464.7,1537.6,5.3,4.5,,0.6923,0.5714,0.8333,0.0,0.6923,,202.1,4.63,1.0464,10.2,0.4505,2.85,0.0069,0.0686,0.8299,-0.0069,0.0296,-0.9425,28,random
145,1187840,4816,28,1474.1,1695.4,4.8,4.9,,0.8824,0.8,1.0,0.0,0.8824,,214.4,5.5,1.0264,10.18,0.4424,2.79,0.0087,0.0733,0.8831,-0.0064,0.0216,-0.9869,28,random
146,1196032,4849,33,1483.5,1881.6,4.4,5.3,,0.8125,1.0,0.7,0.0,0.8125,,237.8,5.55,1.0562,10.22,0.4544,2.88,0.0083,0.0757,0.7787,-0.0073,0.0357,-0.9393,29,random
147,1204224,4882,33,1493.4,1812.9,4.5,5.0,,0.8,0.8,0.8,0.0,0.8,,292.3,6.27,1.0259,10.51,0.4361,2.79,0.0088,0.0803,0.8482,-0.0065,0.0302,-0.9412,29,random
148,1212416,4906,24,1503.0,1785.6,4.6,4.6,,0.8889,0.8333,1.0,0.0,0.8889,,278.4,5.92,1.0705,10.79,0.4501,2.92,0.0078,0.0681,0.8763,-0.0064,0.0227,-0.9726,29,random
149,1220608,4936,30,1513.2,1501.0,5.5,4.5,,0.8462,0.8889,0.75,0.0,0.8462,,246.9,5.47,1.107,11.28,0.4569,3.03,0.0082,0.0739,0.8342,-0.0066,0.0367,-0.9933,29,random
150,1228800,4977,41,1523.9,1330.1,6.2,4.6,,0.7727,0.8333,0.75,0.0,0.7727,,267.0,6.1,1.0928,10.99,0.4559,2.98,0.0066,0.064,0.8216,-0.007,0.0332,-0.9892,29,random
151,1236992,5009,32,1534.3,1451.0,5.6,4.7,,0.8095,0.9,0.7273,0.0,0.8095,,246.4,5.94,1.0517,10.75,0.4429,2.86,0.007,0.0606,0.7997,-0.007,0.0396,-0.9611,30,random
152,1245184,5036,27,1544.4,1534.7,5.3,4.3,,0.8235,1.0,0.7273,0.0,0.8235,,231.1,5.85,1.0745,11.55,0.4392,2.93,0.0069,0.0677,0.8172,-0.0064,0.0339,-0.9711,30,random
153,1253376,5066,30,1554.6,1418.7,5.8,4.2,,0.7143,0.6667,0.8,0.0,0.7143,,279.9,6.1,1.0502,11.25,0.4338,2.86,0.009,0.0758,0.8441,-0.0091,0.0289,-0.9593,30,random
154,1261568,5099,33,1564.7,1411.9,5.8,4.3,,0.8235,0.875,0.7778,0.0,0.8235,,305.2,6.76,1.0752,11.85,0.4349,2.93,0.0079,0.0919,0.8288,-0.0058,0.035,-0.9722,30,random
155,1269760,5126,27,1574.6,1482.5,5.5,4.3,,0.8333,1.0,0.7143,0.0,0.8333,,269.0,5.89,1.0419,11.5,0.4266,2.83,0.0076,0.0674,0.804,-0.0061,0.0367,-0.9526,30,random
156,1277952,5155,29,1584.7,1429.7,5.7,4.2,,0.7059,0.6667,0.75,0.0,0.7059,,304.6,6.72,1.0698,11.79,0.4336,2.91,0.008,0.0834,0.8377,-0.0063,0.0279,-0.9408,31,random
157,1286144,5180,25,1594.8,1415.6,5.8,4.3,,0.7647,0.5,0.9091,0.0,0.7647,,245.0,6.0,1.0533,11.76,0.4273,2.87,0.0103,0.1,0.8455,-0.0028,0.026,-0.9585,31,random
158,1294336,5208,28,1605.4,1317.6,6.2,4.3,,0.9333,0.8333,1.0,0.0,0.9333,,266.1,6.11,1.0992,12.6,0.4339,3.0,0.0086,0.0745,0.8149,-0.0073,0.0292,-0.9807,31,random
159,1302528,5241,33,1615.9,1350.4,6.1,4.4,,0.7222,0.6923,0.8,0.0,0.7222,,340.6,7.36,1.093,12.41,0.434,2.98,0.0139,0.0923,0.8271,-0.0053,0.029,-1.009,31,random
160,1310720,5268,27,1626.4,1378.4,5.9,4.3,,0.9412,0.8333,1.0,0.0,0.9412,,301.0,6.74,1.0451,11.82,0.4231,2.84,0.0079,0.0822,0.8423,-0.0072,0.0224,-0.9559,31,random
161,1318912,5298,30,1636.2,1508.7,5.4,4.2,,0.9375,0.8889,1.0,0.0,0.9375,,270.3,6.47,1.0302,11.57,0.4207,2.8,0.0077,0.0899,0.8178,-0.0069,0.0269,-0.9422,32,random
162,1327104,5321,23,1646.2,1438.0,5.7,4.2,,0.9091,1.0,0.8333,0.0,0.9091,,241.1,5.35,1.0252,12.35,0.4079,2.79,0.0074,0.0663,0.8243,-0.007,0.0285,-0.9311,32,random
163,1335296,5347,26,1656.0,1495.6,5.5,4.1,,0.8667,0.9,0.8,0.0,0.8667,,349.8,7.73,1.0078,12.33,0.4012,2.74,0.0094,0.0884,0.8694,-0.0084,0.0182,-0.9208,32,random
164,1343488,5381,34,1666.2,1371.1,6.0,4.2,,0.95,1.0,0.9091,0.0,0.95,,261.0,5.85,1.0086,11.68,0.4104,2.74,0.0089,0.0771,0.8032,-0.0066,0.0323,-0.9396,32,random
165,1351680,5403,22,1676.0,1488.5,5.5,4.3,,0.9167,0.875,1.0,0.0,0.9167,,285.4,6.32,1.0396,12.98,0.4056,2.83,0.0081,0.068,0.8604,-0.0072,0.0241,-0.9173,32,random
166,1359872,5431,28,1685.9,1502.6,5.5,4.5,,0.9286,0.9,1.0,0.0,0.9286,,348.5,7.18,0.9916,12.44,0.3933,2.7,0.0081,0.0724,0.8634,-0.0074,0.0236,-0.8951,33,random
167,1368064,5462,31,1695.5,1650.2,5.0,4.8,,0.7647,0.5714,0.9,0.0588,0.7647,,289.5,6.23,1.0128,12.54,0.4005,2.75,0.0101,0.0775,0.8158,-0.007,0.0304,-0.9035,33,random
168,1376256,5483,21,1705.3,1685.8,4.9,5.2,,0.9091,1.0,0.8,0.0,0.9091,,286.2,6.0,1.0021,12.83,0.3926,2.72,0.0111,0.086,0.8779,-0.0064,0.0199,-0.8948,33,random
169,1384448,5512,29,1715.2,1748.4,4.7,5.3,,1.0,1.0,1.0,0.0,1.0,,305.8,6.14,0.9734,12.15,0.3897,2.65,0.0086,0.0829,0.855,-0.008,0.026,-0.8819,33,random
170,1392640,5549,37,1725.5,1672.9,4.9,5.4,,0.9,1.0,0.8182,0.0,0.9,,270.2,5.65,0.9648,12.06,0.3875,2.62,0.0102,0.076,0.7572,-0.0069,0.0365,-0.8631,33,random
171,1400832,5573,24,1735.3,1876.8,4.4,5.2,,1.0,1.0,1.0,0.0,1.0,,316.9,6.08,0.9471,12.58,0.3741,2.58,0.008,0.074,0.8583,-0.0063,0.0216,-0.8641,34,random
172,1409024,5599,26,1745.3,1724.7,4.7,5.1,,0.6154,0.6667,0.5714,0.0,0.6154,,296.4,6.23,0.9678,12.43,0.384,2.63,0.0075,0.0704,0.7865,-0.0061,0.031,-0.8563,34,random
173,1417216,5626,27,1755.3,1736.1,4.7,4.8,,0.8125,0.9,0.6667,0.0,0.8125,,280.0,6.11,0.9656,13.58,0.3702,2.63,0.0084,0.0849,0.8042,-0.0062,0.0256,-0.8515,34,random
174,1425408,5646,20,1765.0,1684.0,4.9,4.3,,0.6667,0.75,0.6,0.0,0.6667,,338.6,6.65,0.923,12.81,0.362,2.52,0.0119,0.0772,0.8436,-0.0066,0.0227,-0.8625,34,random
175,1433600,5667,21,1774.7,1545.6,5.3,4.2,,1.0,1.0,1.0,0.0,1.0,,406.3,7.33,0.9438,12.67,0.3716,2.57,0.0088,0.0742,0.8276,-0.008,0.0232,-0.87,34,random
176,1441792,5698,31,1784.8,1411.5,5.8,4.1,,0.9167,0.8333,1.0,0.0,0.9167,,334.2,6.48,0.9535,13.73,0.3641,2.59,0.0086,0.077,0.8133,-0.0068,0.0278,-0.8618,35,random
177,1449984,5727,29,1794.7,1450.8,5.6,4.3,,0.6875,0.75,0.6667,0.0,0.6875,,268.6,5.83,0.9334,12.51,0.3695,2.54,0.0081,0.0712,0.76,-0.0076,0.0468,-0.8496,35,random
178,1458176,5751,24,1804.5,1518.7,5.4,4.8,,0.8667,0.7778,1.0,0.0,0.8667,,258.5,5.46,0.9559,13.96,0.3626,2.6,0.0065,0.0715,0.8755,-0.0058,0.0232,-0.8934,35,random
179,1466368,5774,23,1813.8,1871.9,4.4,5.1,,0.75,0.8182,0.0,0.0,0.75,,365.9,7.35,0.9475,13.87,0.3603,2.58,0.0093,0.0862,0.7965,-0.0046,0.0393,-0.8425,35,random
180,1474560,5793,19,1823.3,1897.0,4.3,5.5,,0.875,0.8,1.0,0.0,0.875,,344.1,6.37,0.9555,14.48,0.3575,2.6,0.0081,0.0826,0.9016,-0.0066,0.0224,-0.8801,35,random
181,1482752,5824,31,1833.6,1752.2,4.7,5.2,,0.7333,0.5714,0.875,0.0,0.7333,,340.9,6.55,0.9421,14.15,0.3556,2.57,0.0116,0.0814,0.7396,-0.0023,0.045,-0.8577,36,random
182,1490944,5842,18,1843.4,1794.6,4.6,4.8,,0.8,0.8,0.8,0.0,0.8,,339.7,6.44,0.9356,14.39,0.3509,2.55,0.0091,0.0852,0.8861,-0.0067,0.0146,-0.8347,36,random
183,1499136,5861,19,1853.2,1679.7,4.9,4.6,,1.0,1.0,1.0,0.0,1.0,,370.3,7.21,0.9369,14.03,0.3548,2.55,0.0075,0.0937,0.8634,-0.0057,0.0212,-0.874,36,random
184,1507328,5891,30,1863.2,1539.1,5.3,4.3,,0.9,1.0,0.6667,0.0,0.9,,415.5,7.13,0.9323,13.34,0.3599,2.54,0.0094,0.0788,0.7032,-0.006,0.0387,-0.8552,36,random
185,1515520,5917,26,1873.3,1423.2,5.8,4.3,,0.7273,0.7143,0.75,0.0,0.7273,,296.2,5.58,0.8982,12.93,0.3509,2.46,0.0103,0.1068,0.6788,-0.0032,0.038,-0.824,36,random
186,1523712,5945,28,1883.7,1368.8,6.0,4.3,,0.6471,0.7143,0.6,0.0,0.6471,,272.8,5.82,0.9077,14.59,0.3386,2.48,0.0084,0.0626,0.7327,-0.0064,0.0335,-0.8101,37,random
187,1531904,5970,25,1894.0,1385.7,5.9,4.5,,0.6923,0.8,0.625,0.0,0.6923,,319.0,6.36,0.9112,14.09,0.3444,2.49,0.0088,0.0745,0.7444,-0.0064,0.0341,-0.8331,37,random
188,1540096,6001,31,1904.3,1465.4,5.6,4.5,,0.9375,0.8889,1.0,0.0,0.9375,,268.9,5.45,0.8921,13.08,0.347,2.44,0.009,0.08,0.6594,-0.0065,0.0332,-0.8399,37,random
189,1548288,6027,26,1914.8,1375.1,6.0,4.7,,0.7273,0.6667,0.8,0.0,0.7273,,349.0,6.46,0.9236,13.46,0.3553,2.52,0.0064,0.0633,0.757,-0.0065,0.0269,-0.8334,37,random
190,1556480,6051,24,1925.4,1415.4,5.8,4.8,,0.9412,0.9091,1.0,0.0,0.9412,,274.1,6.29,0.9331,14.76,0.3467,2.54,0.0088,0.0827,0.8273,-0.0063,0.0199,-0.8619,37,random
191,1564672,6076,25,1935.4,1589.4,5.2,5.1,,0.9167,0.75,1.0,0.0,0.9167,,353.8,7.12,0.9178,14.5,0.3432,2.5,0.009,0.0746,0.8163,-0.0076,0.0233,-0.8357,38,random
192,1572864,6099,23,1945.6,1678.2,4.9,5.5,,0.7273,0.5,0.8571,0.0,0.7273,,322.7,6.48,0.9242,14.38,0.3466,2.52,0.0099,0.0835,0.7582,-0.0096,0.0292,-0.8216,38,random
193,1581056,6123,24,1956.3,1605.6,5.1,5.3,,0.6923,0.6667,0.7143,0.0,0.6923,,378.4,7.08,0.8584,13.71,0.3279,2.36,0.0089,0.0798,0.7705,-0.0069,0.0286,-0.8085,38,random
194,1589248,6147,24,1966.4,1730.5,4.7,5.5,,0.8182,0.75,0.8571,0.0,0.8182,,331.9,6.58,0.8644,13.75,0.3298,2.37,0.0153,0.0966,0.7224,-0.0039,0.0267,-0.8243,38,random
195,1597440,6178,31,1977.2,1599.3,5.1,5.6,,0.7273,0.75,0.6667,0.0,0.7273,,358.6,6.42,0.8991,14.75,0.3341,2.46,0.0083,0.0935,0.6775,-0.0046,0.0335,-0.7886,38,random
196,1605632,6192,14,1987.7,1712.6,4.8,5.3,,0.4,0.4,0.4,0.0,0.4,,285.0,6.57,0.8726,13.6,0.3343,2.39,0.008,0.0725,0.8257,-0.0065,0.0196,-0.8001,39,random
197,1613824,6215,23,1998.1,1634.3,5.0,5.5,,1.0,1.0,1.0,0.0,1.0,,349.6,6.26,0.8976,13.89,0.3412,2.45,0.0121,0.0967,0.7945,-0.0063,0.0259,-0.8318,39,random
198,1622016,6247,32,2009.0,1542.0,5.3,5.6,,0.7895,0.6667,0.9,0.0,0.7895,,340.0,6.78,0.8521,14.31,0.3202,2.34,0.0059,0.0623,0.7899,-0.0066,0.0243,-0.7776,39,random
199,1630208,6267,20,2019.5,1701.4,4.8,5.2,,0.6364,0.625,0.6667,0.0,0.6364,,298.9,6.2,0.8646,14.12,0.3266,2.37,0.01,0.0714,0.8212,-0.005,0.0208,-0.7958,39,random
200,1638400,6301,34,2029.9,1637.0,5.0,5.0,,0.9412,0.9,1.0,0.0,0.9412,,342.6,6.35,0.8503,13.49,0.3268,2.34,0.0092,0.0771,0.797,-0.0086,0.0271,-0.7913,39,random
201,1646592,6323,22,2040.1,1584.5,5.2,4.2,,0.6,0.5,0.6667,0.0,0.6,,298.1,5.64,0.8942,13.7,0.3416,2.45,0.0078,0.069,0.8702,-0.007,0.0194,-0.7824,40,random
202,1654784,6349,26,2050.2,1402.5,5.8,4.2,,0.8,0.8,0.8,0.0,0.8,,346.1,6.23,0.8384,14.13,0.3165,2.31,0.0078,0.0701,0.8716,-0.0088,0.0208,-0.7655,40,random
203,1662976,6371,22,2059.5,1629.1,5.0,4.7,,1.0,1.0,1.0,0.0,1.0,,258.4,5.14,0.8405,14.71,0.3126,2.32,0.0069,0.0667,0.8258,-0.0063,0.0236,-0.7503,40,random
204,1671168,6394,23,2069.0,1774.5,4.6,5.3,,0.7,0.6667,0.75,0.0,0.7,,345.0,6.48,0.793,14.34,0.2978,2.21,0.0091,0.0699,0.8234,-0.0058,0.0254,-0.742,40,random
205,1679360,6423,29,2079.3,1684.9,4.9,5.6,,0.7273,0.6667,1.0,0.0,0.7273,,340.6,6.0,0.7765,14.04,0.2939,2.17,0.0087,0.0754,0.8413,-0.0061,0.0247,-0.7077,40,random
206,1687552,6451,28,2090.2,1551.5,5.3,5.3,,0.9231,0.9,1.0,0.0,0.9231,,303.2,5.5,0.7892,13.17,0.3062,2.2,0.0109,0.0827,0.8327,-0.0065,0.0255,-0.7297,41,random
207,1695744,6482,31,2101.3,1445.2,5.7,5.5,,0.7059,1.0,0.6154,0.0,0.7059,,325.4,6.48,0.8205,13.81,0.3125,2.27,0.0075,0.0775,0.7822,-0.0071,0.034,-0.7502,41,random
208,1703936,6503,21,2112.4,1495.4,5.5,5.7,,0.8889,1.0,0.75,0.0,0.8889,,296.1,5.71,0.8251,14.25,0.3105,2.28,0.0085,0.0835,0.824,-0.0049,0.0201,-0.745,41,random
209,1712128,6529,26,2123.3,1595.6,5.1,5.5,,0.7059,0.6364,0.8333,0.0,0.7059,,302.0,6.5,0.8168,13.93,0.3101,2.26,0.0074,0.0678,0.7939,-0.0062,0.0247,-0.7326,41,random
210,1720320,6550,21,2133.7,1674.9,4.9,5.1,,0.6667,0.6,0.7143,0.0,0.6667,,294.9,6.1,0.8611,15.39,0.315,2.37,0.0094,0.1029,0.8741,-0.0046,0.0198,-0.782,41,random
211,1728512,6579,29,2144.1,1582.6,5.2,5.0,,0.5714,0.5,0.6,0.0,0.5714,,347.4,6.28,0.8384,14.8,0.3111,2.31,0.0076,0.0801,0.8232,-0.0049,0.027,-0.7738,42,random
212,1736704,6600,21,2154.9,1443.1,5.7,4.9,,0.6667,0.6667,0.6667,0.0,0.6667,,305.8,5.81,0.865,14.21,0.326,2.38,0.0069,0.072,0.8134,-0.0047,0.0272,-0.7848,42,random
213,1744896,6632,32,2165.9,1381.5,5.9,5.2,,0.7857,0.8182,0.6667,0.0,0.7857,,350.5,6.44,0.8633,14.55,0.3224,2.37,0.0095,0.0873,0.8133,-0.0063,0.0258,-0.7849,42,random
214,1753088,6659,27,2176.4,1553.8,5.3,5.1,,0.7143,0.6667,0.8,0.0,0.7143,,269.0,5.37,0.8089,13.47,0.311,2.25,0.0072,0.0689,0.7441,-0.0066,0.0278,-0.7696,42,random
215,1761280,6687,28,2187.1,1483.0,5.5,5.2,,0.9231,0.8571,1.0,0.0,0.9231,,325.7,6.39,0.8203,13.65,0.3138,2.27,0.0084,0.0779,0.8412,-0.007,0.0189,-0.7874,42,random
216,1769472,6712,25,2197.6,1587.1,5.2,5.2,,0.5714,0.4444,0.8,0.0,0.5714,,328.3,6.6,0.8903,14.59,0.3322,2.44,0.0074,0.0808,0.8063,-0.0069,0.0247,-0.7737,43,random
217,1777664,6728,16,2207.8,1683.4,4.9,5.0,,0.6667,0.6667,0.6667,0.0,0.6667,,397.9,7.56,0.8044,13.71,0.3073,2.24,0.0078,0.0696,0.8697,-0.0075,0.0164,-0.7579,43,random
218,1785856,6746,18,2218.3,1509.3,5.4,5.1,,1.0,1.0,1.0,0.0,1.0,,412.1,7.33,0.8232,14.11,0.311,2.28,0.0081,0.066,0.8617,-0.0052,0.0178,-0.7552,43,random
219,1794048,6774,28,2229.0,1480.0,5.5,5.3,,0.6875,0.5,0.875,0.0,0.6875,,337.6,7.32,0.8507,14.24,0.3203,2.34,0.0069,0.0765,0.8747,-0.0062,0.0213,-0.7792,43,random
220,1802240,6799,25,2239.8,1518.3,5.4,5.1,,0.7692,0.7143,0.8333,0.0,0.7692,,297.7,6.04,0.8496,14.29,0.3194,2.34,0.0075,0.0626,0.834,-0.0066,0.0213,-0.7755,43,random
221,1810432,6829,30,2250.6,1471.4,5.6,5.0,,0.8,0.75,0.8571,0.0,0.8,,321.4,6.4,0.8579,13.91,0.3258,2.36,0.0091,0.0856,0.7753,-0.0057,0.0355,-0.7751,44,random
222,1818624,6850,21,2261.7,1355.9,6.0,5.1,,0.5,0.6667,0.4286,0.0,0.5,,352.8,6.67,0.8815,14.64,0.3285,2.41,0.0103,0.0816,0.8763,-0.0069,0.0201,-0.7708,44,random
223,1826816,6874,24,2272.8,1399.4,5.9,4.8,,0.6875,0.5,0.875,0.0,0.6875,,286.0,6.21,0.8106,13.84,0.3085,2.25,0.0088,0.0798,0.8324,-0.0056,0.0215,-0.7617,44,random
224,1835008,6904,30,2283.1,1513.5,5.4,4.8,,0.7222,0.7,0.75,0.0,0.7222,,319.0,6.63,0.8775,13.73,0.335,2.4,0.0092,0.0797,0.8689,-0.0062,0.0209,-0.8068,44,random
225,1843200,6935,31,2293.5,1488.2,5.5,4.7,,0.7778,0.75,0.8,0.0,0.7778,,300.0,5.87,0.8516,13.15,0.3305,2.34,0.0053,0.0506,0.8272,-0.0061,0.0246,-0.7981,44,random
226,1851392,6953,18,2303.7,1501.8,5.5,3.9,,0.7778,1.0,0.5,0.0,0.7778,,337.0,6.11,0.8449,13.65,0.3233,2.33,0.007,0.0692,0.8466,-0.008,0.0203,-0.7953,45,random
227,1859584,6978,25,2312.2,1820.5,4.5,4.0,,0.75,0.75,0.75,0.0,0.75,,330.0,6.36,0.8788,14.42,0.3293,2.41,0.0072,0.0658,0.8483,-0.0077,0.0214,-0.812,45,random
228,1867776,7013,35,2320.9,1726.9,4.7,3.9,,0.8571,0.7692,1.0,0.0,0.8571,,303.4,6.26,0.8521,14.18,0.3213,2.34,0.0066,0.0639,0.7913,-0.0065,0.0274,-0.7791,45,random
229,1875968,7033,20,2329.3,1891.4,4.3,3.9,,0.9167,1.0,0.8333,0.0,0.9167,,278.8,5.55,0.8227,13.98,0.3119,2.28,0.0058,0.071,0.8052,-0.0059,0.0235,-0.7844,45,random
230,1884160,7054,21,2337.5,1921.1,4.3,4.0,,0.8333,0.75,0.875,0.0,0.8333,,363.2,7.38,0.8156,13.48,0.3136,2.26,0.0076,0.0735,0.8266,-0.0076,0.0198,-0.7499,45,random
231,1892352,7077,23,2345.8,1938.7,4.2,3.9,,1.0,1.0,1.0,0.0,1.0,,398.1,7.04,0.8095,13.51,0.3109,2.25,0.0074,0.0778,0.8158,-0.0044,0.0231,-0.7524,46,random
232,1900544,7104,27,2354.4,1733.5,4.7,3.9,,0.75,1.0,0.6364,0.0,0.75,,324.1,6.93,0.843,13.79,0.3213,2.32,0.0062,0.0678,0.8216,-0.0055,0.0249,-0.7831,46,random
233,1908736,7124,20,2362.6,1975.7,4.1,3.9,,0.75,0.8,0.6667,0.0,0.75,,366.9,7.1,0.8825,13.71,0.3371,2.42,0.0066,0.0721,0.8683,-0.0066,0.0175,-0.8013,46,random
234,1916928,7154,30,2371.2,1788.6,4.6,3.9,,0.7143,0.6364,1.0,0.0,0.7143,,376.9,6.97,0.7862,12.58,0.3104,2.19,0.0087,0.0835,0.7846,-0.0063,0.029,-0.7388,46,random
235,1925120,7177,23,2379.8,1759.5,4.7,3.9,,0.75,0.6667,0.8,0.0,0.75,,243.0,5.61,0.8099,13.31,0.3129,2.25,0.0075,0.073,0.8612,-0.0063,0.0181,-0.7507,46,random
236,1933312,7202,25,2387.7,2053.0,4.0,3.9,,0.7692,0.7778,0.75,0.0,0.7692,,294.0,5.96,0.7968,13.6,0.3053,2.22,0.0077,0.0764,0.869,-0.007,0.0206,-0.7454,47,random
237,1941504,7232,30,2395.4,2156.3,3.8,3.8,,0.8,0.6667,1.0,0.0,0.8,,340.1,6.13,0.812,12.77,0.3188,2.25,0.0066,0.0598,0.8847,-0.0077,0.019,-0.7319,47,random
238,1949696,7252,20,2403.8,1858.9,4.4,3.9,,0.7143,0.5,0.8,0.0,0.7143,,327.2,5.9,0.8143,13.3,0.3147,2.26,0.0076,0.0666,0.8474,-0.0065,0.0242,-0.7269,47,random
239,1957888,7282,30,2411.7,2080.2,3.9,3.9,,0.7,0.6429,0.8333,0.0,0.7,,312.5,6.63,0.7982,12.67,0.3144,2.22,0.0055,0.0688,0.796,-0.0061,0.0287,-0.7249,47,random
240,1966080,7309,27,2419.1,2353.7,3.5,3.9,,0.6667,0.6667,0.6667,0.0,0.6667,,302.0,5.44,0.8672,14.27,0.3263,2.38,0.0083,0.0808,0.8572,-0.0061,0.0229,-0.7687,47,random
241,1974272,7322,13,2427.0,2145.8,3.8,3.9,,0.6,0.3333,1.0,0.0,0.6,,281.5,4.92,0.8251,14.08,0.3119,2.28,0.0076,0.0668,0.8459,-0.0067,0.0178,-0.7283,48,random
242,1982464,7348,26,2435.0,2038.0,4.0,3.9,,0.8,0.8,0.8,0.0,0.8,,397.2,7.0,0.8094,13.45,0.3114,2.25,0.0068,0.0647,0.8215,-0.0068,0.0245,-0.7478,48,random
243,1990656,7381,33,2443.2,1917.3,4.3,3.8,,0.7857,0.8182,0.6667,0.0,0.7857,,352.8,6.45,0.7612,13.55,0.2921,2.14,0.0078,0.0706,0.7999,-0.0066,0.0287,-0.6889,48,random
244,1998848,7400,19,2451.6,1841.1,4.4,3.8,,0.625,0.5,0.75,0.0,0.625,,320.0,5.68,0.7806,13.45,0.3003,2.18,0.0089,0.0774,0.8406,-0.0062,0.0195,-0.7124,48,random
245,2007040,7428,28,2460.0,1785.6,4.6,4.0,,0.7692,0.6667,0.8571,0.0,0.7692,,351.8,6.89,0.8335,14.01,0.3158,2.3,0.0067,0.0669,0.8468,-0.006,0.0252,-0.7406,48,random
246,2015232,7463,35,2468.9,1684.8,4.9,3.8,,0.6667,0.7,0.625,0.0,0.6667,,313.1,5.94,0.7787,12.67,0.3067,2.18,0.0081,0.0604,0.8223,-0.006,0.031,-0.7087,49,random
247,2023424,7487,24,2478.1,1564.1,5.2,3.8,,0.7692,0.7143,0.8333,0.0,0.7692,,267.6,5.46,0.8146,13.43,0.3136,2.26,0.007,0.0762,0.844,-0.0066,0.0219,-0.731,49,random
248,2031616,7512,25,2487.2,1572.2,5.2,3.9,,0.5882,0.5714,0.6,0.0588,0.5882,,313.6,7.16,0.7647,13.32,0.2953,2.15,0.0073,0.0663,0.8539,-0.007,0.0227,-0.7196,49,random
249,2039808,7534,22,2495.8,1792.9,4.6,3.9,,0.3846,0.1667,0.5714,0.0,0.3846,,315.0,6.68,0.7679,12.67,0.3024,2.16,0.007,0.0751,0.7879,-0.0065,0.0264,-0.6951,49,random
250,2048000,7559,25,2503.9,1991.7,4.1,3.9,,0.6364,0.8,0.5,0.0,0.6364,,332.4,6.4,0.7496,13.35,0.2893,2.12,0.0058,0.0488,0.7869,-0.0066,0.0246,-0.7035,49,random
251,2056192,7581,22,2511.8,2089.5,3.9,3.9,,0.75,0.5,1.0,0.0,0.75,,343.5,6.86,0.7669,13.79,0.2923,2.15,0.0084,0.0721,0.8141,-0.0068,0.0193,-0.6818,50,random
252,2064384,7599,18,2519.6,2171.4,3.8,3.9,,0.8,0.6667,1.0,0.0,0.8,,365.4,6.5,0.7925,12.48,0.3139,2.21,0.0075,0.0725,0.8752,-0.0068,0.0169,-0.7089,50,random
253,2072576,7618,19,2527.6,2030.2,4.0,3.9,,0.875,0.8571,1.0,0.0,0.875,,389.3,7.26,0.7762,14.23,0.2923,2.17,0.0056,0.0587,0.8833,-0.0067,0.0168,-0.6924,50,random
254,2080768,7644,26,2535.9,1885.2,4.3,3.9,,0.8889,1.0,0.8333,0.0,0.8889,,394.9,7.15,0.7478,13.03,0.2913,2.11,0.0078,0.0823,0.826,-0.0065,0.0239,-0.6793,50,random
255,2088960,7668,24,2544.2,1882.2,4.4,3.9,,0.8462,0.6667,0.9,0.0,0.8462,,360.5,7.25,0.7419,12.83,0.2908,2.1,0.0064,0.063,0.7259,-0.0063,0.0271,-0.6882,50,random
256,2097152,7694,26,2552.2,2042.5,4.0,3.9,,0.8125,1.0,0.5,0.0625,0.8125,,298.9,5.92,0.7124,13.53,0.2735,2.04,0.0084,0.0749,0.79,-0.0066,0.0221,-0.673,51,random
257,2105344,7709,15,2559.8,2224.5,3.7,3.9,,1.0,1.0,1.0,0.0,1.0,,347.5,6.93,0.7432,13.32,0.287,2.1,0.008,0.0829,0.8808,-0.0053,0.013,-0.6707,51,random
258,2113536,7734,25,2568.0,1962.2,4.2,3.9,,0.6364,0.6667,0.6,0.0,0.6364,,364.6,6.72,0.7566,13.82,0.2881,2.13,0.0092,0.0663,0.8275,-0.0067,0.0233,-0.677,51,random
259,2121728,7763,29,2576.8,1690.2,4.8,3.9,,0.7333,0.8333,0.6667,0.0,0.7333,,379.4,6.86,0.7564,13.77,0.2884,2.13,0.0092,0.0699,0.816,-0.0059,0.023,-0.6856,51,random
260,2129920,7780,17,2585.1,1892.2,4.3,3.9,,0.5,0.5,0.5,0.0,0.5,,336.0,6.47,0.7369,13.67,0.2818,2.09,0.0074,0.0813,0.8485,-0.0051,0.0201,-0.6953,51,random
261,2138112,7809,29,2593.7,1796.4,4.6,3.8,,0.7857,1.0,0.625,0.0,0.7857,,386.8,7.14,0.7307,13.41,0.2815,2.08,0.0067,0.061,0.8232,-0.0063,0.0224,-0.6654,52,random
262,2146304,7833,24,2602.1,1813.1,4.5,3.9,,0.6429,0.5,0.8333,0.0,0.6429,,315.3,6.38,0.7528,13.62,0.2883,2.12,0.008,0.0795,0.8025,-0.0066,0.0194,-0.64,52,random
263,2154496,7859,26,2610.3,1955.3,4.2,3.9,,0.6429,0.6667,0.625,0.0,0.6429,,289.2,6.04,0.6991,13.53,0.2683,2.01,0.0086,0.0815,0.7848,-0.0088,0.0277,-0.6368,52,random
264,2162688,7880,21,2619.0,1716.0,4.8,3.9,,0.875,1.0,0.75,0.0,0.875,,381.8,6.67,0.708,13.31,0.2735,2.03,0.0067,0.0655,0.7277,-0.0065,0.0269,-0.6352,52,random
265,2170880,7913,33,2628.4,1502.3,5.5,3.9,,0.7368,0.8,0.6667,0.0526,0.7368,,319.3,6.52,0.7331,13.26,0.2836,2.08,0.0079,0.0641,0.8132,-0.007,0.0254,-0.6525,52,random
266,2179072,7941,28,2637.3,1650.7,5.0,3.9,,0.75,0.8333,0.625,0.0,0.75,,273.2,6.0,0.6931,12.77,0.2721,2.0,0.0086,0.0788,0.7613,-0.0063,0.0309,-0.6236,53,random
267,2187264,7966,25,2646.0,1747.0,4.7,3.9,,0.6,0.75,0.5,0.0,0.6,,344.3,6.36,0.6744,12.93,0.2635,1.96,0.0094,0.0709,0.7939,-0.0054,0.026,-0.6046,53,random
268,2195456,7993,27,2654.3,1903.9,4.3,3.9,,0.8125,0.8333,0.8,0.0,0.8125,,273.4,6.19,0.6606,12.67,0.2602,1.94,0.0072,0.0624,0.7219,-0.0054,0.0296,-0.5964,53,random
269,2206208,8019,19,3.1,2739.1,3.0,3.7,2.23,0.8947,0.8333,0.9231,0.0,0.8947,,94.5,3.11,0.6285,11.62,0.2562,1.87,0.007,0.0609,0.8339,-0.0057,0.0166,-0.5603,53,random
270,2214400,8044,25,9.9,2692.5,3.0,3.6,2.19,0.7727,0.7,0.8333,0.0,0.7727,,164.6,4.88,0.6393,12.23,0.2553,1.9,0.0098,0.0737,0.8085,-0.0031,0.0238,-0.5777,53,random
271,2222592,8067,23,16.0,3387.9,2.4,3.6,1.6,0.7143,0.7778,0.6,0.0,0.7143,,250.5,6.0,0.6356,12.47,0.2519,1.89,0.007,0.0804,0.7257,-0.0047,0.0236,-0.5957,54,random
272,2230784,8082,15,21.8,3733.6,2.2,3.7,1.35,0.7778,0.8571,0.5,0.0,0.7778,,225.6,5.2,0.6685,13.24,0.2588,1.95,0.0091,0.0794,0.7889,-0.0048,0.0168,-0.6032,54,random
273,2238976,8098,16,27.8,3781.0,2.2,3.7,1.32,0.8333,1.0,0.6667,0.0,0.8333,,305.4,6.12,0.6842,13.65,0.2618,1.98,0.0081,0.0888,0.7525,-0.0054,0.0225,-0.6272,54,random
274,2247168,8129,31,33.8,3678.8,2.2,3.7,1.33,0.75,0.7,1.0,0.0,0.75,,454.8,7.94,0.6662,13.44,0.2564,1.95,0.009,0.0656,0.7295,-0.0059,0.0289,-0.6239,54,random
275,2255360,8151,22,39.8,3668.9,2.2,3.7,1.35,0.8889,0.6667,1.0,0.0,0.8889,,402.1,6.68,0.6723,12.59,0.2655,1.96,0.0106,0.0793,0.8484,-0.0041,0.0186,-0.6162,54,random
276,2263552,8172,21,45.9,3553.9,2.3,3.7,1.47,0.7,0.6,0.8,0.0,0.7,,341.2,6.52,0.7194,13.56,0.2759,2.05,0.0063,0.0617,0.7687,-0.0054,0.0237,-0.6451,55,random
277,2271744,8191,19,52.0,3427.5,2.4,3.7,1.54,0.8889,0.75,1.0,0.0,0.8889,,324.1,6.47,0.7221,13.83,0.2749,2.06,0.0088,0.0793,0.7893,-0.0068,0.0213,-0.6285,55,random
278,2279936,8220,29,58.2,3517.2,2.3,3.8,1.43,0.6923,0.6,0.75,0.0,0.6923,,349.1,6.62,0.7161,13.31,0.2766,2.05,0.0103,0.0729,0.7429,-0.0074,0.0273,-0.6405,55,random
279,2288128,8244,24,64.6,3272.9,2.5,3.9,1.57,0.9286,0.8,1.0,0.0,0.9286,,353.6,7.04,0.7067,13.05,0.2751,2.03,0.0074,0.0699,0.8075,-0.0068,0.0193,-0.6328,55,random
280,2296320,8271,27,70.9,3502.1,2.3,3.9,1.46,0.8571,0.8571,0.8571,0.0,0.8571,,330.4,6.15,0.6824,13.23,0.2642,1.98,0.0083,0.0735,0.7728,-0.0078,0.0261,-0.6066,55,random
281,2304512,8295,24,77.0,3775.9,2.2,3.7,1.28,0.6667,0.5,1.0,0.0,0.6667,,300.5,5.58,0.6543,12.13,0.2622,1.92,0.0076,0.0677,0.7801,-0.0032,0.0255,-0.6005,56,random
282,2312704,8318,23,83.0,3636.3,2.3,3.8,1.39,0.8889,1.0,0.8,0.0,0.8889,,365.3,6.52,0.6291,12.67,0.2477,1.88,0.0093,0.0683,0.8697,-0.0071,0.0153,-0.6031,56,random
283,2320896,8342,24,89.2,3598.9,2.3,3.8,1.39,0.75,0.6667,0.8,0.0,0.75,,374.4,6.67,0.6494,13.21,0.2516,1.91,0.0086,0.0688,0.8038,-0.0068,0.0223,-0.581,56,random
284,2329088,8364,22,95.5,3423.2,2.4,3.7,1.52,0.7,0.5,1.0,0.0,0.7,,359.1,6.91,0.6229,12.92,0.2434,1.86,0.01,0.077,0.7918,-0.0049,0.0204,-0.581,56,random
285,2337280,8390,26,101.9,3142.4,2.6,3.8,1.74,0.7692,0.5,0.8889,0.0,0.7692,,300.6,5.96,0.6582,12.99,0.2567,1.93,0.009,0.0638,0.8515,-0.0064,0.0207,-0.5807,56,random
286,2345472,8415,25,108.5,2924.6,2.8,3.9,1.93,0.7273,0.6667,0.75,0.0,0.7273,,379.0,7.2,0.6222,12.55,0.2459,1.86,0.0066,0.064,0.7945,-0.0058,0.0257,-0.5606,57,random
287,2353664,8450,35,115.2,2990.7,2.7,3.7,1.85,0.8182,0.8571,0.8,0.0,0.8182,,292.9,6.51,0.6175,13.2,0.2393,1.85,0.0081,0.0641,0.8028,-0.0068,0.0321,-0.5635,57,random
288,2361856,8477,27,121.8,2888.2,2.8,3.9,1.98,0.6429,0.8,0.5556,0.0714,0.6429,,341.6,6.93,0.6098,13.35,0.2353,1.84,0.0081,0.0735,0.8557,-0.0054,0.0232,-0.5531,57,random
289,2370048,8505,28,128.4,3162.6,2.6,3.7,1.72,0.8333,0.8571,0.8182,0.0,0.8333,,253.0,5.57,0.6087,13.16,0.2362,1.84,0.0088,0.0721,0.8132,-0.0075,0.0282,-0.5561,57,random
290,2378240,8522,17,134.8,3150.2,2.6,3.9,1.76,0.7273,0.5,1.0,0.0,0.7273,,261.0,5.71,0.5983,13.07,0.2327,1.82,0.0082,0.059,0.8566,-0.0062,0.0178,-0.5524,57,random
291,2386432,8549,27,141.3,3153.6,2.6,3.7,1.73,0.8125,0.8889,0.7143,0.0,0.8125,,276.7,5.89,0.6118,13.93,0.2323,1.84,0.0118,0.07,0.8114,-0.005,0.0248,-0.5606,58,random
292,2394624,8579,30,147.7,3133.7,2.6,3.7,1.74,0.75,0.6667,0.8571,0.0,0.75,,355.5,6.93,0.6113,13.27,0.2364,1.84,0.0074,0.0597,0.8295,-0.0053,0.0266,-0.5571,58,random
293,2402816,8606,27,154.2,3008.9,2.7,3.7,1.86,0.7059,0.4286,0.9,0.0,0.7059,,325.8,6.63,0.6147,13.02,0.2395,1.85,0.0085,0.0778,0.8555,-0.0049,0.0213,-0.564,58,random
294,2411008,8628,22,160.4,3435.2,2.4,3.8,1.51,0.9286,1.0,0.8333,0.0,0.9286,,310.0,6.64,0.6031,13.27,0.2333,1.83,0.0088,0.075,0.814,-0.0057,0.0218,-0.5463,58,random
295,2419200,8654,26,166.8,3161.3,2.6,3.9,1.68,0.7,0.75,0.6667,0.1,0.7,,370.3,6.88,0.6098,13.39,0.2351,1.84,0.0087,0.07,0.809,-0.0054,0.0261,-0.5581,58,random
296,2427392,8679,25,173.4,3123.3,2.6,3.9,1.74,0.8,0.625,1.0,0.0,0.8,,265.8,5.44,0.6051,13.24,0.2342,1.83,0.0087,0.0675,0.8509,-0.0056,0.0206,-0.5685,59,random
297,2435584,8709,30,179.8,3427.2,2.4,4.0,1.54,0.6875,0.625,0.75,0.0,0.6875,,318.7,6.5,0.6194,13.83,0.2358,1.86,0.0103,0.0681,0.8458,-0.0054,0.0237,-0.5594,59,random
298,2443776,8725,16,186.1,3506.8,2.3,3.7,1.48,1.0,1.0,1.0,0.0,1.0,,382.8,7.12,0.6368,13.83,0.2424,1.89,0.0065,0.0712,0.8431,-0.0055,0.0193,-0.5731,59,random
299,2451968,8745,20,192.3,3520.4,2.3,3.9,1.48,0.7143,0.75,0.6667,0.0,0.7143,,396.8,7.0,0.6471,13.39,0.2494,1.91,0.0072,0.061,0.8401,-0.0067,0.0193,-0.5902,59,random
300,2460160,8769,24,198.7,3375.6,2.4,3.7,1.57,0.9167,0.8889,1.0,0.0,0.9167,,381.7,7.12,0.6299,13.8,0.24,1.88,0.0071,0.065,0.8331,-0.0053,0.0206,-0.552,59,random
301,2468352,8785,16,204.8,3432.9,2.4,3.7,1.56,0.5714,0.6667,0.5,0.0,0.5714,,403.0,7.5,0.626,14.42,0.2346,1.87,0.0077,0.0661,0.8328,-0.0057,0.0198,-0.5659,60,random
302,2476544,8807,22,211.0,3387.2,2.4,3.9,1.58,0.6667,0.7143,0.6,0.0,0.6667,,347.8,6.73,0.6358,13.95,0.2412,1.89,0.0065,0.0632,0.8258,-0.0048,0.0241,-0.5823,60,random
303,2484736,8832,25,217.5,3333.7,2.5,3.7,1.57,0.7273,0.7143,0.75,0.0,0.7273,,391.2,7.28,0.6377,13.85,0.2426,1.89,0.0083,0.0588,0.888,-0.006,0.0189,-0.5824,60,random
304,2492928,8861,29,223.9,3122.2,2.6,3.7,1.77,0.9286,0.875,1.0,0.0,0.9286,,342.6,6.34,0.6385,13.63,0.2444,1.89,0.006,0.0612,0.9071,-0.0044,0.0194,-0.5751,60,random
305,2501120,8879,18,230.5,2839.5,2.9,3.8,2.0,0.8571,1.0,0.6667,0.0,0.8571,,341.2,6.33,0.6391,14.03,0.242,1.89,0.0078,0.0545,0.8822,-0.0059,0.0228,-0.5743,60,random
306,2509312,8907,28,237.3,2832.6,2.9,3.9,2.02,0.6842,0.6923,0.6667,0.0,0.6842,,336.4,7.21,0.6424,13.73,0.2452,1.9,0.0067,0.0538,0.816,-0.0062,0.0295,-0.6074,61,random
307,2517504,8939,32,244.1,2867.8,2.9,3.7,1.98,0.7727,0.75,0.8333,0.0,0.7727,,325.1,6.94,0.6287,13.4,0.2423,1.88,0.0064,0.0483,0.7413,-0.0061,0.036,-0.5667,61,random
308,2525696,8963,24,250.8,2774.6,3.0,3.7,2.04,0.7222,0.8,0.625,0.0,0.7222,,274.5,6.29,0.6027,13.38,0.2324,1.83,0.0092,0.0565,0.7943,-0.0066,0.0231,-0.555,61,random
309,2533888,8991,28,257.2,3082.1,2.7,3.8,1.79,0.6667,0.5,0.8,0.0,0.6667,,306.0,6.18,0.6004,14.47,0.2247,1.82,0.0074,0.0717,0.7462,-0.0062,0.0279,-0.5501,61,random
310,2542080,9017,26,263.7,3086.1,2.7,3.7,1.77,0.7778,0.8,0.7692,0.0,0.7778,,327.2,7.04,0.6236,13.88,0.2371,1.87,0.007,0.0588,0.8142,-0.006,0.0249,-0.5564,61,random
311,2550272,9038,21,269.9,3375.9,2.4,3.7,1.59,0.6667,0.6667,0.6667,0.0,0.6667,,242.1,5.48,0.6037,13.7,0.2306,1.83,0.008,0.0715,0.8381,-0.0053,0.019,-0.5691,62,random
312,2558464,9056,18,276.1,3408.5,2.4,3.8,1.57,0.75,0.6,1.0,0.0,0.75,,424.1,7.39,0.6637,13.79,0.253,1.94,0.0068,0.071,0.85,-0.0065,0.0151,-0.5938,62,random
313,2566656,9081,25,282.6,3105.4,2.6,3.7,1.77,0.6667,0.3333,1.0,0.0,0.6667,,368.4,7.08,0.665,14.11,0.2512,1.94,0.0079,0.0694,0.803,-0.0052,0.0257,-0.5692,62,random
314,2574848,9108,27,288.8,3249.1,2.5,3.7,1.65,0.8125,0.8333,0.8,0.0,0.8125,,331.4,6.52,0.5913,13.63,0.2264,1.81,0.0101,0.0699,0.812,-0.0065,0.0187,-0.5625,62,random
315,2583040,9126,18,294.8,3630.5,2.3,3.8,1.44,0.6364,0.6,0.6667,0.0,0.6364,,356.9,7.22,0.6429,14.22,0.2422,1.9,0.0079,0.0834,0.8169,-0.005,0.0194,-0.5839,62,random
316,2591232,9153,27,301.0,3615.7,2.3,3.7,1.4,0.8,0.6,1.0,0.0,0.8,,392.1,6.48,0.6729,14.17,0.2538,1.96,0.0083,0.071,0.86,-0.0056,0.0183,-0.5898,63,random
317,2599424,9167,14,307.0,3525.6,2.3,3.7,1.51,0.8,0.0,1.0,0.0,0.8,,384.6,6.29,0.6308,13.93,0.2395,1.88,0.0106,0.0734,0.8957,-0.0041,0.0124,-0.5737,63,random
318,2607616,9186,19,313.1,3546.6,2.3,3.9,1.47,0.6364,0.5714,0.75,0.0,0.6364,,302.1,6.11,0.6551,14.18,0.247,1.93,0.0081,0.0673,0.8783,-0.0066,0.0131,-0.5974,63,random
319,2615808,9212,26,319.8,2984.9,2.7,3.7,1.8,0.6667,0.5,0.7143,0.0,0.6667,,452.6,7.46,0.6698,14.41,0.2511,1.95,0.0078,0.0684,0.8382,-0.005,0.0254,-0.6084,63,random
320,2624000,9236,24,326.2,3170.7,2.6,3.7,1.74,0.5385,0.4286,0.6667,0.0,0.5385,,406.0,7.38,0.6351,14.18,0.2395,1.89,0.0099,0.0801,0.9003,-0.005,0.0187,-0.5954,63,random
321,2632192,9263,27,332.6,3011.7,2.7,3.7,1.86,0.7,0.8571,0.3333,0.0,0.7,,423.2,7.26,0.6023,13.17,0.2336,1.83,0.008,0.0651,0.8577,-0.0051,0.0221,-0.578,64,random
322,2640384,9282,19,339.0,3234.7,2.5,3.7,1.69,0.5714,0.5,0.6,0.0,0.5714,,248.7,6.0,0.6195,13.56,0.2376,1.86,0.0095,0.0722,0.8526,-0.0067,0.0196,-0.5899,64,random
323,2648576,9307,25,345.2,3356.8,2.4,3.9,1.6,0.8667,1.0,0.7778,0.0,0.8667,,335.4,7.0,0.647,14.16,0.2441,1.91,0.0091,0.0683,0.8502,-0.0054,0.0228,-0.5881,64,random
324,2656768,9325,18,351.4,3585.2,2.3,3.7,1.45,0.8182,0.8,0.8333,0.0,0.8182,,303.1,6.17,0.6187,13.29,0.2391,1.86,0.01,0.0738,0.8899,-0.0063,0.016,-0.5874,64,random
325,2664960,9349,24,357.6,3409.2,2.4,3.7,1.56,0.5556,0.4,0.75,0.0,0.5556,,402.3,7.25,0.6214,13.99,0.2356,1.86,0.0088,0.0671,0.7794,-0.0061,0.0289,-0.5786,64,random
326,2673152,9380,31,363.9,3227.8,2.5,3.7,1.68,0.6429,0.5,0.75,0.0,0.6429,,388.5,6.9,0.5955,13.66,0.2278,1.81,0.0075,0.065,0.7765,-0.0051,0.0274,-0.5532,65,random
327,2681344,9400,20,370.3,3138.8,2.6,3.9,1.78,0.6,1.0,0.3333,0.0,0.6,,291.0,5.65,0.6521,13.88,0.2479,1.92,0.0093,0.0707,0.8245,-0.0057,0.0222,-0.5931,65,random
328,2689536,9422,22,376.7,3375.0,2.4,3.6,1.6,0.4,0.2222,0.6667,0.0,0.4,,336.9,7.0,0.6302,13.95,0.2391,1.88,0.0079,0.0602,0.7798,-0.0038,0.0237,-0.5797,65,random
329,2697728,9442,20,382.9,3275.6,2.5,3.7,1.66,0.5385,0.5714,0.5,0.0,0.5385,,357.4,7.5,0.5932,13.47,0.2281,1.81,0.0094,0.0727,0.7738,-0.0035,0.0235,-0.5539,65,random
330,2705920,9457,15,389.1,3341.0,2.5,3.7,1.62,0.8,0.75,1.0,0.0,0.8,,391.7,6.6,0.6069,14.35,0.2278,1.83,0.0111,0.0795,0.855,-0.0059,0.0136,-0.5824,65,random
331,2714112,9486,29,395.4,3211.8,2.6,3.9,1.69,0.4375,0.4286,0.4444,0.0,0.4375,,417.3,8.28,0.6261,14.65,0.2333,1.87,0.0114,0.0638,0.7709,-0.0054,0.0267,-0.5695,66,random
332,2722304,9510,24,401.9,3353.2,2.4,3.7,1.6,0.5833,0.5714,0.6,0.0,0.5833,,351.2,6.71,0.6191,13.89,0.2353,1.86,0.0101,0.0711,0.8186,-0.0053,0.0194,-0.5742,66,random
333,2730496,9530,20,408.2,3202.9,2.6,3.7,1.71,0.875,1.0,0.8,0.0,0.875,,407.5,7.05,0.6399,14.58,0.2388,1.9,0.0126,0.0968,0.8299,-0.0024,0.016,-0.5946,66,random
334,2738688,9555,25,414.2,3604.4,2.3,3.9,1.42,0.4667,0.3333,0.6667,0.0,0.4667,,262.6,6.04,0.6896,13.57,0.2644,1.99,0.0083,0.0598,0.8893,-0.006,0.0155,-0.629,66,random
335,2746880,9581,26,420.5,3569.5,2.3,3.9,1.45,0.5714,0.5,0.6667,0.0,0.5714,,454.9,7.54,0.6681,13.67,0.2554,1.95,0.0061,0.0543,0.6656,-0.0042,0.0296,-0.6065,66,random
336,2755072,9600,19,426.9,3389.9,2.4,3.7,1.58,0.1429,0.1667,0.0,0.0,0.1429,,304.3,5.74,0.6821,13.56,0.2616,1.98,0.0088,0.0662,0.7825,-0.0059,0.018,-0.6242,67,random
337,2763264,9623,23,433.4,3021.6,2.7,3.7,1.85,0.6,0.8,0.4,0.0,0.6,,316.6,6.13,0.7101,14.12,0.2682,2.03,0.0094,0.0655,0.8088,-0.007,0.0216,-0.6392,67,random
338,2771456,9650,27,439.7,3217.7,2.5,3.7,1.7,0.5263,0.1429,0.75,0.0,0.5263,,344.3,7.3,0.6686,13.37,0.2578,1.95,0.0089,0.0656,0.7689,-0.0045,0.0235,-0.62,67,random
339,2779648,9672,22,446.1,3148.4,2.6,3.9,1.76,0.5,0.4286,0.6,0.0,0.5,,395.8,7.55,0.6924,14.19,0.261,2.0,0.007,0.0703,0.8181,-0.0055,0.0213,-0.6275,67,random
340,2787840,9683,11,452.6,3190.0,2.6,3.7,1.75,0.6667,0.5,1.0,0.0,0.6667,,397.7,7.91,0.6713,14.05,0.254,1.96,0.0057,0.0573,0.8919,-0.0051,0.012,-0.6179,67,random
341,2796032,9713,30,458.9,3216.0,2.5,3.7,1.68,0.6667,0.5455,0.8571,0.0,0.6667,,346.6,7.2,0.6903,14.77,0.2563,1.99,0.0093,0.0683,0.7762,-0.0055,0.0266,-0.6183,68,random
342,2804224,9737,24,465.2,3269.1,2.5,3.7,1.65,0.7692,0.75,0.7778,0.0,0.7692,,377.5,7.33,0.6587,13.47,0.2533,1.93,0.0127,0.0833,0.821,-0.0046,0.0228,-0.6095,68,random
343,2812416,9764,27,471.5,3188.6,2.6,3.9,1.71,0.7,0.6667,0.7143,0.0,0.7,,388.8,6.78,0.6688,13.27,0.2587,1.95,0.008,0.0662,0.8177,-0.006,0.0225,-0.6171,68,random
344,2820608,9785,21,478.1,3060.1,2.7,3.9,1.81,0.6923,0.6667,0.75,0.0,0.6923,,263.5,5.67,0.6503,13.56,0.2495,1.92,0.0072,0.0669,0.8491,-0.0065,0.0206,-0.6211,68,random
345,2828800,9811,26,484.5,3425.4,2.4,3.7,1.52,0.6875,0.6,0.7273,0.0,0.6875,,291.7,6.0,0.7079,14.13,0.2673,2.03,0.0072,0.0652,0.8267,-0.006,0.0236,-0.6445,68,random
346,2836992,9838,27,490.6,3441.9,2.4,3.7,1.52,1.0,1.0,1.0,0.0,1.0,,386.6,6.85,0.693,13.91,0.2632,2.0,0.0096,0.0854,0.8481,-0.005,0.0214,-0.6375,69,random
347,2845184,9858,20,496.9,3229.8,2.5,3.6,1.69,0.7143,0.3333,1.0,0.0,0.7143,,376.1,6.8,0.7086,13.09,0.2756,2.03,0.0103,0.0758,0.8491,-0.0054,0.0208,-0.6417,69,random
348,2853376,9877,19,503.2,3185.3,2.6,3.9,1.73,0.7778,0.6667,0.8333,0.0,0.7778,,368.0,6.84,0.7233,14.01,0.274,2.06,0.0084,0.0782,0.867,-0.0056,0.0211,-0.6498,69,random
349,2861568,9904,27,509.6,3404.7,2.4,3.7,1.55,0.7059,0.6667,0.8,0.0,0.7059,,277.5,6.07,0.7381,13.84,0.2809,2.09,0.0069,0.0687,0.8559,-0.006,0.0249,-0.6714,69,random
350,2869760,9931,27,515.7,3345.6,2.4,3.7,1.58,0.7692,0.625,1.0,0.0,0.7692,,369.6,6.93,0.7074,13.76,0.2698,2.03,0.0091,0.063,0.8568,-0.0075,0.0249,-0.6742,69,random
351,2877952,9951,20,522.1,3154.7,2.6,3.9,1.74,0.7778,0.8333,0.6667,0.0,0.7778,,400.4,6.8,0.6866,13.79,0.2617,1.99,0.0064,0.054,0.8853,-0.0065,0.0176,-0.6257,70,random
352,2886144,9974,23,528.5,3245.3,2.5,3.7,1.65,0.7692,0.75,0.7778,0.0,0.7692,,316.4,6.48,0.7417,14.18,0.2797,2.1,0.0073,0.0658,0.8109,-0.0056,0.0256,-0.6491,70,random
353,2894336,9992,18,534.8,3333.6,2.5,3.8,1.57,0.5,0.5,0.5,0.0,0.5,,369.8,7.44,0.6429,13.38,0.2478,1.9,0.0071,0.0669,0.8243,-0.0054,0.0189,-0.5987,70,random
354,2902528,10023,31,541.1,3356.9,2.4,4.0,1.57,0.7692,0.5714,1.0,0.0,0.7692,,379.6,6.87,0.6512,14.04,0.2465,1.92,0.007,0.0606,0.8012,-0.006,0.0229,-0.5927,70,random
355,2910720,10044,21,547.6,3344.2,2.4,3.7,1.6,0.6667,0.8,0.6,0.0,0.6667,,269.7,6.0,0.6232,14.1,0.2356,1.86,0.0076,0.0635,0.7643,-0.0058,0.0253,-0.5849,70,random
356,2918912,10069,25,553.7,3427.1,2.4,3.7,1.55,0.7692,0.5714,1.0,0.0,0.7692,,342.7,6.88,0.6547,13.31,0.2529,1.92,0.0067,0.0665,0.7851,-0.0063,0.0269,-0.5949,71,random
357,2927104,10091,22,559.9,3441.7,2.4,3.7,1.55,0.8889,0.8333,1.0,0.0,0.8889,,382.4,6.82,0.6735,14.44,0.2522,1.96,0.007,0.0565,0.8435,-0.0058,0.0195,-0.615,71,random
358,2935296,10121,30,566.1,3237.2,2.5,3.9,1.66,0.8667,0.875,0.8571,0.0,0.8667,,374.8,7.3,0.6872,13.37,0.265,1.99,0.0082,0.071,0.8304,-0.006,0.0246,-0.6317,71,random
359,2943488,10145,24,572.5,3368.3,2.4,3.7,1.59,0.7857,0.6667,1.0,0.0,0.7857,,276.0,5.92,0.6788,13.49,0.2609,1.97,0.0065,0.0668,0.8103,-0.005,0.0261,-0.5973,71,random
360,2951680,10169,24,578.8,3278.8,2.5,3.8,1.61,0.8182,0.7778,1.0,0.0,0.8182,,358.8,6.75,0.6426,13.11,0.2497,1.9,0.0078,0.0704,0.838,-0.0056,0.0195,-0.6084,71,random
361,2959872,10188,19,585.0,3531.8,2.3,3.7,1.47,0.8,0.6,1.0,0.1,0.8,,343.3,7.11,0.6698,14.21,0.2524,1.95,0.0076,0.0661,0.833,-0.0057,0.0177,-0.6015,72,random
362,2968064,10211,23,591.0,3565.2,2.3,3.7,1.44,0.5833,0.5,0.6667,0.0,0.5833,,336.4,6.43,0.6529,13.84,0.2485,1.92,0.0078,0.0659,0.8142,-0.0062,0.0243,-0.6026,72,random
363,2976256,10231,20,596.9,3748.8,2.2,3.6,1.35,0.6,0.6667,0.5,0.0,0.6,,378.4,6.25,0.6305,13.74,0.2406,1.88,0.0125,0.0908,0.8087,-0.0047,0.0215,-0.5743,72,random
364,2984448,10254,23,603.0,3467.8,2.4,3.7,1.52,0.8,0.7143,1.0,0.0,0.8,,373.7,6.83,0.6637,13.82,0.2527,1.94,0.0059,0.064,0.8303,-0.0061,0.0241,-0.6101,72,random
365,2992640,10282,28,609.3,3149.2,2.6,3.7,1.74,0.5833,0.5,0.75,0.0833,0.5833,,360.3,6.54,0.6957,14.4,0.2609,2.01,0.0082,0.0644,0.8664,-0.0053,0.0251,-0.5926,72,random
366,3000832,10303,21,615.8,3089.1,2.7,3.7,1.79,0.7143,0.5714,0.8571,0.0,0.7143,,294.9,6.1,0.6373,13.94,0.2419,1.89,0.0091,0.0683,0.8659,-0.0052,0.0176,-0.5761,73,random
367,3009024,10328,25,622.1,3155.8,2.6,3.9,1.74,0.6923,0.5,0.8571,0.0,0.6923,,367.4,6.92,0.6913,13.91,0.2626,2.0,0.0079,0.0664,0.8209,-0.0065,0.0246,-0.6238,73,random
368,3017216,10358,30,628.7,3105.1,2.6,3.7,1.76,0.7857,0.5,0.9,0.0,0.7857,,344.2,6.33,0.6709,14.08,0.2537,1.96,0.0111,0.0982,0.8033,-0.0036,0.0308,-0.6028,73,random
369,3025408,10380,22,635.2,3027.3,2.7,3.7,1.85,0.6154,0.6667,0.5714,0.0,0.6154,,325.5,6.82,0.6669,14.25,0.251,1.95,0.0074,0.0558,0.7956,-0.0067,0.0234,-0.5979,73,random
370,3033600,10405,25,641.6,3007.8,2.7,3.8,1.86,0.8235,0.8571,0.8,0.0588,0.8235,,292.9,6.24,0.6445,14.22,0.2428,1.91,0.008,0.0672,0.7576,-0.0052,0.0302,-0.6053,73,random
371,3041792,10431,26,647.9,3415.9,2.4,3.7,1.55,0.6875,0.7778,0.5714,0.0,0.6875,,302.3,5.96,0.7055,14.37,0.2647,2.02,0.0075,0.0616,0.8249,-0.0058,0.0227,-0.5994,74,random
372,3049984,10457,26,654.3,3137.6,2.6,3.9,1.76,0.7,1.0,0.5714,0.0,0.7,,324.0,5.96,0.6768,14.21,0.255,1.97,0.0069,0.0604,0.8252,-0.0065,0.0235,-0.6156,74,random
373,3058176,10479,22,660.6,3339.4,2.5,3.7,1.6,0.8,0.8571,0.6667,0.0,0.8,,330.2,5.95,0.7355,14.49,0.2751,2.09,0.0062,0.0536,0.8551,-0.0051,0.023,-0.6558,74,random
374,3066368,10504,25,666.7,3637.7,2.3,3.7,1.4,0.75,0.8,0.7143,0.0,0.75,,413.2,7.32,0.6954,13.86,0.2645,2.0,0.008,0.0644,0.8274,-0.0061,0.0201,-0.6078,74,random
375,3074560,10525,21,672.7,3652.0,2.2,3.7,1.42,0.8571,1.0,0.6667,0.0,0.8571,,348.2,6.14,0.6715,13.46,0.2583,1.96,0.008,0.0755,0.8029,-0.0032,0.0218,-0.591,74,random
376,3082752,10543,18,678.9,3434.3,2.4,3.9,1.54,0.7778,0.8,0.75,0.0,0.7778,,340.2,6.28,0.739,14.4,0.2771,2.09,0.0089,0.0668,0.8048,-0.0061,0.0215,-0.6509,75,random
377,3090944,10563,20,685.1,3659.4,2.2,3.7,1.39,0.9091,0.8571,1.0,0.0,0.9091,,346.6,6.75,0.6824,13.97,0.2588,1.98,0.01,0.0751,0.8708,-0.0052,0.0145,-0.6399,75,random
378,3099136,10584,21,691.1,3697.4,2.2,3.9,1.37,0.7273,1.0,0.5714,0.0909,0.7273,,377.6,7.24,0.7112,14.03,0.2693,2.04,0.0076,0.0717,0.791,-0.0052,0.0217,-0.6304,75,random
379,3107328,10608,24,697.6,3303.9,2.5,3.7,1.62,0.8,1.0,0.6667,0.0,0.8,,502.5,7.5,0.7559,14.57,0.2822,2.13,0.0067,0.0692,0.7749,-0.0057,0.0241,-0.6677,75,random
380,3115520,10636,28,703.9,3200.2,2.6,3.7,1.7,0.6111,0.7273,0.4286,0.0,0.6111,,299.2,6.25,0.728,14.49,0.2723,2.07,0.0078,0.0731,0.7284,-0.0073,0.0308,-0.6519,75,random
381,3123712,10653,17,710.2,3255.7,2.5,3.7,1.67,0.875,1.0,0.75,0.0,0.875,,311.6,6.18,0.6993,13.72,0.267,2.01,0.0074,0.0748,0.8237,-0.0062,0.0152,-0.6567,76,random
382,3131904,10685,32,716.5,3158.6,2.6,3.9,1.71,0.7222,0.8,0.6923,0.0,0.7222,,313.0,6.25,0.741,14.91,0.2743,2.1,0.0068,0.057,0.6856,-0.0059,0.034,-0.6747,76,random
383,3140096,10711,26,723.0,3288.5,2.5,3.7,1.64,0.7333,0.5556,1.0,0.0,0.7333,,382.6,7.35,0.7256,14.4,0.2721,2.07,0.0082,0.0626,0.7969,-0.0069,0.0202,-0.6569,76,random
384,3148288,10728,17,729.2,3335.3,2.5,3.7,1.62,0.5556,0.6,0.5,0.0,0.5556,,310.3,6.12,0.7174,14.02,0.2717,2.05,0.0102,0.0722,0.8316,-0.005,0.0166,-0.6432,76,random
385,3156480,10759,31,735.7,3067.2,2.7,3.7,1.79,0.6,0.5714,0.625,0.0667,0.6,,345.0,6.61,0.7284,13.96,0.2763,2.07,0.0093,0.0826,0.7984,-0.0039,0.0251,-0.6475,76,random
386,3164672,10782,23,742.0,3180.2,2.6,3.7,1.71,0.8,0.7778,0.8333,0.0,0.8,,326.0,6.87,0.7187,13.98,0.2725,2.05,0.0084,0.0766,0.8341,-0.006,0.0189,-0.6699,77,random
387,3172864,10800,18,748.0,3748.5,2.2,3.7,1.33,0.7143,1.0,0.6667,0.0,0.7143,,377.0,6.94,0.7425,14.3,0.2791,2.1,0.0065,0.0619,0.8424,-0.0063,0.0197,-0.6693,77,random
388,3181056,10822,22,754.2,3458.5,2.4,3.9,1.51,0.75,0.6667,0.8333,0.0,0.75,,357.5,6.82,0.7438,14.35,0.2792,2.1,0.009,0.0687,0.7991,-0.0056,0.0247,-0.678,77,random
389,3189248,10840,18,760.3,3793.8,2.2,3.8,1.33,1.0,1.0,1.0,0.0,1.0,,375.1,6.5,0.7317,14.69,0.2723,2.08,0.0068,0.0689,0.8839,-0.0061,0.0153,-0.6458,77,random
390,3197440,10859,19,766.4,3655.3,2.2,3.7,1.39,0.7143,0.3333,1.0,0.0,0.7143,,399.1,6.95,0.6893,15.29,0.2528,1.99,0.0067,0.0621,0.8208,-0.0069,0.0164,-0.6016,77,random
391,3205632,10875,16,772.3,3734.4,2.2,3.7,1.34,0.5,0.6667,0.3333,0.0,0.5,,477.8,8.44,0.6732,14.03,0.2549,1.96,0.0072,0.0667,0.8198,-0.0082,0.0161,-0.5821,78,random
392,3213824,10898,23,778.4,3584.7,2.3,4.0,1.43,0.8,0.6667,1.0,0.0,0.8,,408.8,7.3,0.6815,14.83,0.2527,1.98,0.0068,0.0576,0.8661,-0.0074,0.0176,-0.6298,78,random
393,3222016,10921,23,784.9,3303.1,2.5,3.7,1.62,1.0,1.0,1.0,0.0,1.0,,451.3,7.61,0.645,14.24,0.2429,1.91,0.0068,0.052,0.8619,-0.0073,0.0169,-0.6185,78,random
394,3230208,10940,19,791.2,3314.3,2.5,3.8,1.62,0.8571,0.8333,1.0,0.0,0.8571,,392.2,6.74,0.6374,14.09,0.241,1.89,0.007,0.0606,0.8955,-0.007,0.0139,-0.5866,78,random
395,3238400,10972,32,797.7,3117.4,2.6,3.9,1.71,0.8667,0.7778,1.0,0.0,0.8667,,357.8,6.72,0.6515,14.24,0.2453,1.92,0.0064,0.0579,0.862,-0.0067,0.0214,-0.5771,78,random
396,3246592,10997,25,804.2,3249.7,2.5,3.7,1.65,0.8462,0.8333,0.8571,0.0,0.8462,,370.2,6.96,0.6163,13.94,0.2339,1.85,0.0067,0.0639,0.8421,-0.005,0.0195,-0.545,79,random
397,3254784,11015,18,810.3,3377.5,2.4,3.7,1.56,0.5455,0.5,0.6667,0.0,0.5455,,262.2,5.94,0.599,13.06,0.2331,1.82,0.0066,0.0616,0.8259,-0.0058,0.0223,-0.5727,79,random
398,3262976,11034,19,816.5,3430.3,2.4,3.7,1.53,0.6667,0.5,1.0,0.2222,0.6667,,375.0,7.05,0.6619,14.14,0.2499,1.94,0.0085,0.0716,0.887,-0.0063,0.0159,-0.5841,79,random
399,3271168,11057,23,822.8,3203.5,2.6,3.9,1.69,0.8182,0.8333,0.8,0.0,0.8182,,351.4,6.65,0.6224,14.18,0.2347,1.86,0.0062,0.0636,0.8178,-0.0053,0.0211,-0.5616,79,random
400,3279360,11078,21,829.4,3133.3,2.6,3.7,1.74,0.9,1.0,0.8889,0.0,0.9,,353.4,6.57,0.6654,15.01,0.2456,1.95,0.0071,0.0768,0.84,-0.0061,0.0226,-0.5913,79,random
401,3287552,11101,23,835.7,3230.7,2.5,3.8,1.68,0.5455,0.6,0.5,0.0,0.5455,,448.0,8.09,0.6702,15.35,0.2454,1.95,0.0079,0.0637,0.7999,-0.0061,0.0273,-0.6071,80,random
402,3295744,11120,19,842.2,3153.0,2.6,3.7,1.75,0.6,0.5,0.625,0.0,0.6,,405.9,7.63,0.6491,14.53,0.2425,1.91,0.0063,0.0532,0.819,-0.0062,0.0201,-0.5738,80,random
403,3303936,11141,21,848.4,3359.2,2.4,3.9,1.58,0.8,0.6667,0.8571,0.0,0.8,,378.5,7.1,0.6516,14.12,0.2462,1.92,0.0098,0.0645,0.7756,-0.0064,0.0226,-0.5777,80,random
404,3312128,11162,21,854.9,3223.0,2.5,3.7,1.68,0.9091,1.0,0.8,0.0,0.9091,,373.2,7.14,0.6436,14.24,0.2423,1.9,0.0084,0.0668,0.8743,-0.0057,0.0153,-0.5834,80,random
405,3320320,11183,21,861.2,3324.9,2.5,3.9,1.62,0.75,0.75,0.75,0.0,0.75,,395.7,6.71,0.586,13.19,0.2272,1.8,0.0066,0.0627,0.808,-0.006,0.02,-0.5626,80,random
406,3328512,11204,21,867.7,3315.4,2.5,3.7,1.62,0.5455,0.6667,0.4,0.0,0.5455,,411.1,7.81,0.6272,14.4,0.2351,1.87,0.007,0.0624,0.8238,-0.0061,0.0176,-0.5802,81,random
407,3336704,11225,21,873.9,3373.1,2.4,3.7,1.58,1.0,1.0,1.0,0.0,1.0,,351.4,6.62,0.6275,14.1,0.2371,1.87,0.0079,0.0684,0.7849,-0.0068,0.0206,-0.5742,81,random
408,3344896,11244,19,880.1,3376.7,2.4,3.9,1.58,0.6364,0.6667,0.625,0.0,0.6364,,387.3,7.47,0.6392,14.8,0.2372,1.89,0.0095,0.0759,0.8259,-0.0063,0.02,-0.5796,81,random
409,3353088,11270,26,886.6,3249.8,2.5,3.7,1.66,0.6471,0.8571,0.5,0.0,0.6471,,304.3,6.08,0.6286,15.08,0.2317,1.87,0.0079,0.0702,0.8335,-0.0065,0.0212,-0.5643,81,random
410,3361280,11298,28,893.1,3003.2,2.7,3.7,1.84,0.8,0.75,1.0,0.0,0.8,,391.3,6.57,0.6833,14.94,0.2527,1.98,0.0087,0.0619,0.8509,-0.0064,0.0222,-0.6107,81,random
411,3369472,11326,28,899.7,3004.9,2.7,3.9,1.86,0.7895,0.7273,0.875,0.0,0.7895,,299.3,6.39,0.6851,14.9,0.2536,1.98,0.0107,0.0677,0.8434,-0.0059,0.0225,-0.6129,82,random
412,3377664,11353,27,906.3,3114.8,2.6,3.6,1.79,0.6667,0.6,0.7143,0.0,0.6667,,351.9,6.44,0.6075,13.5,0.2334,1.84,0.0083,0.0697,0.8246,-0.0064,0.0233,-0.5673,82,random
413,3385856,11375,22,912.6,3200.3,2.6,3.7,1.71,0.8571,1.0,0.7143,0.0,0.8571,,344.5,7.09,0.6392,14.31,0.2402,1.9,0.0068,0.0617,0.896,-0.0072,0.0169,-0.5891,82,random
414,3394048,11398,23,918.9,3202.1,2.6,3.7,1.68,0.5714,0.4,0.6667,0.0714,0.5714,,298.4,6.43,0.6419,14.23,0.2417,1.9,0.008,0.0619,0.8864,-0.0061,0.0171,-0.5855,82,random
415,3402240,11426,28,925.2,3266.1,2.5,3.7,1.62,0.6875,0.6,0.8333,0.0,0.6875,,317.1,6.18,0.6481,14.58,0.2419,1.91,0.0081,0.071,0.8351,-0.0044,0.0245,-0.5752,82,random
416,3410432,11443,17,931.5,3324.0,2.5,3.8,1.61,0.8333,1.0,0.75,0.0,0.8333,,393.7,7.35,0.6453,15.23,0.2369,1.91,0.007,0.0621,0.8515,-0.0076,0.0204,-0.5722,83,random
417,3418624,11462,19,937.7,3471.5,2.4,3.9,1.51,1.0,1.0,1.0,0.0,1.0,,430.3,7.53,0.628,14.81,0.233,1.87,0.0088,0.067,0.8705,-0.0074,0.0174,-0.5731,83,random
418,3426816,11491,29,944.2,3277.9,2.5,3.7,1.62,0.8235,0.9,0.7143,0.0,0.8235,,324.2,6.79,0.6371,13.99,0.2415,1.89,0.0074,0.0847,0.8237,-0.0058,0.0296,-0.5838,83,random
419,3435008,11515,24,950.6,3080.4,2.7,3.7,1.81,0.9091,1.0,0.8333,0.0,0.9091,,369.2,6.38,0.6123,14.46,0.2292,1.84,0.0074,0.0578,0.8479,-0.0058,0.0222,-0.571,83,random
420,3443200,11543,28,957.1,3043.5,2.7,3.9,1.83,0.625,0.5455,0.8,0.0,0.625,,292.1,5.61,0.6451,14.29,0.2426,1.91,0.0117,0.073,0.8248,-0.006,0.0275,-0.5672,83,random
421,3451392,11573,30,963.9,2849.7,2.9,3.7,2.0,0.6667,0.625,0.7143,0.0,0.6667,,344.2,6.73,0.6488,14.07,0.2454,1.91,0.0074,0.0562,0.8165,-0.0052,0.0234,-0.5624,84,random
422,3459584,11601,28,970.4,3026.0,2.7,3.7,1.85,0.8333,0.9,0.75,0.0,0.8333,,278.0,5.89,0.655,14.03,0.248,1.93,0.0088,0.079,0.8095,-0.0047,0.0261,-0.5673,84,random
423,3467776,11628,27,976.8,3141.1,2.6,3.7,1.73,0.7692,0.7273,1.0,0.0,0.7692,,314.2,6.59,0.6447,13.85,0.2453,1.91,0.0082,0.0731,0.7857,-0.0052,0.0287,-0.5465,84,random
424,3475968,11642,14,982.9,3554.4,2.3,3.9,1.47,0.8,0.8,0.8,0.0,0.8,,293.4,6.07,0.5637,13.23,0.2182,1.76,0.0071,0.0558,0.8324,-0.0077,0.0181,-0.5072,84,random
425,3484160,11671,29,989.0,3708.6,2.2,3.7,1.34,0.7857,0.6667,0.875,0.0,0.7857,,357.6,6.55,0.5608,13.88,0.2132,1.75,0.006,0.0469,0.7877,-0.0057,0.0288,-0.5233,84,random
426,3492352,11698,27,995.0,3668.3,2.2,3.7,1.39,0.6667,0.5,0.8,0.0,0.6667,,287.8,5.11,0.5505,13.15,0.2137,1.73,0.0079,0.0652,0.8209,-0.0059,0.0244,-0.511,85,random
427,3500544,11724,26,1001.1,3459.7,2.4,3.7,1.51,0.8182,0.75,0.8571,0.0,0.8182,,322.2,5.69,0.548,13.5,0.2106,1.73,0.0077,0.063,0.8185,-0.0061,0.0225,-0.499,85,random
428,3508736,11753,29,1007.5,3149.1,2.6,3.7,1.73,0.8333,0.8,0.8571,0.0,0.8333,,361.1,6.34,0.5648,12.91,0.2208,1.76,0.0074,0.0571,0.8061,-0.0064,0.0258,-0.5252,85,random
429,3516928,11783,30,1013.9,3152.8,2.6,3.7,1.74,0.75,0.75,0.75,0.0,0.75,,277.3,5.03,0.5322,13.67,0.2035,1.7,0.0062,0.0556,0.8147,-0.0057,0.0294,-0.4811,85,random
430,3525120,11816,33,1020.3,3044.6,2.7,3.9,1.81,0.9375,0.8,1.0,0.0,0.9375,,261.2,5.33,0.5699,13.93,0.2163,1.77,0.0068,0.0555,0.7958,-0.0058,0.0266,-0.5051,85,random
431,3533312,11841,25,1026.9,3026.1,2.7,3.7,1.86,0.6364,0.6,0.6667,0.0,0.6364,,327.8,6.2,0.5342,14.04,0.2022,1.71,0.0087,0.0658,0.7544,-0.0056,0.0329,-0.4985,86,random
432,3541504,11867,26,1033.3,3103.7,2.6,3.9,1.78,0.7778,0.75,0.8333,0.0,0.7778,,277.9,5.92,0.5672,12.99,0.2212,1.76,0.0077,0.0678,0.7943,-0.005,0.0302,-0.5167,86,random
433,3549696,11887,20,1039.5,3636.4,2.3,3.7,1.43,0.8182,0.8,0.8333,0.0,0.8182,,282.8,5.7,0.5527,13.8,0.2106,1.74,0.0069,0.0502,0.8272,-0.0056,0.0241,-0.5106,86,random
434,3557888,11909,22,1045.7,3405.2,2.4,3.7,1.55,0.8,0.75,1.0,0.0,0.8,,314.0,5.59,0.5543,13.68,0.2119,1.74,0.0093,0.0625,0.8287,-0.0061,0.0212,-0.5108,86,random
435,3566080,11936,27,1052.0,3264.5,2.5,3.7,1.62,0.7273,0.6667,0.75,0.0,0.7273,,372.6,6.44,0.5582,14.16,0.2106,1.75,0.0068,0.0577,0.8056,-0.0055,0.0238,-0.506,86,random
436,3574272,11958,22,1058.4,3151.3,2.6,3.9,1.74,0.6154,0.5,0.8,0.0,0.6154,,293.4,5.68,0.5757,14.05,0.2178,1.78,0.0091,0.0652,0.8198,-0.0055,0.0206,-0.5066,87,random
437,3582464,11974,16,1064.6,3575.2,2.3,3.7,1.45,0.6667,0.6,1.0,0.0,0.6667,,447.1,7.94,0.5665,14.78,0.2103,1.76,0.0067,0.0694,0.8772,-0.0046,0.0147,-0.5144,87,random
438,3597952,12016,16,3.0,2840.5,2.9,3.8,2.15,0.875,0.8,0.9091,0.0,0.875,,91.4,2.94,0.517,11.96,0.2083,1.68,0.006,0.0497,0.8666,-0.0038,0.0148,-0.4783,87,random
439,3606144,12036,20,9.9,2710.3,3.0,3.7,2.18,0.9333,0.8,1.0,0.0,0.9333,,164.1,4.35,0.5811,13.74,0.2218,1.79,0.0064,0.0542,0.8502,-0.0041,0.0167,-0.5055,87,random
440,3614336,12059,23,16.1,3330.7,2.5,3.7,1.63,0.6471,0.5833,0.8,0.0,0.6471,,270.4,6.57,0.5542,13.68,0.2118,1.74,0.0052,0.051,0.7947,-0.0061,0.0211,-0.489,87,random
441,3622528,12080,21,22.3,3396.1,2.4,3.9,1.57,0.75,0.75,0.75,0.0,0.75,,341.1,6.24,0.5287,14.14,0.1996,1.7,0.0094,0.0725,0.8276,-0.0062,0.0182,-0.4802,88,random
442,3630720,12096,16,28.6,3443.7,2.4,3.7,1.52,0.7778,0.8333,0.6667,0.0,0.7778,,343.5,6.75,0.5558,14.42,0.2082,1.74,0.0105,0.0779,0.824,-0.0033,0.02,-0.5003,88,random
443,3638912,12122,26,35.1,3108.4,2.6,3.8,1.76,0.7,0.5,0.8333,0.0,0.7,,407.8,7.15,0.5505,14.6,0.2053,1.73,0.0063,0.0595,0.8022,-0.0063,0.0223,-0.4997,88,random
444,3647104,12145,23,41.3,3418.1,2.4,3.8,1.56,0.8182,0.6,1.0,0.0,0.8182,,333.8,6.04,0.5586,14.11,0.211,1.75,0.0084,0.0592,0.7291,-0.0064,0.025,-0.5197,88,random
445,3655296,12170,25,47.6,3269.1,2.5,3.8,1.65,0.7059,0.5556,0.875,0.0,0.7059,,299.5,6.72,0.5989,14.27,0.2253,1.82,0.0099,0.0784,0.8084,-0.0058,0.0194,-0.5287,88,random
446,3663488,12188,18,53.9,3506.3,2.3,3.7,1.49,0.7143,0.75,0.6667,0.0,0.7143,,425.0,7.22,0.6061,14.64,0.2258,1.83,0.0084,0.0579,0.8164,-0.0053,0.0206,-0.521,89,random
447,3671680,12216,28,60.0,3540.5,2.3,3.7,1.44,0.6923,0.625,0.8,0.0,0.6923,,366.9,6.61,0.5664,14.63,0.2111,1.76,0.0067,0.0651,0.7787,-0.0058,0.0271,-0.5176,89,random
448,3679872,12237,21,66.0,3686.3,2.2,3.9,1.38,0.9167,0.6667,1.0,0.0,0.9167,,291.8,5.52,0.5584,14.63,0.2082,1.75,0.0068,0.0522,0.8356,-0.0043,0.0206,-0.4858,89,random
449,3688064,12261,24,72.1,3783.2,2.2,3.7,1.29,1.0,1.0,1.0,0.0,1.0,,357.5,6.21,0.5477,14.24,0.2062,1.73,0.0062,0.0623,0.8199,-0.0061,0.0181,-0.4951,89,random
450,3696256,12289,28,78.1,3629.8,2.3,3.7,1.39,0.9,0.6667,1.0,0.0,0.9,,390.4,6.79,0.5212,13.78,0.1987,1.68,0.008,0.0679,0.7814,-0.0074,0.024,-0.4666,89,random
451,3704448,12312,23,84.2,3630.0,2.3,3.8,1.4,1.0,1.0,1.0,0.0,1.0,,292.2,5.39,0.5264,13.09,0.2046,1.69,0.0072,0.0623,0.8401,-0.0045,0.0184,-0.4708,90,random
452,3712640,12326,14,90.4,3516.6,2.3,3.8,1.47,1.0,1.0,1.0,0.0,1.0,,350.6,6.79,0.5556,15.01,0.2051,1.74,0.0076,0.0649,0.8761,-0.0073,0.0147,-0.4874,90,random
453,3720832,12351,25,96.8,3245.1,2.5,3.9,1.65,0.8,0.75,0.8333,0.0,0.8,,384.0,6.68,0.5814,15.01,0.2147,1.79,0.0076,0.0644,0.8205,-0.0068,0.0207,-0.5097,90,random
454,3729024,12375,24,103.5,3035.6,2.7,3.8,1.83,0.6667,0.5714,1.0,0.0,0.6667,,414.1,6.71,0.55,14.85,0.2039,1.73,0.0072,0.0644,0.8324,-0.0052,0.0197,-0.5026,90,random
455,3737216,12401,26,110.0,3090.8,2.7,3.7,1.74,0.6875,0.6,0.8333,0.0,0.6875,,351.0,6.85,0.5725,14.44,0.2144,1.77,0.0096,0.0602,0.8296,-0.0054,0.0216,-0.4972,90,random
456,3745408,12426,25,116.4,3095.6,2.6,3.7,1.76,0.9333,0.8,1.0,0.0,0.9333,,338.9,6.64,0.4955,13.51,0.1903,1.64,0.008,0.0602,0.853,-0.0062,0.0177,-0.4577,91,random
457,3753600,12456,30,122.8,3181.9,2.6,3.8,1.69,0.9333,0.6667,1.0,0.0,0.9333,,279.8,5.2,0.4779,13.95,0.1813,1.61,0.0078,0.0678,0.8826,-0.0066,0.0184,-0.4461,91,random
458,3761792,12479,23,129.4,2986.2,2.7,3.7,1.86,0.7692,0.7143,0.8333,0.0,0.7692,,316.4,6.26,0.5112,13.84,0.1946,1.67,0.0129,0.0754,0.863,-0.0055,0.0192,-0.4607,91,random
459,3769984,12500,21,135.9,3037.8,2.7,3.7,1.84,0.7,0.6,0.8,0.0,0.7,,344.0,6.29,0.5415,14.52,0.2024,1.72,0.011,0.0728,0.8676,-0.0067,0.0238,-0.4936,91,random
460,3778176,12539,39,142.5,2892.0,2.8,3.7,1.95,0.76,0.7143,0.8182,0.0,0.76,,297.1,6.21,0.5121,14.14,0.1933,1.67,0.0067,0.0558,0.8322,-0.0062,0.0291,-0.4733,91,random
461,3786368,12561,22,149.0,2956.3,2.8,3.7,1.9,0.8,0.7143,0.875,0.0,0.8,,262.8,5.73,0.5258,14.26,0.1979,1.69,0.0071,0.0559,0.8343,-0.0051,0.0239,-0.477,92,random
462,3794560,12588,27,155.5,3052.1,2.7,3.8,1.83,0.9444,0.8333,1.0,0.0,0.9444,,244.0,5.19,0.528,14.39,0.198,1.7,0.0059,0.0614,0.8761,-0.0065,0.02,-0.4795,92,random
463,3802752,12614,26,162.0,3031.9,2.7,3.7,1.77,0.4167,0.5,0.25,0.0,0.4167,,364.0,6.58,0.5086,13.93,0.1931,1.66,0.0063,0.0523,0.8048,-0.0046,0.0289,-0.4551,92,random
464,3810944,12639,25,168.4,3221.6,2.5,3.7,1.7,0.75,0.75,0.75,0.0,0.75,,343.5,6.64,0.5441,14.17,0.2052,1.72,0.0073,0.0569,0.8626,-0.0058,0.0191,-0.4844,92,random
465,3819136,12665,26,174.5,3467.9,2.4,3.8,1.49,0.875,0.8333,1.0,0.0,0.875,,356.2,6.42,0.5337,13.92,0.2027,1.71,0.0084,0.066,0.8385,-0.0065,0.0251,-0.5055,92,random
466,3827328,12696,31,181.1,2955.5,2.8,3.7,1.87,0.6875,0.7,0.6667,0.0,0.6875,,292.7,5.68,0.522,13.96,0.198,1.69,0.0086,0.0633,0.7873,-0.0062,0.0335,-0.4659,93,random
467,3835520,12722,26,187.6,3071.0,2.7,3.7,1.79,1.0,1.0,1.0,0.0,1.0,,271.2,5.85,0.5307,14.33,0.1993,1.7,0.0069,0.0595,0.8502,-0.0067,0.0218,-0.4847,93,random
468,3843712,12749,27,194.0,3055.1,2.7,3.7,1.83,0.6667,0.5,0.75,0.0,0.6667,,320.0,5.74,0.552,14.06,0.2088,1.74,0.0078,0.058,0.8641,-0.0051,0.0216,-0.4896,93,random
469,3851904,12769,20,200.4,3246.8,2.5,3.7,1.68,0.6667,0.5714,0.8,0.0,0.6667,,316.7,6.8,0.5311,14.12,0.2006,1.7,0.0069,0.0645,0.8407,-0.0051,0.0218,-0.4851,93,random
470,3860096,12791,22,206.5,3385.1,2.4,3.8,1.57,0.8333,0.8,0.8571,0.0,0.8333,,315.5,6.32,0.5694,14.71,0.2118,1.77,0.0074,0.0551,0.87,-0.0068,0.0204,-0.5238,93,random
471,3868288,12821,30,213.1,3022.8,2.7,3.7,1.8,0.7143,0.75,0.6667,0.0,0.7143,,331.3,6.0,0.5473,14.23,0.2061,1.73,0.0068,0.0595,0.8615,-0.0071,0.0218,-0.4947,94,random
472,3876480,12850,29,219.6,2963.6,2.8,3.7,1.9,0.6667,0.5,1.0,0.0,0.6667,,317.4,6.1,0.5701,14.38,0.2138,1.77,0.0077,0.067,0.8243,-0.0071,0.0296,-0.5102,94,random
473,3884672,12880,30,226.5,2697.3,3.0,3.8,2.16,0.7059,0.6667,0.8,0.0,0.7059,,320.6,6.03,0.5624,14.18,0.2121,1.75,0.0068,0.0495,0.8412,-0.0063,0.0259,-0.4895,94,random
474,3892864,12905,25,233.2,2806.6,2.9,3.9,2.08,0.8667,0.8,1.0,0.0,0.8667,,256.4,5.92,0.5672,14.22,0.2137,1.76,0.0075,0.0585,0.8499,-0.0065,0.0278,-0.5118,94,random
475,3901056,12930,25,240.0,2914.0,2.8,3.8,1.95,0.6471,0.5833,0.8,0.0,0.6471,,316.1,6.72,0.5215,14.23,0.1964,1.68,0.0063,0.0628,0.8134,-0.0051,0.0266,-0.485,94,random
476,3909248,12960,30,246.8,2801.1,2.9,3.7,2.04,0.8421,0.75,0.9091,0.0,0.8421,,288.1,6.07,0.5702,14.34,0.2141,1.77,0.0079,0.0615,0.8463,-0.0053,0.0236,-0.5035,95,random
477,3917440,12979,19,253.3,3079.0,2.7,3.7,1.81,0.5,0.5,0.5,0.0,0.5,,356.7,6.79,0.5892,14.71,0.2192,1.8,0.0066,0.0602,0.8591,-0.007,0.019,-0.5184,95,random
478,3925632,13004,25,259.8,2962.7,2.8,3.7,1.88,0.625,0.875,0.375,0.0,0.625,,323.4,7.0,0.5914,14.8,0.2195,1.81,0.0061,0.0571,0.7808,-0.006,0.028,-0.5194,95,random
479,3933824,13031,27,266.4,2949.7,2.8,4.0,1.9,0.9333,0.9091,1.0,0.0,0.9333,,364.7,7.0,0.5664,14.15,0.2137,1.76,0.0074,0.0582,0.8524,-0.0066,0.025,-0.5145,95,random
480,3942016,13065,34,273.1,3080.7,2.7,3.7,1.76,0.6842,0.5,0.8182,0.0,0.6842,,284.4,5.74,0.5335,13.51,0.2049,1.7,0.0068,0.0645,0.8315,-0.006,0.0317,-0.4745,95,random
481,3950208,13101,36,279.6,3027.3,2.7,3.7,1.82,0.7,0.6154,0.8571,0.0,0.7,,265.6,5.53,0.5481,13.63,0.2098,1.73,0.0075,0.056,0.8208,-0.0054,0.0291,-0.4822,96,random
482,3958400,13118,17,285.9,3311.5,2.5,3.9,1.62,1.0,1.0,1.0,0.0,1.0,,271.2,5.24,0.495,14.25,0.1863,1.64,0.0071,0.0517,0.9121,-0.0056,0.014,-0.4515,96,random
483,3966592,13148,30,292.4,3138.9,2.6,3.7,1.76,0.7692,0.75,0.7778,0.0,0.7692,,284.9,5.53,0.5049,14.57,0.1885,1.66,0.0094,0.0703,0.8651,-0.005,0.0239,-0.463,96,random
484,3974784,13174,26,298.8,3128.6,2.6,3.7,1.74,0.8462,1.0,0.75,0.0,0.8462,,305.9,5.54,0.5029,14.14,0.1898,1.65,0.0093,0.0668,0.769,-0.005,0.0315,-0.4468,96,random
485,3982976,13199,25,305.1,3267.4,2.5,3.9,1.66,0.7857,0.75,0.8333,0.0,0.7857,,368.6,7.16,0.5009,14.06,0.1895,1.65,0.0116,0.0737,0.8084,-0.0054,0.0249,-0.464,96,random
486,3991168,13227,28,311.5,3487.1,2.3,3.7,1.5,0.6,0.5714,0.625,0.0,0.6,,309.4,5.82,0.5081,14.22,0.1914,1.66,0.009,0.0733,0.8136,-0.0057,0.0271,-0.4549,97,random
487,3999360,13253,26,317.8,3281.9,2.5,3.9,1.66,0.9167,0.75,1.0,0.0,0.9167,,295.5,5.31,0.5131,14.15,0.1937,1.67,0.0082,0.067,0.8453,-0.0047,0.0234,-0.4567,97,random
488,4007552,13280,27,324.1,3398.8,2.4,3.7,1.55,0.6429,0.5,0.75,0.0,0.6429,,306.4,5.63,0.4967,15.0,0.1834,1.64,0.0083,0.0642,0.8203,-0.0056,0.0303,-0.4379,97,random
489,4015744,13308,28,330.4,3265.4,2.5,3.8,1.63,0.7273,0.5,1.0,0.0,0.7273,,345.0,6.39,0.4734,14.19,0.1785,1.61,0.0073,0.0534,0.82,-0.0057,0.024,-0.4398,97,random
490,4023936,13336,28,336.9,3046.6,2.7,3.8,1.79,0.8235,0.7143,0.9,0.0,0.8235,,179.7,3.96,0.5054,14.61,0.1885,1.66,0.0081,0.0575,0.7991,-0.0054,0.029,-0.454,97,random
491,4032128,13362,26,343.4,3242.6,2.5,3.8,1.66,0.8462,0.6,1.0,0.0,0.8462,,340.7,6.12,0.5271,14.39,0.1977,1.69,0.0068,0.0587,0.7953,-0.0058,0.0279,-0.474,98,random
492,4040320,13387,25,349.7,3326.6,2.5,3.8,1.61,0.7143,0.625,0.8333,0.0,0.7143,,251.6,5.2,0.5312,14.81,0.1971,1.7,0.0083,0.0684,0.8645,-0.0046,0.0233,-0.4744,98,random
493,4048512,13417,30,356.2,3041.7,2.7,3.9,1.83,0.8235,0.8182,0.8333,0.0,0.8235,,326.0,6.2,0.5425,14.63,0.2022,1.72,0.0047,0.0504,0.8749,-0.005,0.0213,-0.4846,98,random
494,4056704,13444,27,362.8,3136.2,2.6,3.7,1.77,0.7143,0.8,0.6667,0.0,0.7143,,336.2,6.11,0.5067,14.43,0.1898,1.66,0.0072,0.0521,0.8344,-0.007,0.0262,-0.4618,98,random
495,4064896,13470,26,369.2,3211.7,2.6,3.7,1.68,0.7333,0.625,0.8571,0.0,0.7333,,334.9,6.42,0.5292,14.29,0.199,1.7,0.0068,0.0539,0.821,-0.0054,0.0267,-0.5107,98,random
496,4073088,13490,20,375.5,3323.4,2.5,3.8,1.63,0.8,0.6,1.0,0.0,0.8,,281.1,5.2,0.5522,15.1,0.2034,1.74,0.006,0.0558,0.86,-0.0055,0.018,-0.4943,99,random
497,4081280,13516,26,381.7,3347.6,2.4,3.9,1.59,0.7143,0.7778,0.6,0.0,0.7143,,369.9,6.73,0.569,14.47,0.2129,1.77,0.0066,0.0635,0.8582,-0.005,0.0206,-0.5057,99,random
498,4089472,13537,21,388.1,3429.9,2.4,3.7,1.55,0.8,0.8333,0.75,0.0,0.8,,305.7,5.81,0.5688,14.86,0.2108,1.77,0.0075,0.0658,0.8924,-0.005,0.018,-0.5175,99,random
499,4097664,13561,24,394.3,3454.3,2.4,3.8,1.52,1.0,1.0,1.0,0.0,1.0,,335.0,6.17,0.5821,15.23,0.2138,1.79,0.0081,0.0601,0.8846,-0.0064,0.0165,-0.5119,99,random
500,4105856,13580,19,400.4,3574.5,2.3,3.9,1.46,0.75,0.6667,1.0,0.0,0.75,,373.4,6.26,0.5774,15.29,0.2117,1.78,0.0078,0.0624,0.9026,-0.0056,0.0152,-0.5186,99,random
501,4114048,13611,31,406.8,3511.5,2.3,3.8,1.47,0.6923,0.6667,0.7143,0.0,0.6923,,377.7,6.55,0.5572,15.02,0.2057,1.75,0.0069,0.0538,0.795,-0.0062,0.0321,-0.5053,100,random
502,4122240,13633,22,413.0,3446.1,2.4,3.9,1.53,0.9231,0.6667,1.0,0.0,0.9231,,262.6,5.23,0.567,14.26,0.2134,1.76,0.0104,0.0685,0.8656,-0.0059,0.02,-0.4954,100,random
503,4130432,13660,27,419.6,3146.1,2.6,3.9,1.74,0.7273,0.8,0.6667,0.0,0.7273,,349.4,5.93,0.5954,15.31,0.2182,1.81,0.0093,0.0741,0.8081,-0.0064,0.0309,-0.5271,100,random
504,4138624,13691,31,426.2,3187.5,2.6,3.8,1.72,0.7647,0.6667,1.0,0.0,0.7647,,276.6,5.35,0.6137,15.71,0.2228,1.85,0.0072,0.0571,0.7635,-0.0082,0.0387,-0.5367,100,random
505,4146816,13718,27,432.5,3275.9,2.5,3.7,1.63,0.7143,0.7143,0.7143,0.0,0.7143,,320.8,5.85,0.561,14.32,0.2108,1.75,0.0089,0.065,0.8045,-0.0075,0.0285,-0.5227,100,random
506,4155008,13752,34,438.9,3230.4,2.5,3.9,1.69,0.8947,0.8889,0.9,0.0,0.8947,,300.3,5.65,0.5794,14.69,0.2156,1.78,0.0086,0.0649,0.8041,-0.0058,0.0279,-0.5211,101,random
507,4163200,13771,19,445.4,3261.3,2.5,3.7,1.68,0.75,0.75,0.75,0.0,0.75,,338.4,5.95,0.5729,14.5,0.2143,1.77,0.0088,0.0719,0.8184,-0.0051,0.0197,-0.511,101,random
508,4171392,13790,19,451.7,3233.8,2.5,3.8,1.7,0.5455,0.75,0.4286,0.0,0.5455,,262.6,5.37,0.617,14.74,0.2293,1.85,0.0109,0.0793,0.7391,-0.0061,0.0264,-0.5522,101,random
509,4179584,13809,19,457.9,3418.3,2.4,3.9,1.55,0.75,0.75,0.75,0.0,0.75,,333.7,6.63,0.5923,15.37,0.2167,1.81,0.0081,0.0709,0.8082,-0.0072,0.0212,-0.5414,101,random
510,4187776,13838,29,464.3,3426.4,2.4,3.7,1.53,0.5385,0.375,0.8,0.0,0.5385,,410.7,7.1,0.6101,14.92,0.2257,1.84,0.0084,0.0637,0.7658,-0.0063,0.0268,-0.533,101,random
511,4195968,13858,20,470.7,3167.9,2.6,3.8,1.71,0.7778,0.75,0.8,0.0,0.7778,,376.8,6.7,0.6241,15.22,0.2292,1.87,0.0063,0.0529,0.7975,-0.0069,0.0218,-0.5449,102,random
512,4204160,13883,25,477.1,3288.6,2.5,3.9,1.64,0.5556,0.6667,0.5,0.0,0.5556,,378.2,6.64,0.5963,14.93,0.2206,1.82,0.0097,0.0689,0.7535,-0.0055,0.026,-0.5391,102,random
513,4212352,13908,25,483.6,3332.4,2.5,3.8,1.6,0.6154,0.2,0.875,0.0,0.6154,,351.7,6.68,0.582,15.28,0.2135,1.79,0.006,0.0518,0.7868,-0.0064,0.0255,-0.5321,102,random
514,4220544,13929,21,489.8,3485.7,2.4,3.9,1.5,0.7273,0.6667,0.75,0.0,0.7273,,321.0,6.1,0.6277,14.95,0.2321,1.87,0.0068,0.0543,0.821,-0.0066,0.0196,-0.5568,102,random
515,4228736,13944,15,496.0,3627.7,2.3,3.9,1.41,0.7778,0.7143,1.0,0.0,0.7778,,373.8,7.0,0.6625,15.46,0.242,1.94,0.0073,0.0674,0.8386,-0.0058,0.0159,-0.5645,102,random
516,4236928,13971,27,502.3,3528.8,2.3,3.8,1.48,0.75,0.6667,0.8333,0.0,0.75,,372.1,6.26,0.629,15.22,0.231,1.88,0.008,0.0628,0.7464,-0.008,0.0268,-0.5788,103,random
517,4245120,13991,20,508.4,3663.0,2.2,3.9,1.4,0.7778,0.6,1.0,0.0,0.7778,,457.2,7.75,0.6373,14.88,0.236,1.89,0.0066,0.0668,0.7902,-0.0067,0.0183,-0.5665,103,random
518,4253312,14004,13,514.6,3640.1,2.3,3.8,1.43,0.75,0.5,0.8333,0.0,0.75,,333.4,6.46,0.6516,15.5,0.2377,1.92,0.0082,0.0648,0.8335,-0.0075,0.014,-0.5987,103,random
519,4261504,14025,21,521.0,3188.5,2.6,3.8,1.7,0.8889,0.8,1.0,0.0,0.8889,,365.4,6.38,0.7083,16.26,0.254,2.03,0.0087,0.0714,0.8741,-0.0062,0.0174,-0.6443,103,random
520,4269696,14053,28,527.4,3255.6,2.5,3.8,1.65,0.8462,0.7143,1.0,0.0,0.8462,,472.4,7.82,0.6655,16.04,0.2398,1.95,0.0079,0.0702,0.8281,-0.0055,0.0262,-0.5987,103,random
521,4277888,14077,24,533.8,3155.2,2.6,3.9,1.75,0.9375,0.8889,1.0,0.0,0.9375,,268.2,5.58,0.6682,14.86,0.2476,1.95,0.0078,0.0588,0.9029,-0.0076,0.0153,-0.6104,104,random
522,4286080,14104,27,540.4,3193.1,2.6,3.7,1.7,0.5833,0.4286,0.8,0.0,0.5833,,420.7,7.26,0.6136,14.62,0.2287,1.85,0.0075,0.0675,0.7807,-0.007,0.0252,-0.5375,104,random
523,4294272,14125,21,546.6,3347.9,2.4,3.9,1.61,0.8571,0.7143,1.0,0.0,0.8571,,294.0,5.9,0.6464,15.37,0.2366,1.91,0.0066,0.0548,0.8519,-0.0068,0.0196,-0.5652,104,random
524,4302464,14143,18,553.0,3486.0,2.4,3.8,1.52,0.8889,1.0,0.5,0.0,0.8889,,281.6,5.22,0.6367,15.72,0.2311,1.89,0.0075,0.0617,0.8305,-0.007,0.0206,-0.5578,104,random
525,4310656,14170,27,559.2,3496.7,2.3,4.0,1.49,0.7333,0.8182,0.5,0.0,0.7333,,397.0,7.22,0.6512,15.54,0.2373,1.92,0.0105,0.0796,0.8135,-0.0068,0.0247,-0.6054,104,random
526,4318848,14191,21,565.5,3521.0,2.3,4.0,1.48,1.0,1.0,1.0,0.0,1.0,,381.2,6.1,0.6726,15.54,0.2452,1.96,0.0103,0.0643,0.893,-0.0069,0.0185,-0.6142,105,random
527,4327040,14209,18,572.1,3342.7,2.5,3.4,1.59,1.0,1.0,1.0,0.0,1.0,,376.0,6.5,0.6435,15.47,0.2349,1.9,0.007,0.0637,0.8859,-0.0065,0.0154,-0.5685,105,random
528,4335232,14231,22,577.9,3586.0,2.3,3.6,1.41,0.7778,0.7143,1.0,0.0,0.7778,,401.4,6.91,0.6522,15.4,0.2385,1.92,0.0082,0.0735,0.8735,-0.0058,0.0184,-0.6037,105,random
529,4343424,14255,24,584.1,3194.6,2.6,3.4,1.69,0.8,0.7143,1.0,0.0,0.8,,382.5,6.96,0.7037,15.79,0.255,2.02,0.0088,0.0645,0.8341,-0.0061,0.0238,-0.6097,105,random
530,4351616,14279,24,590.2,3202.6,2.6,3.4,1.68,0.6,0.6,0.6,0.0,0.6,,364.6,6.0,0.6398,15.61,0.2328,1.9,0.0088,0.0622,0.8694,-0.0063,0.0204,-0.5841,105,random
531,4359808,14296,17,596.4,3002.0,2.7,3.6,1.86,0.5,0.4,0.6667,0.0,0.5,,438.9,7.65,0.6202,14.63,0.2312,1.86,0.009,0.071,0.8336,-0.0067,0.0204,-0.5825,106,random
532,4368000,14323,27,602.9,2998.2,2.7,3.5,1.84,0.5714,0.375,0.8333,0.0,0.5714,,364.4,6.52,0.6816,16.58,0.2427,1.98,0.0082,0.0634,0.7904,-0.007,0.0305,-0.5976,106,random
533,4376192,14350,27,609.2,2976.7,2.8,3.7,1.87,0.7,0.7143,0.6923,0.0,0.7,,306.1,6.56,0.6541,15.1,0.2409,1.92,0.0114,0.0833,0.8151,-0.0064,0.0278,-0.5804,106,random
534,4384384,14372,22,615.7,2957.2,2.8,3.6,1.88,0.6667,0.4,0.8571,0.0,0.6667,,332.9,5.73,0.6253,15.27,0.2294,1.87,0.007,0.053,0.8596,-0.0067,0.0179,-0.5624,106,random
535,4392576,14392,20,621.9,3169.9,2.6,3.5,1.66,0.5455,0.6667,0.4,0.0,0.5455,,352.6,6.45,0.6387,15.28,0.2343,1.89,0.0079,0.071,0.8353,-0.0063,0.02,-0.5957,106,random
536,4400768,14415,23,628.1,3221.4,2.5,3.4,1.66,0.75,0.75,0.75,0.0,0.75,,378.3,6.96,0.6247,16.06,0.225,1.87,0.0062,0.0615,0.8188,-0.006,0.0209,-0.5449,107,random
537,4408960,14441,26,634.0,3365.5,2.4,3.6,1.57,1.0,1.0,1.0,0.0,1.0,,337.2,5.69,0.613,15.75,0.2224,1.85,0.0059,0.0594,0.8588,-0.0059,0.017,-0.527,107,random
538,4417152,14454,13,640.1,3427.6,2.4,3.5,1.53,0.8,1.0,0.5,0.0,0.8,,414.7,7.46,0.5541,15.72,0.2011,1.74,0.0087,0.0654,0.8508,-0.0061,0.0168,-0.5378,107,random
539,4425344,14472,18,646.0,3507.1,2.3,3.5,1.45,0.75,1.0,0.6667,0.0,0.75,,428.7,7.56,0.6289,16.57,0.224,1.88,0.0076,0.0659,0.82,-0.0063,0.0158,-0.5552,107,random
540,4433536,14489,17,651.8,3536.7,2.3,3.7,1.46,0.5,0.4,0.6,0.0,0.5,,433.5,8.06,0.6086,15.69,0.2211,1.84,0.007,0.0615,0.7935,-0.0065,0.019,-0.5596,107,random
541,4441728,14510,21,658.0,3372.6,2.4,3.5,1.56,1.0,1.0,1.0,0.0,1.0,,413.6,6.33,0.6128,16.01,0.221,1.85,0.0076,0.0694,0.8678,-0.0077,0.0144,-0.57,108,random
542,4449920,14531,21,664.1,3283.9,2.5,3.7,1.59,0.8889,1.0,0.8333,0.0,0.8889,,457.8,7.38,0.6314,15.34,0.2313,1.88,0.0067,0.0728,0.8781,-0.0064,0.0168,-0.5697,108,random
543,4458112,14556,25,670.5,3172.8,2.6,3.8,1.66,0.8462,0.75,1.0,0.0,0.8462,,433.7,7.2,0.6151,16.13,0.2212,1.85,0.0099,0.0817,0.8594,-0.0061,0.0192,-0.5503,108,random
544,4466304,14570,14,677.0,3130.6,2.6,3.7,1.72,0.8889,0.8333,1.0,0.0,0.8889,,345.9,7.21,0.6279,15.97,0.2266,1.87,0.0088,0.0706,0.8552,-0.006,0.0159,-0.5563,108,random
545,4474496,14587,17,683.1,3559.2,2.3,3.7,1.43,0.7,0.5,1.0,0.0,0.7,,369.8,6.65,0.6311,16.57,0.2248,1.88,0.0105,0.0648,0.8478,-0.0057,0.0176,-0.5688,108,random
546,4482688,14610,23,689.1,3545.5,2.3,3.7,1.41,0.8462,0.8,0.875,0.0,0.8462,,416.3,7.17,0.6224,16.64,0.2214,1.86,0.0081,0.0714,0.889,-0.0074,0.0143,-0.5665,109,random
547,4490880,14627,17,695.1,3730.4,2.2,3.7,1.31,0.7143,0.3333,1.0,0.0,0.7143,,453.8,7.29,0.63,15.89,0.2278,1.88,0.0066,0.0557,0.9005,-0.0066,0.0139,-0.5861,109,random
548,4499072,14647,20,701.3,3398.9,2.4,3.6,1.53,0.6667,0.3333,0.8333,0.0,0.6667,,368.9,5.7,0.6492,16.67,0.2307,1.91,0.0059,0.0689,0.9071,-0.0064,0.0148,-0.5887,109,random
549,4507264,14664,17,707.2,3627.8,2.3,3.7,1.37,1.0,1.0,1.0,0.0,1.0,,464.9,7.88,0.6648,16.76,0.2358,1.94,0.0071,0.0637,0.9222,-0.0063,0.0119,-0.593,109,random
550,4515456,14688,24,713.5,3256.7,2.5,3.6,1.62,0.7273,0.6,0.8333,0.0,0.7273,,453.7,7.04,0.6164,16.29,0.2209,1.85,0.0083,0.0622,0.8852,-0.0072,0.016,-0.5513,109,random
551,4523648,14708,20,719.7,3343.5,2.5,3.5,1.54,0.9,0.875,1.0,0.0,0.9,,408.4,6.75,0.6402,16.51,0.2284,1.9,0.0073,0.0677,0.877,-0.0062,0.0189,-0.5675,110,random
552,4531840,14732,24,725.9,3148.3,2.6,3.5,1.71,0.9091,0.8571,1.0,0.0,0.9091,,395.8,6.67,0.5736,14.97,0.212,1.77,0.0072,0.0724,0.9204,-0.0067,0.0149,-0.5452,110,random
553,4540032,14754,22,732.2,3019.4,2.7,3.7,1.82,0.6,0.5,0.75,0.0,0.6,,391.5,6.73,0.573,15.86,0.2073,1.77,0.0072,0.0641,0.8609,-0.0067,0.0212,-0.5266,110,random
554,4548224,14783,29,738.6,3071.0,2.7,3.6,1.78,0.6667,0.4286,0.8182,0.0,0.6667,,335.3,6.34,0.5924,15.28,0.2173,1.81,0.0103,0.068,0.8378,-0.0064,0.0289,-0.546,110,random
555,4556416,14800,17,744.8,3336.7,2.5,3.5,1.57,0.8182,0.8,0.8333,0.0,0.8182,,369.3,6.82,0.5863,16.17,0.2107,1.8,0.0127,0.0681,0.8798,-0.0036,0.0167,-0.5355,110,random
556,4564608,14816,16,750.5,3722.0,2.2,3.5,1.33,0.8889,1.0,0.75,0.0,0.8889,,349.8,6.38,0.6115,16.36,0.2188,1.84,0.0079,0.0668,0.905,-0.0064,0.0137,-0.5419,111,random
557,4572800,14832,16,756.3,3651.6,2.2,3.5,1.37,0.8571,1.0,0.75,0.0,0.8571,,435.3,7.56,0.5913,16.27,0.212,1.81,0.0078,0.0695,0.9165,-0.0051,0.0148,-0.562,111,random
558,4580992,14850,18,762.2,3561.1,2.3,3.7,1.41,1.0,1.0,1.0,0.0,1.0,,432.2,7.0,0.621,16.35,0.2223,1.86,0.0106,0.0798,0.901,-0.0051,0.0175,-0.556,111,random
559,4589184,14877,27,768.2,3666.8,2.2,3.5,1.34,0.75,0.6667,0.8,0.0,0.75,,456.6,7.15,0.5742,15.71,0.2085,1.78,0.0072,0.0699,0.8417,-0.006,0.0244,-0.5317,111,random
560,4597376,14905,28,774.3,3345.3,2.4,3.4,1.57,0.6364,0.5,0.7143,0.0,0.6364,,344.1,5.54,0.5841,14.48,0.2185,1.79,0.0078,0.0646,0.8066,-0.0064,0.0255,-0.5246,111,random
561,4605568,14925,20,780.3,3188.8,2.6,3.4,1.69,0.8182,0.8333,0.8,0.0,0.8182,,247.8,5.05,0.601,14.77,0.2232,1.82,0.0069,0.0626,0.8767,-0.0056,0.0204,-0.5459,112,random
562,4613760,14950,25,786.6,2981.0,2.7,3.7,1.85,0.75,0.5,0.875,0.0,0.75,,346.4,5.92,0.6152,16.31,0.2204,1.85,0.0081,0.0734,0.8746,-0.0066,0.0201,-0.5508,112,random
563,4621952,14983,33,793.0,3099.5,2.6,3.7,1.73,0.8333,0.7,1.0,0.0,0.8333,,354.1,6.45,0.612,15.66,0.2225,1.84,0.0087,0.071,0.9091,-0.0057,0.02,-0.5514,112,random
564,4630144,15005,22,799.2,3367.8,2.4,3.5,1.53,0.7778,0.8,0.75,0.0,0.7778,,311.4,5.27,0.5753,15.26,0.2111,1.78,0.008,0.067,0.8366,-0.0058,0.0252,-0.5247,112,random
565,4638336,15030,25,805.1,3455.3,2.4,3.6,1.47,0.9231,0.875,1.0,0.0,0.9231,,293.7,5.2,0.5986,15.66,0.2176,1.82,0.0077,0.0704,0.8918,-0.0065,0.0168,-0.5274,112,random
566,4646528,15051,21,811.1,3587.4,2.3,3.5,1.4,0.8571,0.75,1.0,0.0,0.8571,,419.1,6.9,0.6052,16.25,0.2171,1.83,0.0064,0.0563,0.8579,-0.0059,0.0203,-0.5433,113,random
567,4654720,15071,20,817.1,3363.7,2.4,3.7,1.56,0.7778,0.6667,1.0,0.0,0.7778,,407.6,6.9,0.6005,16.24,0.2154,1.82,0.0081,0.0658,0.9169,-0.0068,0.0169,-0.5512,113,random
568,4662912,15093,22,823.3,3367.1,2.4,3.7,1.54,1.0,1.0,1.0,0.0,1.0,,299.2,6.0,0.5907,16.66,0.21,1.81,0.0083,0.0754,0.9302,-0.0065,0.014,-0.5207,113,random
569,4671104,15113,20,829.2,3750.9,2.2,3.4,1.3,0.8333,1.0,0.7778,0.0,0.8333,,267.5,4.75,0.5496,15.85,0.1989,1.73,0.0085,0.0594,0.8749,-0.0062,0.0225,-0.5005,113,random
570,4679296,15136,23,835.2,3364.4,2.4,3.7,1.55,0.4286,0.5,0.3333,0.0,0.4286,,494.3,7.39,0.5527,15.8,0.2003,1.74,0.0074,0.0591,0.8933,-0.0056,0.022,-0.524,113,random
571,4687488,15152,16,841.7,3026.8,2.7,3.7,1.81,0.8333,0.0,1.0,0.0,0.8333,,460.7,7.31,0.5709,16.14,0.2053,1.77,0.0072,0.0612,0.9318,-0.0064,0.0126,-0.5226,114,random
572,4695680,15174,22,848.2,2969.0,2.8,3.6,1.81,0.6364,0.6667,0.625,0.0,0.6364,,412.4,7.18,0.5802,15.83,0.2101,1.79,0.009,0.0671,0.9109,-0.0075,0.0159,-0.5106,114,random
573,4703872,15201,27,854.4,3162.7,2.6,3.7,1.7,0.7857,0.7143,0.8571,0.0,0.7857,,385.9,7.11,0.5528,16.38,0.1977,1.74,0.0086,0.065,0.8442,-0.0062,0.028,-0.5036,114,random
574,4712064,15225,24,860.6,3303.4,2.5,3.4,1.6,0.8,1.0,0.75,0.0,0.8,,355.0,6.12,0.5131,14.98,0.1895,1.67,0.0104,0.0773,0.8651,-0.0038,0.023,-0.4783,114,random
575,4720256,15250,25,866.5,3432.3,2.4,3.5,1.51,0.8667,1.0,0.7778,0.0,0.8667,,291.3,5.48,0.5649,15.88,0.2043,1.76,0.0076,0.0635,0.8398,-0.0036,0.0227,-0.4896,114,random
576,4728448,15267,17,872.5,3306.1,2.5,3.6,1.6,0.875,1.0,0.8,0.0,0.875,,353.9,6.18,0.5394,15.88,0.1951,1.72,0.0074,0.0591,0.8626,-0.0054,0.018,-0.496,115,random
577,4736640,15290,23,878.8,3230.0,2.5,3.6,1.64,0.6667,0.6,0.8,0.0,0.6667,,326.8,6.48,0.5716,16.27,0.2049,1.77,0.0091,0.0637,0.8533,-0.0066,0.021,-0.5148,115,random
578,4744832,15304,14,885.1,3176.3,2.6,3.8,1.7,0.5,0.0,0.6,0.0,0.5,,449.4,7.36,0.5783,16.86,0.2047,1.78,0.009,0.0654,0.854,-0.0062,0.0201,-0.521,115,random
579,4753024,15331,27,891.7,3074.4,2.7,3.7,1.75,0.5,0.5,0.5,0.0,0.5,,481.3,7.67,0.5941,16.41,0.2123,1.81,0.008,0.0711,0.8412,-0.0039,0.0326,-0.5243,115,random
580,4761216,15356,25,898.3,2816.4,2.9,3.7,1.92,0.5625,0.5556,0.5714,0.0,0.5625,,301.5,5.84,0.5575,14.63,0.2078,1.75,0.0086,0.0553,0.853,-0.0064,0.0247,-0.5183,115,random
581,4769408,15382,26,905.0,2825.2,2.9,3.5,1.98,0.7333,0.625,0.8571,0.0,0.7333,,343.0,6.19,0.5833,15.82,0.2113,1.79,0.0106,0.0762,0.8211,-0.005,0.0267,-0.5122,116,random
582,4777600,15401,19,911.5,2811.7,2.9,3.6,1.99,0.9167,0.875,1.0,0.0,0.9167,,313.7,6.05,0.607,16.29,0.2175,1.83,0.0088,0.0727,0.9011,-0.0072,0.0155,-0.5299,116,random
583,4785792,15423,22,917.8,3031.0,2.7,3.7,1.79,0.8333,0.8,0.8571,0.0,0.8333,,406.4,7.18,0.589,16.39,0.2106,1.8,0.0064,0.0649,0.8435,-0.0065,0.0244,-0.5219,116,random
584,4793984,15448,25,924.1,3229.0,2.5,3.6,1.64,0.6923,0.3333,1.0,0.0,0.6923,,404.2,7.16,0.561,15.39,0.2052,1.75,0.0087,0.0766,0.8792,-0.0063,0.024,-0.513,116,random
585,4802176,15467,19,930.2,3325.0,2.5,3.6,1.59,0.6667,0.75,0.5,0.0,0.6667,,394.4,7.42,0.5646,16.1,0.2032,1.76,0.0081,0.0808,0.9019,-0.0059,0.0136,-0.497,116,random
586,4810368,15491,24,936.3,3375.4,2.4,3.4,1.56,0.6667,0.5714,0.8,0.0,0.6667,,302.8,5.54,0.5458,16.13,0.1963,1.73,0.0081,0.077,0.8702,-0.0064,0.0176,-0.4893,117,random
587,4818560,15522,31,942.5,3091.6,2.6,3.4,1.75,0.6667,0.5,0.8333,0.0,0.6667,,372.4,6.16,0.5217,14.26,0.1963,1.68,0.0075,0.0583,0.8961,-0.0073,0.0202,-0.494,117,random
588,4826752,15551,29,948.6,3029.5,2.7,3.5,1.8,0.7368,0.6667,0.8,0.0,0.7368,,292.9,5.48,0.5411,16.07,0.1948,1.72,0.0096,0.0677,0.8687,-0.0053,0.0225,-0.4941,117,random
589,4834944,15566,15,954.8,3120.6,2.6,3.5,1.74,0.5,0.25,0.75,0.0,0.5,,341.1,6.53,0.5754,16.44,0.2055,1.78,0.0094,0.0676,0.8711,-0.0054,0.0236,-0.5075,117,random
590,4843136,15590,24,960.9,3325.0,2.5,3.5,1.56,0.7857,0.9,0.5,0.0,0.7857,,301.7,6.38,0.5526,16.02,0.1992,1.74,0.0071,0.0712,0.9063,-0.0056,0.0192,-0.492,117,random
591,4851328,15616,26,966.8,3402.1,2.4,3.5,1.52,1.0,1.0,1.0,0.0,1.0,,397.7,6.08,0.5437,16.36,0.1945,1.72,0.0096,0.0568,0.9006,-0.0068,0.0188,-0.4809,118,random
592,4859520,15634,18,973.2,3003.0,2.7,3.5,1.8,0.6667,0.5,1.0,0.0,0.6667,,352.6,6.56,0.513,15.7,0.1863,1.67,0.0085,0.0665,0.8905,-0.005,0.0202,-0.4751,118,random
593,4867712,15657,23,979.4,3078.7,2.7,3.5,1.76,0.6154,0.6667,0.5714,0.0,0.6154,,334.5,6.17,0.5378,15.58,0.1959,1.71,0.0072,0.0768,0.8926,-0.0035,0.0236,-0.5041,118,random
594,4875904,15685,28,985.6,3088.0,2.7,3.4,1.73,0.8333,0.7143,1.0,0.0,0.8333,,399.9,6.71,0.5539,16.02,0.1997,1.74,0.0099,0.0873,0.8761,-0.008,0.0237,-0.4903,118,random
595,4884096,15703,18,991.5,3359.6,2.4,3.5,1.55,0.5,0.375,0.75,0.0833,0.5,,348.4,7.22,0.5476,15.86,0.1981,1.73,0.0089,0.0668,0.8614,-0.0075,0.0217,-0.4896,118,random
596,4892288,15722,19,997.4,3519.4,2.3,3.5,1.45,0.5714,0.5,0.6667,0.0,0.5714,,375.3,6.21,0.5299,16.47,0.1892,1.7,0.01,0.0783,0.8881,-0.006,0.0178,-0.4886,119,random
597,4900480,15753,31,1003.4,3328.9,2.5,3.5,1.57,0.9231,1.0,0.8571,0.0,0.9231,,347.4,5.81,0.5201,15.47,0.1899,1.68,0.0077,0.057,0.8703,-0.0066,0.0217,-0.4757,119,random
598,4908672,15772,19,1009.4,3308.3,2.5,3.5,1.59,0.8,0.8333,0.75,0.0,0.8,,305.3,5.42,0.5475,16.42,0.1956,1.73,0.0086,0.071,0.8724,-0.005,0.0197,-0.4901,119,random
599,4916864,15786,14,1015.4,3392.8,2.4,3.5,1.55,1.0,1.0,1.0,0.0,1.0,,428.4,7.71,0.5744,17.55,0.2005,1.78,0.0086,0.0723,0.8732,-0.0063,0.0189,-0.52,119,random
600,4925056,15809,23,1021.5,3188.4,2.6,3.5,1.67,0.6667,0.5,0.8333,0.0,0.6667,,395.7,6.83,0.5714,16.8,0.2025,1.77,0.009,0.0725,0.8609,-0.0068,0.0218,-0.5162,119,random
601,4933248,15841,32,1027.6,3228.5,2.5,3.4,1.63,0.8,0.7143,0.875,0.0,0.8,,363.0,6.19,0.5207,16.12,0.1873,1.68,0.0069,0.061,0.861,-0.0067,0.0206,-0.4645,120,random
602,4941440,15862,21,1033.8,3035.7,2.7,3.5,1.82,0.8333,1.0,0.75,0.0,0.8333,,340.1,5.62,0.563,16.41,0.2012,1.76,0.007,0.0674,0.8591,-0.0061,0.0217,-0.4874,120,random
603,4949632,15900,38,1040.2,2929.5,2.8,3.4,1.87,0.7895,0.6667,0.9,0.0,0.7895,,292.3,5.55,0.5024,15.75,0.1822,1.65,0.0091,0.0645,0.767,-0.0067,0.038,-0.465,120,random
604,4957824,15931,31,1046.3,3060.2,2.7,3.4,1.79,0.75,0.6364,1.0,0.0,0.75,,307.6,5.77,0.4899,15.52,0.1786,1.63,0.0073,0.0563,0.852,-0.0069,0.0221,-0.4422,120,random
605,4966016,15952,21,1052.4,3155.8,2.6,3.4,1.72,0.7,0.5714,1.0,0.1,0.7,,328.6,6.0,0.5014,15.68,0.1822,1.65,0.0092,0.0592,0.859,-0.0065,0.0207,-0.4577,120,random
606,4974208,15972,20,1058.5,3172.2,2.6,3.5,1.71,0.9,0.8333,1.0,0.0,0.9,,297.6,5.6,0.5351,15.51,0.1952,1.71,0.0089,0.0624,0.9002,-0.0068,0.0173,-0.4851,121,random
607,4990400,16015,15,3.0,2831.8,2.9,3.6,2.17,0.8462,0.6,1.0,0.0,0.8462,,69.9,2.27,0.4309,12.49,0.1707,1.54,0.007,0.0587,0.863,-0.0044,0.0158,-0.3811,121,random
608,4998592,16036,21,9.8,2589.5,3.2,3.8,2.29,0.8889,0.8571,0.9091,0.0,0.8889,,183.0,4.71,0.5166,15.28,0.1894,1.68,0.0089,0.066,0.9154,-0.0046,0.0158,-0.4491,121,random
609,5006784,16060,24,16.5,2928.4,2.8,3.8,1.88,0.6667,0.75,0.5714,0.0,0.6667,,301.2,6.71,0.5277,15.99,0.1903,1.69,0.0084,0.0743,0.8876,-0.0054,0.0208,-0.4829,121,random
610,5014976,16077,17,23.0,3146.9,2.6,3.8,1.75,0.8182,0.7143,1.0,0.0,0.8182,,253.8,5.24,0.5318,16.12,0.1913,1.7,0.0098,0.072,0.8688,-0.0064,0.0207,-0.4858,121,random
611,5023168,16107,30,29.4,3268.5,2.5,3.8,1.62,0.7857,0.6,0.8889,0.0,0.7857,,321.9,5.77,0.5314,15.28,0.1949,1.7,0.0091,0.0687,0.8067,-0.0074,0.0296,-0.4719,122,random
612,5031360,16133,26,35.8,3200.7,2.6,3.7,1.68,0.6,0.5385,1.0,0.0,0.6,,294.3,5.92,0.52,15.46,0.1899,1.68,0.011,0.0847,0.823,-0.0053,0.0275,-0.4748,122,random
613,5039552,16159,26,42.1,3355.1,2.4,3.7,1.57,0.5,0.25,0.75,0.0,0.5,,410.0,6.5,0.5004,15.46,0.1827,1.65,0.0081,0.0706,0.8174,-0.005,0.0267,-0.4555,122,random
614,5047744,16181,22,48.2,3488.1,2.3,3.8,1.49,0.7,0.6667,0.7143,0.0,0.7,,291.9,5.5,0.5106,15.31,0.1871,1.67,0.0086,0.0737,0.8381,-0.0064,0.0218,-0.4648,122,random
615,5055936,16204,23,54.5,3339.9,2.5,3.8,1.59,0.8,0.6667,1.0,0.0,0.8,,353.7,6.3,0.527,15.7,0.1914,1.69,0.012,0.0641,0.8563,-0.0073,0.0225,-0.4929,122,random
616,5064128,16233,29,61.0,3148.6,2.6,3.8,1.72,0.6875,0.6,0.7273,0.0,0.6875,,311.0,5.97,0.5007,15.33,0.1834,1.65,0.0095,0.0612,0.7958,-0.0077,0.0293,-0.4471,123,random
617,5072320,16260,27,67.4,3251.9,2.5,3.8,1.65,0.8182,0.8333,0.8,0.0,0.8182,,320.9,5.74,0.483,15.28,0.1771,1.62,0.008,0.0589,0.8157,-0.006,0.0238,-0.4321,123,random
618,5080512,16289,29,73.7,3369.2,2.4,3.8,1.51,0.9231,1.0,0.875,0.0,0.9231,,292.4,5.34,0.5312,15.54,0.1936,1.7,0.0083,0.0693,0.8252,-0.0053,0.0287,-0.4704,123,random
619,5088704,16308,19,80.0,3318.1,2.5,3.8,1.6,0.9,0.8,1.0,0.0,0.9,,337.0,6.11,0.5237,15.55,0.1908,1.69,0.0074,0.0668,0.8839,-0.0058,0.0149,-0.4726,123,random
620,5096896,16341,33,86.4,3233.6,2.5,3.8,1.64,0.4667,0.2,0.6,0.0,0.4667,,279.9,5.42,0.5213,15.26,0.1913,1.68,0.0111,0.0758,0.7773,-0.0056,0.0321,-0.4776,123,random
621,5105088,16357,16,92.9,3087.4,2.7,1.6,1.79,0.6667,0.6667,0.6667,0.0,0.6667,,339.9,5.62,0.5504,15.86,0.1992,1.73,0.0187,0.0337,0.8478,-0.0025,0.0166,-0.4936,124,random
622,5113280,16373,16,97.3,3048.2,2.7,3.9,1.83,0.7,0.5714,1.0,0.0,0.7,,366.6,6.94,0.5679,16.9,0.2009,1.76,0.0067,0.0604,0.898,-0.0066,0.0136,-0.5101,124,random
623,5121472,16397,24,104.2,2836.5,2.9,3.9,1.96,0.5625,0.5833,0.5,0.0,0.5625,,390.5,7.21,0.5313,16.01,0.1916,1.7,0.0072,0.066,0.8321,-0.0078,0.0236,-0.5005,124,random
624,5129664,16427,30,110.7,3123.5,2.6,3.8,1.73,0.8125,0.5,0.9167,0.0,0.8125,,384.6,6.77,0.5355,15.1,0.1972,1.71,0.0098,0.0629,0.8412,-0.0054,0.0255,-0.4887,124,random
625,5137856,16446,19,117.0,3469.5,2.4,3.8,1.49,0.6923,0.5,0.7778,0.0,0.6923,,281.8,5.63,0.5405,15.65,0.1965,1.72,0.0071,0.0702,0.8879,-0.0071,0.017,-0.49,124,random
626,5146048,16478,32,123.4,3240.0,2.5,3.8,1.64,0.75,0.8,0.7143,0.0,0.75,,342.9,5.84,0.5337,16.52,0.1903,1.71,0.0086,0.0632,0.8454,-0.0059,0.0258,-0.4813,125,random
627,5154240,16498,20,129.9,3234.9,2.5,3.8,1.66,0.7857,0.5,0.9,0.0,0.7857,,280.5,5.25,0.5668,16.18,0.2036,1.76,0.0092,0.0625,0.8992,-0.006,0.014,-0.4928,125,random
628,5162432,16522,24,136.4,3086.9,2.7,3.8,1.75,0.8889,0.8,1.0,0.0,0.8889,,387.0,6.46,0.5533,16.37,0.1979,1.74,0.0081,0.0663,0.8664,-0.0059,0.0242,-0.492,125,random
629,5170624,16550,28,143.1,2882.5,2.8,3.9,1.95,0.6429,0.5,0.7,0.0,0.6429,,287.5,5.04,0.5719,16.15,0.2056,1.77,0.0066,0.0669,0.8616,-0.0063,0.0303,-0.5197,125,random
630,5178816,16576,26,149.9,2881.4,2.8,3.8,1.94,0.75,0.5556,1.0,0.0,0.75,,343.6,6.19,0.5317,16.15,0.1911,1.7,0.0135,0.0738,0.9022,-0.0061,0.0166,-0.5052,125,random
631,5187008,16604,28,156.7,2810.9,2.9,3.8,2.02,0.6667,0.5,0.8571,0.0,0.6667,,341.4,6.21,0.5481,15.9,0.1981,1.73,0.0072,0.0618,0.8662,-0.0074,0.0246,-0.5073,126,random
632,5195200,16630,26,163.5,2859.4,2.9,3.8,1.96,0.7647,0.7143,0.8,0.0,0.7647,,310.5,6.0,0.5548,16.1,0.1996,1.74,0.0071,0.0635,0.8701,-0.0062,0.0237,-0.5006,126,random
633,5203392,16658,28,169.8,3317.1,2.5,3.8,1.57,0.875,0.9,0.8333,0.0,0.875,,327.6,6.39,0.5797,16.75,0.2057,1.79,0.0086,0.0633,0.838,-0.0062,0.0266,-0.5119,126,random
634,5211584,16674,16,176.1,3500.0,2.3,3.8,1.48,0.625,0.6667,0.5,0.0,0.625,,320.6,5.88,0.5696,16.81,0.2019,1.77,0.0087,0.0726,0.8902,-0.0067,0.0184,-0.5045,126,random
635,5219776,16698,24,182.4,3411.7,2.4,3.9,1.52,0.8889,0.75,1.0,0.0,0.8889,,365.0,6.25,0.5938,17.17,0.2089,1.81,0.0102,0.0838,0.8358,-0.005,0.0232,-0.5327,126,random
636,5227968,16718,20,188.7,3481.2,2.4,3.9,1.48,0.7273,0.6667,0.8,0.0,0.7273,,350.8,6.25,0.5481,16.51,0.1955,1.73,0.0065,0.0552,0.8802,-0.0046,0.0183,-0.4931,127,random
637,5236160,16733,15,195.0,3382.4,2.4,3.8,1.55,0.75,1.0,0.3333,0.0,0.75,,339.9,6.33,0.5703,16.3,0.2043,1.77,0.0077,0.0683,0.879,-0.005,0.0163,-0.5216,127,random
638,5244352,16759,26,201.3,3453.1,2.4,3.9,1.48,0.75,0.7143,0.8,0.0,0.75,,416.8,6.85,0.5736,16.9,0.2029,1.77,0.0085,0.0641,0.892,-0.0058,0.0197,-0.5205,127,random
639,5252544,16789,30,208.0,2990.5,2.7,3.8,1.84,0.5833,0.6,0.5714,0.0,0.5833,,369.3,5.97,0.5861,16.91,0.2073,1.8,0.0098,0.0729,0.8295,-0.0042,0.0313,-0.5203,127,random
640,5260736,16812,23,214.5,3151.9,2.6,3.9,1.72,0.8182,0.6667,1.0,0.0,0.8182,,359.2,5.91,0.5461,16.53,0.1947,1.73,0.01,0.066,0.8996,-0.0061,0.0168,-0.5014,127,random
641,5268928,16838,26,221.1,3128.6,2.6,3.9,1.73,0.7692,0.8182,0.5,0.0,0.7692,,340.8,6.04,0.542,16.45,0.1935,1.72,0.0087,0.0675,0.8969,-0.0054,0.0183,-0.508,128,random
642,5277120,16864,26,227.8,2937.7,2.8,3.8,1.9,0.4667,0.3333,0.5556,0.0,0.4667,,315.6,5.73,0.5702,16.39,0.2039,1.77,0.0113,0.0684,0.7979,-0.0042,0.0305,-0.5221,128,random
643,5285312,16885,21,234.5,2961.8,2.8,3.9,1.9,0.7273,0.6,0.8333,0.0,0.7273,,272.0,5.43,0.5971,16.55,0.2128,1.82,0.0082,0.0683,0.8351,-0.0048,0.023,-0.5304,128,random
644,5293504,16907,22,241.2,2933.1,2.8,3.9,1.91,0.8235,0.7,1.0,0.0,0.8235,,284.4,5.91,0.6416,18.13,0.2214,1.9,0.0075,0.0679,0.9133,-0.0066,0.017,-0.5624,128,random
645,5301696,16939,32,248.2,2728.9,3.0,3.8,2.1,0.7778,0.7692,0.8,0.0,0.7778,,391.4,7.22,0.6019,16.85,0.2131,1.83,0.006,0.0577,0.9036,-0.006,0.0184,-0.5215,128,random
646,5309888,16967,28,255.3,2543.7,3.2,3.9,2.33,0.6471,0.7143,0.6,0.0,0.6471,,318.5,5.93,0.5473,16.62,0.1947,1.73,0.0085,0.065,0.8721,-0.006,0.0247,-0.5061,129,random
647,5318080,16998,31,262.4,2569.4,3.2,3.9,2.27,0.625,0.5385,0.7273,0.0,0.625,,271.4,5.84,0.5274,16.28,0.1891,1.69,0.0086,0.0677,0.8806,-0.007,0.0234,-0.4755,129,random
648,5326272,17025,27,269.3,2803.0,2.9,3.8,2.0,0.7368,0.7273,0.75,0.0,0.7368,,300.7,6.07,0.5554,16.55,0.1979,1.74,0.0075,0.0579,0.8957,-0.0053,0.0195,-0.4922,129,random
649,5334464,17044,19,275.8,3209.1,2.6,3.8,1.67,0.8333,0.8333,0.8333,0.0,0.8333,,286.0,5.89,0.5277,16.34,0.1889,1.69,0.0089,0.0627,0.9053,-0.0056,0.017,-0.4949,129,random
650,5342656,17064,20,282.2,3362.6,2.4,3.9,1.56,0.8333,0.8,0.8571,0.0,0.8333,,271.4,5.6,0.5525,17.27,0.194,1.74,0.0071,0.0569,0.9181,-0.0068,0.0166,-0.4788,129,random
651,5350848,17085,21,288.6,3275.7,2.5,3.8,1.64,0.6667,0.75,0.6,0.0,0.6667,,412.8,6.76,0.5355,16.89,0.1895,1.71,0.0086,0.0709,0.8686,-0.0037,0.0208,-0.4717,130,random
652,5359040,17108,23,295.1,3157.2,2.6,3.9,1.7,0.7273,0.5714,1.0,0.0,0.7273,,392.4,6.43,0.5565,16.92,0.1968,1.74,0.0089,0.0705,0.86,-0.0078,0.023,-0.5041,130,random
653,5367232,17132,24,301.6,3206.2,2.6,3.9,1.68,0.8182,0.7143,1.0,0.0,0.8182,,425.2,7.17,0.5684,17.47,0.1987,1.77,0.0086,0.074,0.9104,-0.007,0.0175,-0.5007,130,random
654,5375424,17155,23,308.1,3202.4,2.6,3.8,1.66,0.7692,0.5,0.8889,0.0,0.7692,,327.1,5.91,0.5614,16.47,0.2004,1.75,0.0066,0.061,0.898,-0.0065,0.0195,-0.4826,130,random
655,5383616,17178,23,314.6,3142.1,2.6,4.0,1.72,0.9091,0.8,1.0,0.0,0.9091,,365.5,6.48,0.5307,16.46,0.1895,1.7,0.0077,0.0613,0.9018,-0.0072,0.0192,-0.483,130,random
656,5391808,17207,29,321.3,3205.7,2.6,3.8,1.64,0.4615,0.4444,0.5,0.0,0.4615,,298.4,5.31,0.5194,15.67,0.1888,1.68,0.0104,0.0685,0.8408,-0.0055,0.0281,-0.4859,131,random
657,5400000,17231,24,327.8,3147.8,2.6,3.8,1.72,0.8333,1.0,0.8182,0.0,0.8333,,358.2,6.33,0.5012,16.32,0.1795,1.65,0.008,0.0565,0.9115,-0.0063,0.0165,-0.4673,131,random
658,5408192,17252,21,334.2,3244.9,2.5,3.8,1.65,0.5455,0.2,0.8333,0.0909,0.5455,,373.7,6.57,0.524,16.08,0.1887,1.69,0.0071,0.0607,0.8725,-0.0062,0.0212,-0.4911,131,random
659,5416384,17271,19,340.6,3300.6,2.5,4.0,1.62,1.0,1.0,1.0,0.0,1.0,,359.8,5.95,0.5534,16.79,0.1962,1.74,0.0071,0.057,0.9077,-0.0067,0.0178,-0.5092,131,random
660,5424576,17296,25,347.4,3012.6,2.7,3.9,1.83,0.9167,0.8333,1.0,0.0,0.9167,,295.2,5.48,0.5439,16.33,0.1947,1.72,0.0071,0.0617,0.8543,-0.0053,0.0276,-0.4984,131,random
661,5432768,17320,24,353.9,3184.4,2.6,3.9,1.68,0.9167,1.0,0.9,0.0,0.9167,,390.5,6.71,0.5408,17.28,0.1898,1.72,0.0077,0.062,0.8419,-0.0076,0.0235,-0.5008,132,random
662,5440960,17349,29,360.5,3005.2,2.7,4.0,1.83,0.7647,0.5556,1.0,0.0,0.7647,,332.2,6.14,0.5665,17.18,0.1992,1.76,0.0088,0.0674,0.8771,-0.007,0.0252,-0.5061,132,random
663,5449152,17371,22,367.3,3006.6,2.7,3.8,1.85,0.9167,0.875,1.0,0.0,0.9167,,398.7,6.91,0.5467,15.34,0.2002,1.73,0.0082,0.065,0.9344,-0.0071,0.0128,-0.5265,132,random
664,5457344,17399,28,374.2,2826.1,2.9,3.8,1.95,0.8235,0.6667,1.0,0.0,0.8235,,305.4,5.89,0.5893,16.74,0.2091,1.8,0.0074,0.0608,0.8991,-0.0057,0.022,-0.5137,132,random
665,5465536,17431,32,380.7,3159.5,2.6,3.8,1.69,0.7222,0.625,0.8,0.0,0.7222,,277.4,5.38,0.5619,16.73,0.1995,1.75,0.0066,0.0629,0.8302,-0.0064,0.0329,-0.486,132,random
666,5473728,17451,20,387.0,3301.7,2.5,3.8,1.62,0.7273,0.5,0.8571,0.0,0.7273,,325.4,5.45,0.5815,16.42,0.2078,1.79,0.0073,0.0582,0.9124,-0.0059,0.0169,-0.5331,133,random
667,5481920,17474,23,393.5,3163.5,2.6,3.9,1.7,0.9231,1.0,0.8333,0.0,0.9231,,300.2,5.52,0.5689,16.23,0.2041,1.77,0.0075,0.062,0.8608,-0.0064,0.0254,-0.5087,133,random
668,5490112,17497,23,400.1,3088.4,2.7,3.9,1.72,1.0,1.0,1.0,0.0,1.0,,340.0,5.83,0.5869,17.06,0.2069,1.8,0.0078,0.0615,0.9055,-0.0065,0.0178,-0.5378,133,random
669,5498304,17511,14,406.7,3107.2,2.6,3.9,1.76,0.875,0.8,1.0,0.0,0.875,,428.1,8.07,0.587,17.58,0.2047,1.8,0.008,0.058,0.9319,-0.0065,0.0118,-0.5492,133,random
670,5506496,17537,26,413.3,3171.4,2.6,3.9,1.69,0.9231,0.8889,1.0,0.0,0.9231,,371.9,6.31,0.5998,17.12,0.2112,1.82,0.0059,0.0554,0.8649,-0.0057,0.0234,-0.5476,133,random
671,5514688,17562,25,419.9,3144.0,2.6,4.0,1.71,0.7273,0.5714,1.0,0.0,0.7273,,406.0,6.56,0.6054,17.68,0.2107,1.83,0.0068,0.0541,0.8971,-0.0071,0.0203,-0.5272,134,random
672,5522880,17586,24,426.5,3206.5,2.6,3.8,1.65,0.7857,0.7143,0.8571,0.0,0.7857,,336.8,6.21,0.595,16.22,0.2135,1.81,0.0076,0.0645,0.9123,-0.0056,0.0174,-0.5321,134,random
673,5531072,17607,21,432.9,3260.2,2.5,3.9,1.63,0.7778,0.6,1.0,0.0,0.7778,,349.4,5.57,0.5808,16.15,0.2088,1.79,0.0082,0.0673,0.9154,-0.0063,0.0186,-0.5202,134,random
674,5539264,17630,23,439.4,3131.9,2.6,3.8,1.71,0.5,0.5714,0.4,0.0,0.5,,336.3,6.35,0.5763,15.9,0.2083,1.78,0.0089,0.0707,0.8517,-0.0069,0.0238,-0.5083,134,random
675,5547456,17653,23,445.9,3191.2,2.6,4.0,1.68,0.6,0.5714,0.6667,0.0,0.6,,329.7,5.57,0.5647,16.05,0.2035,1.76,0.0089,0.07,0.8196,-0.0043,0.0266,-0.5028,134,random
676,5555648,17674,21,452.5,3272.9,2.5,3.9,1.61,0.6923,0.5,0.8571,0.0,0.6923,,298.1,5.86,0.575,16.38,0.2057,1.78,0.0082,0.0599,0.8065,-0.0073,0.0259,-0.5092,135,random
677,5563840,17701,27,459.1,3122.5,2.6,3.8,1.71,0.75,0.3333,1.0,0.0,0.75,,465.3,7.07,0.5703,16.53,0.2033,1.77,0.0068,0.0645,0.8425,-0.0056,0.022,-0.5127,135,random
678,5572032,17723,22,465.5,3234.0,2.5,3.9,1.66,0.7333,0.625,0.8571,0.0,0.7333,,322.8,6.32,0.5766,16.49,0.2057,1.78,0.0073,0.0638,0.9115,-0.0073,0.0142,-0.517,135,random
679,5580224,17749,26,472.0,3131.8,2.6,4.0,1.73,0.7692,0.8,0.75,0.0,0.7692,,348.5,6.38,0.5475,16.37,0.1958,1.73,0.0083,0.0618,0.8136,-0.0051,0.0262,-0.4895,135,random
680,5588416,17770,21,478.6,3217.4,2.5,3.8,1.64,0.8182,0.6667,1.0,0.0,0.8182,,290.5,5.48,0.6044,17.07,0.213,1.83,0.007,0.0572,0.8943,-0.0082,0.0163,-0.5253,135,random
681,5596608,17792,22,485.0,3326.6,2.5,3.9,1.58,1.0,1.0,1.0,0.0,1.0,,334.5,6.32,0.5924,16.95,0.2093,1.81,0.0081,0.0541,0.8512,-0.0053,0.022,-0.5226,136,random
682,5604800,17804,12,491.5,3266.6,2.5,3.9,1.63,0.75,0.6667,1.0,0.0,0.75,,511.6,7.67,0.6074,17.24,0.2133,1.84,0.0075,0.0635,0.9127,-0.0072,0.0155,-0.5325,136,random
683,5612992,17830,26,498.0,3230.6,2.5,3.9,1.63,0.6429,0.6667,0.6,0.0,0.6429,,369.9,6.85,0.5733,16.7,0.2036,1.77,0.0071,0.0685,0.8988,-0.0068,0.0172,-0.5326,136,random
684,5621184,17850,20,504.5,3308.3,2.5,4.0,1.59,0.8889,1.0,0.8,0.0,0.8889,,474.4,7.65,0.5392,16.37,0.1929,1.71,0.0075,0.063,0.8702,-0.0069,0.019,-0.5043,136,random
685,5629376,17875,25,511.1,3288.2,2.5,3.9,1.61,0.5833,0.6667,0.3333,0.0,0.5833,,348.4,6.24,0.5291,16.74,0.1878,1.7,0.0073,0.0609,0.8424,-0.006,0.0223,-0.4888,136,random
686,5637568,17902,27,517.6,3228.2,2.5,3.9,1.65,0.5,0.5,0.5,0.0,0.5,,387.3,6.81,0.5586,16.81,0.198,1.75,0.0118,0.0692,0.7865,-0.006,0.0291,-0.5043,137,random
687,5645760,17918,16,523.9,3490.8,2.3,4.0,1.47,0.4444,0.0,0.6667,0.0,0.4444,,319.6,5.88,0.5305,16.54,0.1891,1.7,0.008,0.0748,0.8342,-0.005,0.0185,-0.4747,137,random
688,5653952,17944,26,530.6,3140.0,2.6,3.9,1.73,0.5,0.4,0.6,0.0,0.5,,339.2,5.65,0.5552,15.89,0.2007,1.74,0.0091,0.078,0.8232,-0.0072,0.0241,-0.5134,137,random
689,5662144,17968,24,537.3,2991.5,2.7,3.9,1.86,0.9231,1.0,0.8333,0.0,0.9231,,371.0,6.54,0.5551,16.59,0.1976,1.74,0.0068,0.0607,0.8792,-0.006,0.0184,-0.5082,137,random
690,5670336,17996,28,543.8,3199.3,2.6,3.9,1.67,0.8462,0.6,1.0,0.0,0.8462,,364.4,6.29,0.5623,16.92,0.1988,1.75,0.0078,0.0583,0.8741,-0.0052,0.018,-0.5077,137,random
691,5678528,18017,21,550.3,3315.3,2.5,4.0,1.59,0.9231,0.875,1.0,0.0,0.9231,,266.8,5.67,0.5801,17.23,0.2038,1.79,0.0097,0.0651,0.8933,-0.0041,0.0158,-0.5155,138,random
692,5686720,18044,27,556.9,3157.5,2.6,3.9,1.69,0.8,0.75,0.8333,0.0,0.8,,423.4,6.85,0.5835,16.82,0.2067,1.79,0.0073,0.062,0.8763,-0.0056,0.0231,-0.5088,138,random
693,5694912,18065,21,563.7,2888.0,2.8,3.8,1.94,0.5,0.25,0.6667,0.0,0.5,,311.8,5.52,0.5507,16.9,0.1948,1.73,0.0081,0.0591,0.8926,-0.007,0.0215,-0.4823,138,random
694,5703104,18092,27,570.6,2769.3,3.0,4.0,2.05,0.7857,0.6667,0.875,0.0,0.7857,,318.7,6.04,0.547,17.19,0.1923,1.73,0.0076,0.0544,0.8626,-0.0075,0.0242,-0.4919,138,random
695,5711296,18117,25,577.5,2928.6,2.8,3.9,1.89,0.8889,0.8,1.0,0.0,0.8889,,312.3,6.2,0.6109,17.14,0.215,1.84,0.0069,0.062,0.8896,-0.0059,0.0206,-0.5422,138,random
696,5719488,18147,30,584.1,3040.7,2.7,3.8,1.77,0.5333,0.4286,0.625,0.0,0.5333,,355.2,6.63,0.5308,15.38,0.1942,1.7,0.0102,0.0638,0.8502,-0.0073,0.0273,-0.4735,139,random
697,5727680,18165,18,590.5,3279.1,2.5,4.1,1.62,0.7,0.5,1.0,0.0,0.7,,299.7,5.5,0.5153,16.07,0.1856,1.67,0.0079,0.0641,0.9106,-0.0062,0.0137,-0.4799,139,random
698,5735872,18186,21,597.1,3397.1,2.4,3.9,1.52,0.8333,0.7143,1.0,0.0,0.8333,,297.1,6.14,0.5403,16.53,0.1926,1.72,0.0085,0.069,0.9061,-0.0043,0.0151,-0.5001,139,random
699,5744064,18206,20,603.5,3379.6,2.4,4.1,1.53,0.75,0.7143,1.0,0.0,0.75,,385.4,6.5,0.5344,17.68,0.1861,1.71,0.01,0.0601,0.884,-0.0053,0.0174,-0.4711,139,random
700,5752256,18220,14,610.0,3526.0,2.3,3.9,1.45,0.6667,0.6667,0.6667,0.0,0.6667,,431.7,7.14,0.4922,18.06,0.1701,1.64,0.0078,0.0664,0.8949,-0.0059,0.0194,-0.4782,139,random
701,5760448,18246,26,616.5,3215.8,2.5,3.9,1.65,0.75,0.75,0.75,0.0,0.75,,370.3,6.42,0.5119,16.92,0.181,1.67,0.0096,0.0619,0.8679,-0.006,0.0231,-0.4831,140,random
702,5768640,18272,26,623.2,3117.6,2.6,3.9,1.73,0.7,0.8,0.6,0.0,0.7,,391.7,6.08,0.5566,17.42,0.1948,1.74,0.0072,0.0547,0.8859,-0.0053,0.0191,-0.5002,140,random
703,5776832,18292,20,629.9,2961.2,2.8,4.0,1.87,0.875,0.75,1.0,0.0,0.875,,430.0,6.7,0.5197,17.19,0.1827,1.68,0.0065,0.0599,0.9109,-0.0053,0.0158,-0.4843,140,random
704,5785024,18316,24,636.8,2971.6,2.8,3.9,1.85,0.75,0.625,0.875,0.0,0.75,,356.0,7.0,0.5532,17.94,0.1916,1.74,0.0084,0.0688,0.8969,-0.0066,0.0193,-0.4945,140,random
705,5793216,18336,20,643.4,3102.1,2.6,3.9,1.77,0.7857,0.6667,1.0,0.0,0.7857,,291.6,6.05,0.5219,17.53,0.1822,1.69,0.0081,0.0638,0.8915,-0.0062,0.0186,-0.4695,140,random
706,5801408,18361,25,650.1,3123.2,2.6,4.1,1.71,0.7273,0.6,0.8333,0.0,0.7273,,384.6,6.28,0.5386,17.23,0.1892,1.71,0.0084,0.0695,0.8666,-0.0061,0.0248,-0.4887,141,random
707,5809600,18392,31,657.1,2888.9,2.8,3.9,1.91,0.7143,0.8,0.6667,0.0,0.7143,,369.7,6.16,0.5049,16.12,0.1816,1.66,0.0072,0.0486,0.8014,-0.0063,0.0307,-0.4475,141,random
708,5817792,18413,21,663.6,3178.4,2.6,3.8,1.7,0.7692,0.6,0.875,0.0,0.7692,,363.0,6.76,0.4947,16.39,0.1769,1.64,0.0075,0.0521,0.8967,-0.0057,0.015,-0.4556,141,random
709,5825984,18433,20,670.2,2996.6,2.7,4.0,1.83,0.7273,0.8,0.6667,0.0,0.7273,,352.1,6.85,0.5325,17.03,0.1879,1.7,0.0092,0.0678,0.8426,-0.0041,0.0241,-0.4658,141,random
710,5834176,18458,25,676.9,3245.0,2.5,3.9,1.63,0.6154,0.5714,0.6667,0.0,0.6154,,301.2,5.44,0.5434,16.49,0.1939,1.72,0.0114,0.0663,0.8657,-0.0056,0.0225,-0.4972,141,random
711,5842368,18482,24,683.5,3109.5,2.6,4.1,1.73,0.9231,0.8333,1.0,0.0,0.9231,,286.1,5.21,0.5243,16.58,0.1867,1.69,0.0085,0.0629,0.9301,-0.0056,0.0139,-0.4856,142,random
712,5850560,18504,22,690.2,3179.1,2.6,3.8,1.69,0.6364,0.5,0.7143,0.0909,0.6364,,408.7,7.41,0.5076,17.09,0.1788,1.66,0.0074,0.0569,0.8754,-0.0051,0.0212,-0.4505,142,random
713,5858752,18528,24,696.6,3341.6,2.5,3.9,1.55,0.9167,0.875,1.0,0.0,0.9167,,399.6,6.71,0.4982,17.26,0.1749,1.65,0.0076,0.0612,0.8957,-0.0048,0.0186,-0.4571,142,random
714,5866944,18550,22,703.0,3367.6,2.4,3.9,1.55,0.7,1.0,0.5,0.0,0.7,,362.8,6.23,0.508,16.97,0.1794,1.66,0.0103,0.0682,0.8261,-0.0057,0.0268,-0.4572,142,random
715,5875136,18572,22,709.4,3445.1,2.4,4.1,1.48,0.8,0.7143,1.0,0.0,0.8,,290.0,5.18,0.5529,17.39,0.1936,1.74,0.009,0.0598,0.8574,-0.0067,0.0219,-0.4772,142,random
716,5883328,18592,20,715.8,3645.0,2.2,3.9,1.34,0.7778,0.75,1.0,0.0,0.7778,,369.9,6.35,0.5241,18.29,0.1803,1.69,0.0078,0.0644,0.8677,-0.0063,0.0171,-0.4621,143,random
717,5891520,18615,23,722.3,3366.9,2.4,3.9,1.55,0.75,1.0,0.7143,0.0,0.75,,415.8,6.39,0.5492,17.4,0.1923,1.73,0.0109,0.0633,0.8843,-0.0066,0.0184,-0.4722,143,random
718,5899712,18637,22,728.8,3254.0,2.5,4.0,1.63,0.6667,0.7143,0.6,0.0,0.6667,,354.5,6.18,0.5301,17.08,0.1868,1.7,0.008,0.0658,0.8527,-0.0067,0.0247,-0.4977,143,random
719,5907904,18656,19,735.5,3100.5,2.6,3.9,1.77,1.0,1.0,1.0,0.0,1.0,,263.8,5.05,0.5544,17.37,0.1942,1.74,0.0098,0.0717,0.9036,-0.0071,0.0184,-0.4887,143,random
720,5916096,18684,28,742.3,2921.0,2.8,4.1,1.89,0.7143,0.625,0.8333,0.0,0.7143,,345.7,6.07,0.5431,17.32,0.1904,1.72,0.0075,0.0593,0.8925,-0.0067,0.0232,-0.5212,143,random
721,5924288,18718,34,749.5,2758.2,3.0,3.9,2.03,0.75,0.75,0.75,0.0,0.75,,458.4,6.85,0.5251,16.33,0.188,1.69,0.007,0.0661,0.8761,-0.0061,0.0241,-0.4694,144,random
722,5932480,18740,22,756.3,2831.2,2.9,3.9,1.99,0.7059,0.625,0.7778,0.0,0.7059,,227.1,5.14,0.5154,16.28,0.1847,1.67,0.0104,0.0672,0.8908,-0.0067,0.02,-0.4847,144,random
723,5940672,18761,21,763.1,2967.6,2.8,4.0,1.87,0.7059,0.5556,0.875,0.0,0.7059,,272.0,5.95,0.5588,17.17,0.1965,1.75,0.0086,0.0692,0.9108,-0.0071,0.0142,-0.4968,144,random
724,5948864,18785,24,769.9,3052.1,2.7,3.9,1.79,0.7273,0.6,0.8333,0.0,0.7273,,385.7,6.71,0.5471,16.81,0.1939,1.73,0.0103,0.0678,0.9167,-0.0073,0.0153,-0.4979,144,random
725,5957056,18810,25,776.3,3341.0,2.5,3.9,1.56,0.8,0.5,0.875,0.0,0.8,,366.4,6.24,0.5244,17.14,0.1846,1.69,0.0075,0.0624,0.8835,-0.0073,0.0223,-0.4719,144,random
726,5965248,18830,20,782.8,3303.7,2.5,4.1,1.6,1.0,1.0,1.0,0.0,1.0,,370.1,5.8,0.5157,17.29,0.1809,1.67,0.0101,0.062,0.9379,-0.0073,0.0122,-0.4752,145,random
727,5973440,18862,32,789.5,3212.9,2.5,3.9,1.64,0.7059,0.7,0.7143,0.0588,0.7059,,344.7,6.47,0.536,16.71,0.1903,1.71,0.0156,0.0729,0.8711,-0.006,0.0259,-0.4902,145,random
728,5981632,18882,20,795.9,3423.5,2.4,4.1,1.51,0.8,0.5,1.0,0.0,0.8,,231.9,4.5,0.5237,16.41,0.1872,1.69,0.0098,0.0608,0.8947,-0.0038,0.0207,-0.461,145,random
729,5989824,18901,19,802.2,3804.2,2.2,3.9,1.28,0.8,0.6667,0.8571,0.0,0.8,,320.9,5.79,0.5644,17.04,0.199,1.76,0.0077,0.0627,0.9166,-0.007,0.0151,-0.5001,145,random
730,5998016,18922,21,808.3,3770.6,2.2,4.1,1.3,0.8333,0.6667,1.0,0.0,0.8333,,461.7,6.9,0.5292,17.42,0.1852,1.7,0.0097,0.0608,0.904,-0.0069,0.0171,-0.4767,145,random
731,6006208,18940,18,814.7,3585.7,2.3,3.9,1.41,1.0,1.0,1.0,0.0,1.0,,439.2,6.72,0.5616,17.2,0.1974,1.75,0.0083,0.0589,0.9362,-0.0074,0.0136,-0.4968,146,random
732,6014400,18964,24,821.1,3415.7,2.4,3.9,1.51,0.7273,0.6667,0.8,0.0,0.7273,,383.1,6.33,0.5462,16.21,0.1961,1.73,0.0088,0.0674,0.9361,-0.0058,0.0136,-0.4938,146,random
733,6022592,18994,30,827.4,3480.2,2.4,4.0,1.44,0.8667,0.8,1.0,0.0,0.8667,,280.1,5.03,0.5435,16.2,0.1952,1.72,0.009,0.0613,0.8958,-0.0062,0.0216,-0.4817,146,random
734,6030784,19013,19,833.9,3459.1,2.4,3.9,1.49,0.5,0.0,0.6667,0.0,0.5,,419.1,6.26,0.5639,17.35,0.1976,1.76,0.0089,0.0651,0.9218,-0.005,0.017,-0.5003,146,random
735,6038976,19042,29,840.5,3146.0,2.6,3.9,1.68,0.9167,0.8571,1.0,0.0,0.9167,,338.7,6.03,0.5325,16.91,0.1883,1.7,0.0088,0.0641,0.8833,-0.0061,0.0244,-0.4665,146,random
736,6047168,19067,25,847.2,3012.8,2.7,4.1,1.82,0.6364,0.6667,0.6,0.0,0.6364,,350.2,6.04,0.5053,16.81,0.1791,1.66,0.0079,0.0602,0.9128,-0.0064,0.0168,-0.4611,147,random
737,6055360,19084,17,854.1,3041.0,2.7,3.9,1.83,0.9091,0.875,1.0,0.0,0.9091,,295.7,5.88,0.5618,17.5,0.1963,1.75,0.0085,0.0641,0.9202,-0.0054,0.0151,-0.4975,147,random
738,6063552,19112,28,860.9,2868.5,2.9,4.0,1.91,0.8571,0.8,0.8889,0.0,0.8571,,351.3,6.36,0.5248,16.91,0.1856,1.69,0.0072,0.0604,0.8733,-0.0068,0.025,-0.4722,147,random
739,6071744,19137,25,867.7,2951.1,2.8,4.0,1.87,0.7857,0.8571,0.7143,0.0,0.7857,,309.7,5.8,0.5362,17.44,0.1875,1.71,0.0065,0.0517,0.881,-0.0071,0.0238,-0.4813,147,random
740,6079936,19167,30,874.5,2978.3,2.8,3.9,1.85,0.7857,0.8,0.7778,0.0,0.7857,,393.8,7.0,0.5145,16.6,0.1831,1.67,0.0077,0.0632,0.8943,-0.0057,0.021,-0.4657,147,random
741,6088128,19181,14,881.3,3028.4,2.7,4.1,1.82,0.8889,0.75,1.0,0.0,0.8889,,327.3,6.07,0.5061,16.97,0.1788,1.66,0.0112,0.0709,0.9238,-0.0062,0.0132,-0.4542,148,random
742,6096320,19206,25,888.1,2988.3,2.7,3.9,1.84,0.7895,0.7143,0.8333,0.0,0.7895,,259.7,5.68,0.5126,17.4,0.1795,1.67,0.0093,0.0681,0.9228,-0.006,0.0152,-0.4691,148,random
743,6104512,19229,23,894.7,3167.4,2.6,4.1,1.67,0.6923,0.7143,0.6667,0.0,0.6923,,339.8,5.96,0.5564,16.98,0.1965,1.74,0.0073,0.0642,0.8965,-0.0064,0.0218,-0.5053,148,random
744,6112704,19250,21,901.7,2893.6,2.8,3.9,1.94,0.9,1.0,0.8889,0.0,0.9,,397.7,6.71,0.5612,16.42,0.2006,1.75,0.0078,0.0545,0.9264,-0.0072,0.0136,-0.4972,148,random
745,6120896,19274,24,908.3,3110.0,2.6,4.0,1.72,0.7273,0.875,0.3333,0.0,0.7273,,414.0,7.21,0.5754,18.11,0.1987,1.78,0.0072,0.0583,0.9115,-0.0072,0.0172,-0.5273,148,random
746,6129088,19301,27,915.2,3011.0,2.7,3.8,1.82,0.5714,0.4,0.6667,0.0,0.5714,,402.3,7.15,0.5621,16.21,0.2018,1.75,0.0078,0.0711,0.8879,-0.0071,0.0215,-0.4793,149,random
747,6137280,19327,26,921.8,2973.4,2.8,4.1,1.85,0.6429,0.4286,0.8571,0.0,0.6429,,278.8,5.19,0.5481,17.38,0.1919,1.73,0.0082,0.0622,0.8491,-0.0063,0.0283,-0.4862,149,random
748,6145472,19345,18,928.5,3290.2,2.5,3.9,1.6,0.7273,0.5,0.8571,0.0,0.7273,,336.8,6.39,0.5752,17.1,0.2026,1.78,0.008,0.0676,0.9057,-0.0068,0.0174,-0.5159,149,random
749,6153664,19365,20,935.1,3105.8,2.6,3.9,1.76,0.7143,0.5,1.0,0.0,0.7143,,408.7,6.7,0.5309,16.53,0.1893,1.7,0.0079,0.0611,0.9205,-0.0066,0.0147,-0.4832,149,random
750,6161856,19396,31,941.8,2998.0,2.7,3.7,1.81,0.6875,0.7692,0.3333,0.0,0.6875,,316.3,5.74,0.5417,16.72,0.1924,1.72,0.0124,0.0649,0.8839,-0.0053,0.0209,-0.4792,149,random
751,6170048,19417,21,948.2,3129.7,2.6,3.7,1.73,0.8182,0.8571,0.75,0.0,0.8182,,358.8,6.33,0.5277,16.44,0.1885,1.7,0.0081,0.0631,0.9446,-0.0071,0.0123,-0.4859,150,random
752,6178240,19434,17,954.9,2886.1,2.8,3.5,1.96,0.625,1.0,0.25,0.0,0.625,,432.5,7.35,0.5695,17.07,0.2007,1.77,0.0091,0.0724,0.9337,-0.0067,0.0155,-0.4926,150,random
753,6186432,19456,22,961.3,2915.4,2.8,3.5,1.9,0.8571,1.0,0.7143,0.0,0.8571,,357.0,7.09,0.5575,16.53,0.1987,1.75,0.0105,0.0708,0.9398,-0.0083,0.0153,-0.5009,150,random
754,6194624,19485,29,967.8,2819.3,2.9,3.7,1.99,0.7857,0.75,0.8,0.0,0.7857,,383.2,6.79,0.5424,17.38,0.19,1.72,0.0095,0.0668,0.8736,-0.0063,0.0287,-0.4845,150,random
755,6202816,19508,23,974.3,3058.4,2.7,3.7,1.76,0.9231,1.0,0.875,0.0,0.9231,,321.7,5.91,0.5401,16.35,0.1933,1.72,0.0095,0.0637,0.9168,-0.0053,0.0186,-0.4706,150,random
756,6211008,19535,27,980.8,2991.5,2.7,3.6,1.82,0.75,0.6667,0.8571,0.0,0.75,,313.5,5.96,0.5098,16.13,0.1833,1.66,0.0093,0.0587,0.9265,-0.0079,0.0181,-0.4892,151,random
757,6219200,19561,26,987.0,3141.1,2.6,3.7,1.7,0.5,0.375,0.6667,0.0714,0.5,,323.4,6.19,0.4992,16.62,0.1776,1.65,0.0108,0.0735,0.8688,-0.0044,0.03,-0.4437,151,random
758,6227392,19576,15,993.4,3128.3,2.6,3.6,1.72,0.875,0.8333,1.0,0.0,0.875,,328.1,6.0,0.5223,16.43,0.1866,1.69,0.0088,0.0757,0.9139,-0.0051,0.0186,-0.5002,151,random
759,6235584,19600,24,999.8,2953.0,2.8,3.9,1.8,0.7273,0.6,0.8333,0.0,0.7273,,377.8,6.83,0.5665,17.5,0.1979,1.76,0.0102,0.0722,0.9211,-0.0071,0.0186,-0.5043,151,random
760,6243776,19622,22,1006.3,3273.4,2.5,3.7,1.57,0.6,0.5714,0.6667,0.0,0.6,,450.0,7.55,0.5106,16.68,0.1814,1.67,0.0086,0.0604,0.8612,-0.0065,0.0255,-0.4513,151,random
761,6251968,19640,18,1012.3,3595.7,2.3,3.7,1.39,0.875,0.8333,1.0,0.0,0.875,,299.1,5.56,0.5434,16.58,0.1935,1.72,0.0082,0.0631,0.9128,-0.0068,0.0184,-0.4937,152,random
762,6260160,19666,26,1018.4,3569.3,2.3,3.6,1.39,0.8182,0.8333,0.8,0.0,0.8182,,388.3,6.77,0.5498,17.29,0.1929,1.73,0.0095,0.0724,0.9334,-0.007,0.0146,-0.4994,152,random
763,6268352,19690,24,1024.5,3299.2,2.5,3.6,1.56,0.8,0.3333,1.0,0.0,0.8,,355.1,5.67,0.5086,16.41,0.1818,1.66,0.0099,0.0658,0.9006,-0.0057,0.0181,-0.4568,152,random
764,6276544,19715,25,1030.9,3068.0,2.7,3.7,1.73,0.6667,0.5714,1.0,0.0,0.6667,,311.9,5.08,0.5428,17.22,0.1907,1.72,0.0068,0.0573,0.9019,-0.0074,0.0177,-0.5094,152,random
765,6284736,19740,25,1037.3,3099.1,2.6,3.7,1.74,0.6429,0.375,1.0,0.0,0.6429,,349.2,6.6,0.5525,17.11,0.1946,1.74,0.008,0.0581,0.8765,-0.0054,0.0228,-0.4856,152,random
766,6292928,19766,26,1044.1,2734.4,3.0,3.6,2.05,0.8333,1.0,0.7778,0.0,0.8333,,356.4,6.27,0.5372,17.12,0.1891,1.71,0.0074,0.0652,0.9117,-0.0061,0.0191,-0.4944,153,random
767,6301120,19800,34,1050.9,2644.7,3.1,4.0,2.11,0.7727,0.6667,0.9,0.0,0.7727,,315.9,5.88,0.5211,16.38,0.1864,1.68,0.0085,0.0627,0.8587,-0.007,0.0304,-0.4671,153,random
768,6309312,19822,22,1057.7,2976.6,2.8,3.9,1.83,0.6,0.4286,0.75,0.0,0.6,,258.8,5.41,0.4878,15.86,0.1765,1.63,0.0071,0.0565,0.8699,-0.0072,0.0235,-0.4562,153,random
769,6317504,19848,26,1064.2,3209.2,2.6,3.9,1.66,0.7143,0.4286,1.0,0.0,0.7143,,289.4,5.65,0.5066,15.66,0.1841,1.66,0.0086,0.0659,0.8918,-0.0061,0.0204,-0.4726,153,random
770,6325696,19869,21,1070.7,3210.7,2.6,3.9,1.65,0.8889,0.8,1.0,0.0,0.8889,,350.9,6.1,0.5476,17.25,0.1923,1.73,0.0095,0.0699,0.8879,-0.0068,0.0214,-0.4855,153,random
771,6333888,19888,19,1077.3,3236.1,2.5,3.9,1.65,0.7778,0.3333,1.0,0.0,0.7778,,291.1,5.42,0.5445,17.47,0.1904,1.72,0.0078,0.065,0.9091,-0.0063,0.0184,-0.4823,154,random
772,6342080,19910,22,1083.7,3359.7,2.4,3.8,1.56,0.7692,0.7273,1.0,0.0,0.7692,,362.2,6.73,0.5487,17.1,0.1932,1.73,0.01,0.0669,0.898,-0.0047,0.0211,-0.5029,154,random
773,6350272,19937,27,1090.0,3478.7,2.4,3.9,1.44,0.8462,0.875,0.8,0.0,0.8462,,364.6,6.07,0.5564,18.75,0.1898,1.74,0.0081,0.0634,0.8879,-0.006,0.0231,-0.4887,154,random
774,6358464,19957,20,1096.4,3385.6,2.4,3.9,1.55,0.8889,0.6667,1.0,0.0,0.8889,,383.1,6.2,0.5088,16.5,0.1815,1.66,0.0092,0.0677,0.8878,-0.0079,0.0234,-0.4753,154,random
775,6366656,19974,17,1102.7,3381.3,2.4,3.9,1.56,0.7143,0.8,0.5,0.0,0.7143,,375.7,6.24,0.5394,17.51,0.1884,1.72,0.0101,0.0724,0.8922,-0.0054,0.021,-0.4809,154,random
