update,timesteps,games,games_in_rollout,elapsed_s,steps_per_s,rollout_s,update_s,wait_s,win_rate,win_rate_us,win_rate_ussr,draw_rate,win_rate_vs_pool,win_rate_vs_anchor,ep_len_mean,turn_mean,entropy,k_valid,entropy_ratio,k_eff,approx_kl,clip_fraction,explained_variance,policy_loss,value_loss,entropy_loss,pool_size,anchor
1,8192,10,10,1.6,5615.3,1.5,7.3,0.31,,,,,,,85.0,1.7,1.7895,9.51,0.7945,5.99,0.0,0.0,-0.0095,-0.0,0.0125,-1.6846,0,random
2,16384,30,20,10.5,5856.5,1.4,7.3,0.31,,,,,,,196.2,3.9,1.7929,10.23,0.7711,6.01,0.0,0.0,0.0102,-0.0001,0.0206,-1.6574,0,random
3,24576,60,30,19.3,5850.7,1.4,7.4,0.31,,,,,,,267.5,4.93,1.7772,10.08,0.769,5.91,0.0,0.0,0.0288,-0.0003,0.0318,-1.6676,0,random
4,32768,82,22,28.3,5835.4,1.4,7.6,0.3,,,,,,,249.9,4.64,1.7925,10.45,0.7639,6.0,0.0,0.0,0.152,-0.0003,0.0222,-1.6659,0,random
5,40960,119,37,37.7,5096.9,1.6,7.8,0.45,,,,,,,332.4,5.84,1.8139,10.82,0.7616,6.13,0.0001,0.0,0.172,-0.0005,0.0364,-1.7024,0,random
6,49152,147,28,47.4,4634.4,1.8,7.9,0.58,,,,,,,260.1,4.79,1.8048,10.56,0.7658,6.08,0.0004,0.0,0.1917,-0.001,0.032,-1.6845,1,random
7,57344,178,31,57.4,4033.2,2.0,7.7,0.73,0.0,0.0,,0.0,0.0,,273.5,5.0,1.8175,10.56,0.7712,6.16,0.0041,0.0207,0.3051,-0.003,0.0307,-1.6936,1,random
8,65536,215,37,67.8,3175.6,2.6,7.9,1.43,0.4286,0.6667,0.25,0.0,0.4286,,240.1,4.81,1.8152,10.84,0.7617,6.14,0.003,0.0151,0.3271,-0.003,0.034,-1.656,1,random
9,73728,252,37,78.8,2787.6,2.9,7.9,1.7,0.4,0.4545,0.25,0.0,0.4,,222.7,4.84,1.7876,10.28,0.7672,5.97,0.0043,0.026,0.4205,-0.0035,0.0327,-1.6429,1,random
10,81920,287,35,89.9,2717.1,3.0,7.6,1.78,0.4286,0.2857,0.5714,0.0,0.4286,,197.5,4.74,1.7584,10.67,0.7428,5.8,0.003,0.0102,0.4664,-0.0021,0.0391,-1.6393,1,random
11,90112,323,36,100.4,2998.6,2.7,7.7,1.6,0.6875,0.5,0.875,0.0,0.6875,,235.4,5.36,1.7667,10.79,0.7427,5.85,0.0034,0.0184,0.6178,-0.0028,0.0268,-1.6506,2,random
12,98304,357,34,111.3,2724.7,3.0,7.6,1.8,0.6364,0.6667,0.6,0.0,0.6364,,254.3,5.41,1.7406,10.5,0.7404,5.7,0.0038,0.0147,0.7079,-0.003,0.0289,-1.6161,2,random
13,106496,397,40,122.1,2660.1,3.1,7.5,1.87,0.5294,0.4,0.5833,0.0,0.5294,,256.9,6.03,1.702,10.09,0.7363,5.48,0.0037,0.0241,0.7354,-0.0025,0.0258,-1.6341,2,random
14,114688,435,38,132.8,2709.9,3.0,7.8,1.84,0.2222,0.0909,0.4286,0.0,0.2222,,185.0,4.71,1.7478,10.71,0.7371,5.74,0.004,0.0222,0.7165,-0.0034,0.0313,-1.6082,2,random
15,122880,469,34,144.0,2542.6,3.2,7.9,2.0,0.7273,1.0,0.7,0.0,0.7273,,236.0,5.41,1.7276,10.73,0.7279,5.63,0.0038,0.0202,0.7737,-0.0029,0.0309,-1.6232,2,random
16,131072,518,49,155.3,2486.2,3.3,8.0,2.1,0.5926,0.4286,0.7692,0.0,0.5926,,232.1,5.88,1.7118,10.4,0.7309,5.54,0.0037,0.0202,0.7309,-0.0032,0.0415,-1.6219,3,random
17,139264,541,23,166.6,2552.1,3.2,8.2,1.97,0.7857,0.4,1.0,0.0,0.7857,,209.5,5.57,1.701,10.73,0.7169,5.48,0.0028,0.0121,0.8402,-0.0028,0.0211,-1.6016,3,random
18,147456,584,43,178.2,2491.1,3.3,8.0,2.03,0.4211,0.2,0.6667,0.0,0.4211,,239.1,5.86,1.7011,10.77,0.7156,5.48,0.0039,0.0317,0.8168,-0.0039,0.0274,-1.616,3,random
19,155648,626,42,189.8,2395.8,3.4,7.8,2.19,0.4,0.2,0.6,0.0,0.4,,187.1,4.86,1.6864,10.98,0.7037,5.4,0.0039,0.0243,0.8295,-0.0035,0.0313,-1.586,3,random
20,163840,669,43,201.2,2359.6,3.5,7.8,2.26,0.6207,0.2308,0.9375,0.0,0.6207,,191.5,5.47,1.6708,10.79,0.7024,5.32,0.0029,0.0204,0.8233,-0.0033,0.0301,-1.6062,3,random
21,172032,707,38,212.6,2389.8,3.4,7.6,2.24,0.7143,0.2857,0.9286,0.0,0.7143,,187.1,4.89,1.6746,10.19,0.7213,5.34,0.0037,0.0258,0.8732,-0.0044,0.0214,-1.5708,4,random
22,180224,745,38,224.0,2292.8,3.6,7.7,2.32,0.5,0.2308,1.0,0.0,0.5,,203.4,5.16,1.7176,11.27,0.709,5.57,0.0043,0.0262,0.886,-0.0029,0.0213,-1.588,4,random
23,188416,784,39,235.4,2244.4,3.6,8.0,2.4,0.64,0.5714,0.6667,0.0,0.64,,224.1,6.05,1.6478,9.85,0.7205,5.2,0.0033,0.0253,0.7754,-0.0034,0.0393,-1.5504,4,random
24,196608,822,38,247.1,2276.3,3.6,7.7,2.38,0.5714,0.4167,0.7778,0.0,0.5714,,236.0,6.11,1.6629,10.33,0.7122,5.27,0.0039,0.0241,0.8326,-0.0041,0.0296,-1.5731,4,random
25,204800,854,32,258.4,2448.3,3.3,8.2,2.12,0.6667,0.5556,0.8333,0.0,0.6667,,220.6,5.66,1.7121,11.12,0.7108,5.54,0.0053,0.0427,0.8602,-0.0049,0.028,-1.584,4,random
26,212992,900,46,270.1,2403.9,3.4,7.8,2.16,0.2273,0.1538,0.3333,0.0,0.2273,,194.8,5.17,1.6746,10.57,0.7102,5.34,0.0048,0.0318,0.8188,-0.0045,0.0354,-1.5582,5,random
27,221184,937,37,281.6,2365.2,3.5,7.8,2.25,0.5238,0.2727,0.8,0.0,0.5238,,203.3,5.46,1.6331,10.1,0.7062,5.12,0.0037,0.037,0.8874,-0.0045,0.0218,-1.5565,5,random
28,229376,968,31,293.0,2374.7,3.4,8.0,2.25,0.5,0.1429,0.8571,0.0714,0.5,,247.0,5.9,1.6615,10.35,0.7111,5.27,0.0044,0.0277,0.8794,-0.0047,0.0199,-1.5391,5,random
29,237568,1000,32,304.5,2439.8,3.4,8.1,2.15,0.2632,0.1111,0.4,0.0526,0.2632,,203.4,5.78,1.6636,10.83,0.6983,5.28,0.0044,0.0388,0.856,-0.0046,0.0283,-1.5437,5,random
30,245760,1041,41,316.8,2053.9,4.0,7.7,2.72,0.4737,0.2727,0.75,0.0,0.4737,,233.2,5.63,1.6132,10.28,0.6923,5.02,0.0044,0.03,0.7599,-0.0045,0.0403,-1.507,5,random
31,253952,1083,42,328.4,2132.3,3.8,7.7,2.64,0.5769,0.4,0.8182,0.0,0.5769,,232.8,6.26,1.6494,10.56,0.6998,5.2,0.0035,0.03,0.7811,-0.0046,0.0348,-1.5697,6,random
32,262144,1121,38,340.1,2162.8,3.8,7.5,2.56,0.52,0.3125,0.8889,0.0,0.52,,189.6,5.55,1.6107,10.37,0.6887,5.01,0.0036,0.0237,0.8601,-0.0046,0.0265,-1.5302,6,random
33,270336,1166,45,351.5,2222.6,3.7,7.5,2.45,0.4643,0.1429,0.7857,0.0,0.4643,,204.3,5.56,1.603,9.8,0.7024,4.97,0.0043,0.0342,0.8881,-0.0054,0.0228,-1.5328,6,random
34,278528,1208,42,362.5,2445.3,3.4,7.5,2.18,0.52,0.25,0.7692,0.0,0.52,,203.1,5.67,1.6571,10.33,0.7098,5.24,0.0041,0.0239,0.8443,-0.0038,0.0339,-1.5601,6,random
35,286720,1244,36,373.3,2615.4,3.1,7.6,1.99,0.5294,0.3,0.8571,0.0588,0.5294,,218.4,5.53,1.6623,10.57,0.7049,5.27,0.0041,0.0278,0.853,-0.0049,0.0273,-1.5539,6,random
36,294912,1288,44,384.4,2468.2,3.3,7.6,2.15,0.6957,0.6,0.7692,0.0,0.6957,,211.2,5.5,1.6358,10.2,0.7044,5.13,0.0042,0.0285,0.7514,-0.0051,0.0433,-1.534,7,random
37,303104,1331,43,395.5,2457.7,3.3,7.6,2.16,0.381,0.25,0.5556,0.0,0.381,,183.2,4.79,1.6533,10.51,0.703,5.22,0.005,0.0332,0.7863,-0.005,0.0436,-1.5333,7,random
38,311296,1361,30,406.7,2364.0,3.5,7.7,2.3,0.5333,0.2857,0.75,0.0,0.5333,,210.9,5.53,1.6346,10.89,0.6846,5.13,0.0036,0.0358,0.8313,-0.0049,0.0248,-1.5345,7,random
39,319488,1402,41,417.9,2418.6,3.4,7.4,2.18,0.68,0.5714,0.7222,0.0,0.68,,187.7,5.27,1.6599,10.9,0.6948,5.26,0.0063,0.0412,0.7282,-0.0059,0.0402,-1.5415,7,random
40,327680,1439,37,428.6,2576.9,3.2,7.7,2.0,0.5,0.4,0.625,0.0556,0.5,,253.3,6.19,1.6281,10.32,0.6975,5.09,0.0033,0.0271,0.8015,-0.0048,0.0275,-1.5197,7,random
41,335872,1474,35,439.6,2601.7,3.1,7.7,2.0,0.5,0.3,0.75,0.0,0.5,,214.7,5.51,1.5926,10.25,0.6842,4.92,0.0051,0.0339,0.8182,-0.0052,0.0276,-1.4648,8,random
42,344064,1516,42,450.6,2628.1,3.1,7.8,1.96,0.5,0.6,0.4,0.0,0.5,,194.8,5.19,1.5758,9.78,0.691,4.83,0.006,0.0515,0.6817,-0.0061,0.0472,-1.4684,8,random
43,352256,1556,40,462.0,2373.2,3.5,7.8,2.26,0.56,0.3077,0.8333,0.0,0.56,,218.9,5.88,1.5945,10.91,0.6672,4.93,0.0049,0.0455,0.7762,-0.0052,0.0319,-1.4954,8,random
44,360448,1585,29,473.3,2398.8,3.4,7.7,2.29,0.7692,0.6667,0.8571,0.0,0.7692,,228.7,5.55,1.579,10.61,0.6686,4.85,0.0044,0.0438,0.8429,-0.0063,0.0262,-1.4695,8,random
45,368640,1623,38,484.4,2611.0,3.1,7.6,1.98,0.4783,0.5,0.4545,0.0,0.4783,,241.5,6.58,1.5937,10.39,0.6808,4.92,0.0057,0.0453,0.7905,-0.0066,0.034,-1.4779,8,random
46,376832,1658,35,495.3,2620.3,3.1,7.6,1.96,0.5789,0.375,0.7273,0.0,0.5789,,201.7,5.29,1.5483,9.69,0.6817,4.7,0.005,0.0341,0.7611,-0.0063,0.034,-1.4589,9,random
47,385024,1687,29,506.0,2722.1,3.0,7.6,1.88,0.75,0.6667,0.8333,0.0,0.75,,254.7,5.86,1.5596,10.07,0.6752,4.76,0.0046,0.0413,0.7997,-0.0053,0.0259,-1.4705,9,random
48,393216,1722,35,517.0,2562.5,3.2,7.8,2.07,0.5882,0.5,0.7143,0.0,0.5882,,256.5,6.46,1.562,10.28,0.6703,4.77,0.0045,0.0346,0.7346,-0.0061,0.0364,-1.4592,9,random
49,401408,1758,36,528.1,2619.4,3.1,7.6,1.98,0.5,0.4545,0.5714,0.0,0.5,,237.1,5.81,1.5447,10.15,0.6666,4.69,0.0065,0.0644,0.8433,-0.0063,0.0305,-1.4503,9,random
50,409600,1797,39,539.0,2629.4,3.1,7.6,1.97,0.6111,0.3333,0.75,0.0,0.6111,,236.6,5.95,1.5692,10.39,0.6704,4.8,0.0068,0.053,0.8476,-0.008,0.0251,-1.4397,9,random
51,417792,1832,35,550.2,2400.8,3.4,7.7,2.24,0.7059,0.5,1.0,0.0,0.7059,,233.5,5.89,1.5283,10.21,0.6579,4.61,0.007,0.0655,0.8164,-0.0055,0.0275,-1.4212,10,random
52,425984,1868,36,561.2,2641.5,3.1,7.4,1.92,0.6522,0.5,0.8182,0.0,0.6522,,190.6,5.19,1.549,10.42,0.6609,4.71,0.0062,0.0478,0.7735,-0.0071,0.0337,-1.4172,10,random
53,434176,1908,40,571.8,2661.1,3.1,7.7,1.95,0.8,0.5,1.0,0.0,0.8,,215.9,5.3,1.5231,10.36,0.6513,4.59,0.0062,0.0549,0.8194,-0.0076,0.0295,-1.3981,10,random
54,442368,1949,41,582.8,2648.3,3.1,7.7,1.94,0.8333,0.7778,0.8889,0.0,0.8333,,212.1,4.9,1.4998,9.59,0.6633,4.48,0.0065,0.0636,0.7429,-0.007,0.0393,-1.3936,10,random
55,450560,1989,40,593.8,2588.7,3.2,7.7,2.04,0.75,0.6154,1.0,0.0,0.75,,172.2,4.33,1.497,9.63,0.661,4.47,0.0063,0.0524,0.7475,-0.0064,0.043,-1.3793,10,random
56,458752,2025,36,604.8,2641.5,3.1,7.6,1.99,0.6154,0.625,0.6,0.0,0.6154,,248.1,5.36,1.4528,9.34,0.6503,4.28,0.005,0.0511,0.7494,-0.0074,0.0443,-1.3685,11,random
57,466944,2068,43,615.8,2546.2,3.2,7.8,2.09,0.7917,0.5,1.0,0.0,0.7917,,166.2,4.35,1.4904,9.82,0.6526,4.44,0.0077,0.0737,0.752,-0.0062,0.038,-1.364,11,random
58,475136,2113,45,627.1,2469.7,3.3,7.5,2.15,0.8182,0.7778,0.8462,0.0,0.8182,,263.7,6.0,1.4695,9.53,0.6518,4.35,0.0051,0.0511,0.6795,-0.0079,0.0503,-1.3613,11,random
59,483328,2160,47,638.2,2399.0,3.4,7.5,2.28,0.6667,0.6154,0.7273,0.0,0.6667,,187.6,4.7,1.4767,9.76,0.6482,4.38,0.0064,0.0553,0.6909,-0.0077,0.0496,-1.3513,11,random
60,491520,2199,39,648.8,2750.4,3.0,7.6,1.82,0.65,0.5,0.8,0.0,0.65,,166.6,4.49,1.424,9.19,0.6421,4.15,0.0067,0.0698,0.7453,-0.0064,0.0368,-1.3275,11,random
61,499712,2240,41,659.8,2503.2,3.3,7.7,2.1,0.8421,0.7,1.0,0.0,0.8421,,186.2,4.44,1.3881,8.95,0.6333,4.01,0.0064,0.0544,0.7873,-0.0067,0.0336,-1.2907,12,random
62,507904,2285,45,671.3,2288.7,3.6,7.5,2.42,0.8,0.6471,1.0,0.0,0.8,,187.8,5.09,1.4154,9.63,0.6249,4.12,0.0081,0.0735,0.7421,-0.0076,0.0421,-1.2881,12,random
63,516096,2323,38,681.9,2798.3,2.9,7.5,1.81,0.7368,0.5833,1.0,0.0,0.7368,,184.7,4.92,1.4036,9.59,0.6209,4.07,0.0065,0.0695,0.6551,-0.0077,0.0467,-1.2949,12,random
64,524288,2353,30,692.5,2784.0,2.9,7.6,1.81,0.7143,0.5714,0.8571,0.0,0.7143,,218.3,5.07,1.3836,9.53,0.6139,3.99,0.0072,0.0648,0.7567,-0.0081,0.0335,-1.2776,12,random
65,532480,2382,29,703.3,2655.6,3.1,7.6,1.95,0.4615,0.4,0.6667,0.0,0.4615,,278.3,6.38,1.362,9.37,0.6087,3.9,0.0058,0.0623,0.7471,-0.0078,0.0255,-1.2845,12,random
66,540672,2420,38,714.3,2482.1,3.3,7.7,2.15,0.9286,0.75,1.0,0.0,0.9286,,214.8,5.21,1.3961,10.18,0.6016,4.04,0.0091,0.0791,0.816,-0.0079,0.0282,-1.3008,13,random
67,548864,2453,33,725.4,2582.1,3.2,7.6,2.03,0.625,0.6923,0.3333,0.0,0.625,,284.2,6.73,1.3856,10.06,0.6002,4.0,0.0068,0.0772,0.7826,-0.0068,0.0298,-1.2824,13,random
68,557056,2490,37,736.3,2557.5,3.2,7.4,2.03,0.6471,0.5714,0.7,0.0,0.6471,,249.9,5.78,1.3742,9.91,0.5992,3.95,0.006,0.0612,0.7833,-0.0074,0.0337,-1.2797,13,random
69,565248,2534,44,747.2,2462.4,3.3,7.8,2.15,0.7,0.6923,0.7059,0.0,0.7,,173.7,4.64,1.3474,9.29,0.6045,3.85,0.007,0.0619,0.734,-0.0063,0.0455,-1.2564,13,random
70,573440,2570,36,758.3,2636.7,3.1,7.4,1.9,0.6875,1.0,0.5455,0.0,0.6875,,216.6,4.89,1.3422,9.45,0.5976,3.83,0.0081,0.0883,0.7336,-0.0077,0.0371,-1.2524,13,random
71,581632,2612,42,769.1,2496.3,3.3,7.8,2.15,0.45,0.4615,0.4286,0.0,0.45,,222.5,5.43,1.3948,9.95,0.6072,4.03,0.0101,0.099,0.5899,-0.0078,0.0487,-1.2617,14,random
72,589824,2649,37,780.2,2647.8,3.1,7.4,2.0,0.7368,0.6364,0.875,0.0,0.7368,,208.6,5.19,1.3393,9.35,0.599,3.82,0.0089,0.0766,0.6122,-0.0081,0.0412,-1.2385,14,random
73,598016,2680,31,790.7,2796.0,2.9,7.6,1.81,0.7857,0.6,0.8889,0.0,0.7857,,223.5,5.52,1.3716,9.82,0.6005,3.94,0.0074,0.0669,0.6767,-0.008,0.0337,-1.2351,14,random
74,606208,2714,34,801.3,2810.0,2.9,7.8,1.8,0.7143,1.0,0.6,0.0,0.7143,,240.8,5.47,1.3127,9.58,0.5809,3.72,0.0082,0.0802,0.7035,-0.0088,0.0343,-1.2361,14,random
75,614400,2747,33,812.6,2425.0,3.4,7.5,2.22,0.7059,0.5,1.0,0.0,0.7059,,238.1,5.52,1.2971,9.43,0.578,3.66,0.01,0.0774,0.784,-0.0078,0.0252,-1.225,14,random
76,622592,2784,37,823.8,2333.3,3.5,7.3,2.26,0.8571,0.9,0.8182,0.0,0.8571,,243.6,6.03,1.2912,9.6,0.5709,3.64,0.0064,0.0774,0.6792,-0.0071,0.0438,-1.2212,15,random
77,630784,2822,38,834.6,2487.1,3.3,7.3,2.13,0.6316,0.4,0.8889,0.0,0.6316,,248.4,5.97,1.3252,9.43,0.5906,3.76,0.0094,0.0866,0.6963,-0.0092,0.038,-1.2382,15,random
78,638976,2852,30,845.2,2531.8,3.2,7.4,2.1,0.7778,0.9091,0.5714,0.0,0.7778,,262.6,6.47,1.3676,10.44,0.5831,3.93,0.0081,0.0913,0.7056,-0.0077,0.0353,-1.2385,15,random
79,647168,2877,25,855.8,2728.8,3.0,7.4,1.85,0.5714,0.3333,0.75,0.0,0.5714,,237.3,6.28,1.2863,9.61,0.5685,3.62,0.0082,0.0825,0.7459,-0.0071,0.0269,-1.1945,15,random
80,655360,2895,18,866.2,2842.1,2.9,7.4,1.75,0.8182,1.0,0.6667,0.0,0.8182,,239.9,6.44,1.2911,9.88,0.5635,3.64,0.0091,0.0965,0.7787,-0.0065,0.0216,-1.1985,15,random
81,663552,2926,31,876.5,2974.9,2.8,7.6,1.61,0.7692,0.7143,0.8333,0.0,0.7692,,357.8,7.81,1.3006,9.79,0.5702,3.67,0.009,0.1047,0.6776,-0.0059,0.0302,-1.2317,16,random
82,671744,2958,32,887.2,2834.6,2.9,7.8,1.76,0.6154,0.5,1.0,0.0,0.6154,,295.9,6.53,1.2942,9.49,0.5752,3.65,0.0065,0.0819,0.6491,-0.0065,0.0324,-1.2144,16,random
83,679936,2987,29,898.1,2730.2,3.0,7.8,1.88,0.7059,0.5714,0.8,0.0,0.7059,,280.2,6.97,1.3223,9.88,0.5773,3.75,0.0073,0.0796,0.7242,-0.008,0.0269,-1.2187,16,random
84,688128,3013,26,909.0,2804.8,2.9,7.3,1.77,0.7273,0.6667,0.75,0.0,0.7273,,271.6,6.31,1.261,9.4,0.5627,3.53,0.0083,0.0906,0.7199,-0.0073,0.0291,-1.1887,16,random
85,696320,3042,29,919.1,3114.2,2.6,7.4,1.5,0.4615,0.4,0.5,0.0,0.4615,,327.1,7.55,1.2799,9.66,0.5644,3.6,0.009,0.0883,0.7531,-0.0091,0.0257,-1.1499,16,random
86,704512,3067,25,929.3,3082.0,2.7,7.8,1.53,1.0,1.0,1.0,0.0,1.0,,273.2,6.32,1.2878,9.97,0.56,3.62,0.0089,0.0968,0.7515,-0.0075,0.0278,-1.188,17,random
87,712704,3092,25,939.9,3041.6,2.7,7.7,1.6,0.8889,0.875,1.0,0.0,0.8889,,303.6,6.92,1.2574,9.14,0.5683,3.52,0.0095,0.0814,0.7781,-0.0073,0.0269,-1.1376,17,random
88,720896,3126,34,950.7,2797.5,2.9,7.7,1.8,0.8,0.8333,0.7778,0.0,0.8,,253.2,5.85,1.2529,9.51,0.5564,3.5,0.0101,0.1045,0.7549,-0.0076,0.0297,-1.1825,17,random
89,729088,3161,35,961.6,2682.3,3.1,7.6,1.89,0.7857,0.8571,0.7143,0.0,0.7857,,312.6,6.86,1.2743,9.7,0.5608,3.58,0.009,0.0932,0.6658,-0.0068,0.0383,-1.1918,17,random
90,737280,3200,39,972.4,2644.2,3.1,7.6,1.93,0.7143,0.6154,0.875,0.0,0.7143,,206.1,5.26,1.2704,9.78,0.557,3.56,0.0096,0.0874,0.6973,-0.0098,0.0375,-1.187,17,random
91,745472,3224,24,983.0,2836.1,2.9,7.8,1.77,0.6429,0.7778,0.4,0.0,0.6429,,254.0,6.38,1.2193,9.36,0.5453,3.38,0.0083,0.0895,0.76,-0.0092,0.0263,-1.1486,18,random
92,753664,3253,29,994.4,2454.5,3.3,7.6,2.15,0.8462,0.875,0.8,0.0,0.8462,,278.7,6.28,1.2758,10.14,0.5508,3.58,0.0094,0.0803,0.798,-0.0088,0.029,-1.1872,18,random
93,761856,3283,30,1005.2,2676.1,3.1,7.4,1.92,0.7222,0.4286,0.9091,0.0,0.7222,,269.7,6.8,1.2226,9.49,0.5434,3.4,0.0096,0.0959,0.6531,-0.0083,0.0365,-1.12,18,random
94,770048,3310,27,1015.6,2910.8,2.8,7.6,1.66,0.5833,0.0,0.6364,0.0,0.5833,,319.4,7.19,1.2566,9.99,0.5461,3.51,0.0105,0.0912,0.7169,-0.0094,0.0271,-1.1325,18,random
95,778240,3341,31,1026.1,2902.4,2.8,7.6,1.68,0.8,0.6667,0.8571,0.0,0.8,,316.7,6.58,1.2152,9.95,0.5288,3.37,0.0108,0.1063,0.7801,-0.0069,0.0272,-1.1113,18,random
96,786432,3368,27,1037.0,2671.9,3.1,7.2,1.9,0.6923,0.625,0.8,0.0,0.6923,,264.5,6.48,1.2093,9.97,0.5259,3.35,0.0113,0.1096,0.7893,-0.006,0.0263,-1.092,19,random
97,794624,3398,30,1047.5,2578.8,3.2,7.4,2.06,0.9167,0.8571,1.0,0.0,0.9167,,275.0,6.13,1.1974,10.38,0.5117,3.31,0.0084,0.0858,0.7025,-0.0085,0.0311,-1.1011,19,random
98,802816,3431,33,1058.4,2442.8,3.4,7.5,2.23,0.64,0.4545,0.7857,0.0,0.64,,216.7,5.73,1.1728,8.98,0.5342,3.23,0.0083,0.0726,0.7045,-0.0078,0.0283,-1.1047,19,random
99,811008,3461,30,1069.2,2645.0,3.1,7.6,1.97,0.7692,0.8333,0.7143,0.0,0.7692,,298.8,7.07,1.1894,9.65,0.5247,3.28,0.0079,0.0766,0.7483,-0.0076,0.0323,-1.1076,19,random
100,819200,3492,31,1080.1,2558.6,3.2,7.6,2.07,0.6667,1.0,0.4444,0.0,0.6667,,271.8,6.39,1.1851,9.76,0.5201,3.27,0.0091,0.0884,0.802,-0.0075,0.0252,-1.0996,19,random
101,827392,3534,42,1091.3,2359.2,3.5,7.7,2.28,0.7826,0.7778,0.7857,0.0,0.7826,,250.8,5.71,1.2222,10.26,0.525,3.39,0.0074,0.0721,0.7097,-0.0092,0.0415,-1.0913,20,random
102,835584,3570,36,1102.4,2481.4,3.3,7.5,2.13,0.875,0.8667,0.8889,0.0,0.875,,203.8,5.69,1.1874,9.8,0.5203,3.28,0.008,0.0681,0.8076,-0.0091,0.0263,-1.0866,20,random
103,843776,3603,33,1113.4,2509.9,3.3,7.7,2.1,0.8421,0.6667,1.0,0.0,0.8421,,236.0,6.03,1.1998,10.08,0.5194,3.32,0.0085,0.0795,0.8128,-0.0077,0.0233,-1.0685,20,random
104,851968,3638,35,1124.5,2517.9,3.3,7.7,2.11,0.8947,0.9,0.8889,0.0,0.8947,,228.7,5.63,1.1404,9.04,0.518,3.13,0.0079,0.0749,0.7336,-0.0091,0.0358,-1.0538,20,random
105,860160,3673,35,1135.6,2539.2,3.2,7.7,2.06,0.8571,0.9167,0.7778,0.0,0.8571,,230.1,5.74,1.1392,9.41,0.5082,3.12,0.0136,0.0939,0.8059,-0.0076,0.0365,-1.0685,20,random
106,868352,3695,22,1146.4,2740.7,3.0,7.6,1.89,0.8462,0.8333,0.8571,0.0,0.8462,,255.7,6.23,1.1374,9.68,0.5011,3.12,0.008,0.076,0.8335,-0.0082,0.0265,-1.0562,21,random
107,876544,3722,27,1157.0,2868.5,2.9,7.8,1.73,0.6923,0.5,0.8571,0.0,0.6923,,310.7,7.15,1.1583,9.82,0.507,3.18,0.0091,0.0827,0.8049,-0.0086,0.0309,-1.0433,21,random
108,884736,3756,34,1167.9,2792.5,2.9,7.6,1.8,0.7857,0.8333,0.75,0.0,0.7857,,272.0,5.91,1.1226,9.08,0.5088,3.07,0.0091,0.0854,0.7733,-0.0082,0.0363,-1.0424,21,random
109,892928,3790,34,1178.4,3039.7,2.7,7.5,1.58,0.8889,1.0,0.6667,0.0,0.8889,,273.1,6.41,1.1649,10.01,0.5057,3.21,0.0073,0.0784,0.8045,-0.0055,0.0322,-1.0537,21,random
110,901120,3830,40,1189.0,2831.1,2.9,7.8,1.76,0.8125,0.8,0.8333,0.0,0.8125,,250.6,5.45,1.1359,9.51,0.5042,3.11,0.0095,0.1039,0.7406,-0.008,0.0406,-1.0208,21,random
111,909312,3860,30,1199.7,2977.1,2.8,7.6,1.65,0.5385,0.5556,0.5,0.0,0.5385,,156.1,3.93,1.1206,9.49,0.4979,3.07,0.0073,0.0834,0.7146,-0.0036,0.0391,-1.0105,22,random
112,917504,3892,32,1210.3,2841.5,2.9,7.9,1.76,0.7692,0.7143,0.8333,0.0,0.7692,,243.4,5.44,1.0932,9.17,0.4934,2.98,0.0104,0.0883,0.7316,-0.0084,0.0362,-0.9762,22,random
113,925696,3937,45,1221.7,2482.7,3.3,7.7,2.14,0.5789,0.3333,0.6923,0.0,0.5789,,262.9,5.49,1.1,9.6,0.4865,3.0,0.0108,0.0862,0.7211,-0.0082,0.0394,-1.0068,22,random
114,933888,3964,27,1232.7,2625.1,3.1,7.7,1.99,0.9412,1.0,0.8,0.0,0.9412,,207.7,5.63,1.0924,9.25,0.4909,2.98,0.0103,0.093,0.7778,-0.009,0.0274,-0.9976,22,random
115,942080,4008,44,1243.9,2459.7,3.3,7.8,2.16,0.6818,0.5,0.9,0.0,0.6818,,229.0,5.25,1.085,9.35,0.4854,2.96,0.0085,0.0862,0.7108,-0.0065,0.0483,-0.9799,22,random
116,950272,4047,39,1255.2,2423.7,3.4,7.7,2.25,0.9565,1.0,0.9231,0.0,0.9565,,238.4,5.49,1.091,9.81,0.4777,2.98,0.0084,0.0855,0.7725,-0.0083,0.0308,-0.9982,23,random
117,958464,4085,38,1266.2,2648.6,3.1,7.8,1.95,0.7917,0.6154,1.0,0.0,0.7917,,186.8,5.11,1.0791,9.36,0.4825,2.94,0.0095,0.0856,0.7796,-0.0072,0.0331,-1.005,23,random
118,966656,4114,29,1276.9,2868.0,2.9,7.9,1.74,0.9167,1.0,0.8889,0.0,0.9167,,257.0,5.66,1.0744,9.89,0.4688,2.93,0.009,0.0854,0.8081,-0.008,0.0309,-0.9685,23,random
119,974848,4145,31,1288.0,2692.2,3.0,7.4,1.9,0.7778,0.75,1.0,0.0,0.7778,,222.9,5.52,1.0633,9.87,0.4644,2.9,0.0083,0.0898,0.7568,-0.0083,0.0339,-0.9443,23,random
120,983040,4172,27,1298.4,2835.4,2.9,7.5,1.77,0.7143,0.8333,0.625,0.0,0.7143,,264.3,5.78,1.0075,9.19,0.4542,2.74,0.0128,0.1052,0.7743,-0.006,0.0311,-0.9208,23,random
121,991232,4204,32,1308.8,2961.6,2.8,7.7,1.62,1.0,1.0,1.0,0.0,1.0,,310.5,6.38,1.0203,9.42,0.455,2.77,0.011,0.1002,0.8519,-0.0056,0.0266,-0.9203,24,random
122,999424,4231,27,1319.5,2951.3,2.8,7.5,1.72,0.5,0.7143,0.2,0.0,0.5,,284.1,6.33,1.039,10.1,0.4493,2.83,0.0091,0.0831,0.6967,-0.0091,0.0407,-0.8969,24,random
123,1007616,4269,38,1329.9,2953.9,2.8,7.6,1.61,0.5714,0.5714,0.5714,0.0714,0.5714,,275.7,5.84,0.9952,9.27,0.447,2.71,0.01,0.0748,0.7768,-0.0079,0.0321,-0.9227,24,random
124,1015808,4295,26,1340.4,2996.5,2.7,7.5,1.62,0.8333,0.6,1.0,0.0,0.8333,,244.4,5.42,0.9871,9.63,0.4359,2.68,0.0096,0.0868,0.8193,-0.0089,0.0248,-0.9073,24,random
125,1024000,4323,28,1351.0,2734.3,3.0,7.7,1.8,0.8824,0.8889,0.875,0.0,0.8824,,251.3,5.96,0.9602,9.53,0.4258,2.61,0.0118,0.0975,0.8206,-0.0054,0.0265,-0.8752,24,random
126,1032192,4358,35,1361.5,3084.8,2.7,7.6,1.52,0.6667,0.4286,0.875,0.0,0.6667,,261.1,5.54,0.9611,9.39,0.4291,2.61,0.0102,0.0771,0.7564,-0.0077,0.0345,-0.8775,25,random
127,1040384,4400,42,1372.2,2818.8,2.9,7.7,1.76,0.7143,0.4286,1.0,0.0,0.7143,,289.9,5.71,0.9472,8.92,0.4328,2.58,0.0085,0.079,0.745,-0.0074,0.0398,-0.8737,25,random
128,1048576,4434,34,1383.1,2720.5,3.0,7.4,1.89,0.6875,0.5714,0.7778,0.0,0.6875,,176.8,4.15,0.9532,9.38,0.4259,2.59,0.0089,0.0849,0.7249,-0.0062,0.0443,-0.8451,25,random
129,1056768,4464,30,1393.6,2690.1,3.0,7.3,1.93,0.8095,0.75,0.8889,0.0,0.8095,,229.5,5.7,0.9385,9.57,0.4156,2.56,0.01,0.0854,0.8599,-0.0095,0.02,-0.8496,25,random
130,1064960,4485,21,1404.0,2846.6,2.9,7.9,1.79,0.7,0.5714,1.0,0.0,0.7,,277.5,5.86,0.8955,9.56,0.3966,2.45,0.0103,0.0881,0.8042,-0.0069,0.0269,-0.8258,25,random
131,1073152,4522,37,1415.0,2701.8,3.0,7.7,1.92,0.7143,0.5714,0.8571,0.0,0.7143,,293.9,6.0,0.9294,9.34,0.4159,2.53,0.0099,0.0871,0.7924,-0.0059,0.0366,-0.8627,26,random
132,1081344,4557,35,1426.2,2449.0,3.3,7.7,2.19,0.6818,0.5833,0.8,0.0,0.6818,,240.6,5.89,0.945,9.83,0.4135,2.57,0.0111,0.087,0.7351,-0.005,0.035,-0.8478,26,random
133,1089536,4585,28,1437.2,2656.3,3.1,7.8,1.93,0.8571,0.875,0.8333,0.0,0.8571,,288.8,6.0,0.9593,10.28,0.4116,2.61,0.0087,0.0743,0.8154,-0.0076,0.0248,-0.8735,26,random
134,1097728,4614,29,1448.3,2633.9,3.1,7.7,1.99,0.8824,0.9091,0.8333,0.0,0.8824,,250.7,6.24,0.9153,10.14,0.3951,2.5,0.0071,0.0782,0.793,-0.0056,0.0277,-0.8094,26,random
135,1105920,4647,33,1459.0,2848.2,2.9,7.8,1.75,0.7143,0.5,0.8,0.0714,0.7143,,272.9,5.73,0.9306,10.07,0.403,2.54,0.0142,0.0991,0.7757,-0.0065,0.0337,-0.8286,26,random
136,1114112,4675,28,1469.8,2857.0,2.9,7.7,1.76,0.8667,0.8182,1.0,0.0,0.8667,,248.6,5.46,0.9063,10.06,0.3926,2.48,0.0096,0.097,0.822,-0.0061,0.025,-0.822,27,random
137,1122304,4709,34,1480.6,2740.6,3.0,7.6,1.86,0.9167,0.8333,1.0,0.0,0.9167,,298.5,5.82,0.914,10.46,0.3893,2.49,0.0119,0.0952,0.8066,-0.0082,0.0311,-0.8095,27,random
138,1130496,4735,26,1491.3,2802.6,2.9,7.6,1.82,0.9167,1.0,0.8571,0.0,0.9167,,267.7,5.69,0.9084,10.65,0.384,2.48,0.0118,0.0949,0.8167,-0.0082,0.027,-0.8108,27,random
139,1138688,4765,30,1502.0,2782.5,2.9,7.5,1.83,0.7143,0.7778,0.6,0.0,0.7143,,266.2,5.7,0.9027,10.57,0.3829,2.47,0.0114,0.0886,0.8077,-0.0069,0.0306,-0.8142,27,random
140,1146880,4795,30,1512.7,2743.3,3.0,7.8,1.84,1.0,1.0,1.0,0.0,1.0,,255.1,5.67,0.9275,10.48,0.3947,2.53,0.01,0.1038,0.8388,-0.0057,0.0257,-0.8248,27,random
141,1155072,4815,20,1523.5,2815.1,2.9,7.8,1.76,0.8,0.6667,1.0,0.0,0.8,,309.9,5.9,0.9445,11.33,0.389,2.57,0.0073,0.1084,0.8541,-0.0026,0.0232,-0.8191,28,random
142,1163264,4844,29,1534.2,2954.3,2.8,7.7,1.6,0.8235,0.875,0.7778,0.0,0.8235,,304.4,6.97,0.9452,11.34,0.3892,2.57,0.0108,0.0972,0.7752,-0.0056,0.0301,-0.8416,28,random
143,1171456,4876,32,1544.9,2904.2,2.8,7.7,1.72,0.9375,0.875,1.0,0.0,0.9375,,273.8,5.56,0.9248,10.83,0.3882,2.52,0.0097,0.0882,0.8497,-0.0087,0.0235,-0.8275,28,random
144,1179648,4902,26,1555.6,2896.9,2.8,7.8,1.74,1.0,1.0,1.0,0.0,1.0,,315.4,5.85,0.9173,10.81,0.3854,2.5,0.0108,0.0784,0.7985,-0.009,0.0323,-0.8377,28,random
145,1187840,4929,27,1566.4,2865.6,2.9,7.9,1.75,0.6667,1.0,0.5,0.0,0.6667,,270.3,5.48,0.9529,11.48,0.3904,2.59,0.0094,0.0937,0.848,-0.0056,0.0253,-0.8541,28,random
146,1196032,4966,37,1577.7,2501.4,3.3,7.8,2.17,1.0,1.0,1.0,0.0,1.0,,287.4,5.92,0.9451,10.77,0.3977,2.57,0.0127,0.0901,0.794,-0.0058,0.0353,-0.8348,29,random
147,1204224,5005,39,1589.0,2474.2,3.3,7.8,2.17,0.8182,0.7,0.9167,0.0,0.8182,,225.9,5.0,0.9132,10.38,0.3902,2.49,0.0079,0.0626,0.8252,-0.0073,0.0327,-0.8235,29,random
148,1212416,5041,36,1600.2,2588.1,3.2,7.9,2.04,0.7368,0.6,0.8889,0.0,0.7368,,244.1,5.33,0.9122,10.48,0.3882,2.49,0.0104,0.0914,0.8061,-0.0073,0.0346,-0.827,29,random
149,1220608,5072,31,1611.5,2529.9,3.2,7.8,2.1,0.7692,0.8,0.75,0.0,0.7692,,270.0,5.55,0.9337,10.93,0.3904,2.54,0.011,0.089,0.8495,-0.0064,0.0259,-0.8244,29,random
150,1228800,5121,49,1622.9,2387.5,3.4,7.9,2.27,0.6957,0.5556,0.7857,0.0,0.6957,,226.4,4.9,0.9812,11.54,0.4011,2.67,0.0076,0.0954,0.6639,-0.0055,0.0626,-0.8849,29,random
151,1236992,5162,41,1634.1,2574.9,3.2,7.9,2.06,0.75,0.6923,0.8571,0.0,0.75,,165.5,4.24,0.9342,10.46,0.398,2.55,0.0099,0.0811,0.7339,-0.0084,0.0492,-0.8417,30,random
152,1245184,5215,53,1645.7,2318.5,3.5,7.7,2.35,0.7419,0.8125,0.6667,0.0,0.7419,,178.5,4.21,0.9322,10.47,0.397,2.54,0.0106,0.0708,0.6802,-0.009,0.0567,-0.8168,30,random
153,1253376,5247,32,1657.0,2420.0,3.4,7.9,2.22,0.8182,0.8182,0.8182,0.0,0.8182,,175.1,4.22,0.9034,10.78,0.38,2.47,0.0093,0.0722,0.7916,-0.0078,0.0339,-0.8153,30,random
154,1261568,5284,37,1668.2,2613.2,3.1,7.9,2.02,0.7619,0.75,0.7778,0.0,0.7619,,228.5,5.41,0.9314,11.26,0.3847,2.54,0.0091,0.0853,0.7745,-0.0083,0.0368,-0.8494,30,random
155,1269760,5332,48,1679.6,2493.6,3.3,7.6,2.13,0.8636,0.7273,1.0,0.0,0.8636,,201.4,4.23,0.9025,10.97,0.3768,2.47,0.0091,0.0909,0.7454,-0.0068,0.0378,-0.8054,30,random
156,1277952,5370,38,1690.8,2370.4,3.5,7.8,2.27,0.8333,0.7857,0.9,0.0,0.8333,,206.3,4.63,0.8825,11.31,0.3638,2.42,0.0099,0.0826,0.7518,-0.0071,0.0379,-0.7901,31,random
157,1286144,5399,29,1702.3,2325.5,3.5,7.9,2.36,0.9,1.0,0.8333,0.0,0.9,,211.3,5.38,0.8971,11.68,0.365,2.45,0.0091,0.0797,0.7965,-0.007,0.0277,-0.78,31,random
158,1294336,5432,33,1713.9,2340.0,3.5,7.9,2.33,0.7895,0.6667,0.9,0.0,0.7895,,212.4,4.88,0.8785,11.62,0.3582,2.41,0.014,0.0895,0.7281,-0.0068,0.0394,-0.7752,31,random
159,1302528,5468,36,1725.1,2585.9,3.2,7.9,2.03,0.7917,0.7333,0.8889,0.0,0.7917,,262.0,6.06,0.8913,12.09,0.3576,2.44,0.0117,0.0867,0.7455,-0.0072,0.0382,-0.8038,31,random
160,1310720,5494,26,1736.0,2794.3,2.9,7.9,1.79,0.875,0.7778,1.0,0.0,0.875,,270.5,5.69,0.8486,11.11,0.3524,2.34,0.011,0.0859,0.8275,-0.0081,0.0239,-0.762,31,random
161,1318912,5524,30,1746.8,2977.9,2.8,7.9,1.61,0.9375,0.8571,1.0,0.0,0.9375,,262.0,5.27,0.8696,11.43,0.3569,2.39,0.0109,0.0817,0.8051,-0.0063,0.0291,-0.7889,32,random
162,1327104,5553,29,1757.6,3030.0,2.7,8.0,1.58,0.8462,1.0,0.7778,0.0,0.8462,,264.2,5.31,0.8541,11.87,0.3452,2.35,0.0079,0.0857,0.847,-0.0077,0.0242,-0.7752,32,random
163,1335296,5577,24,1768.4,3052.4,2.7,8.0,1.58,1.0,1.0,1.0,0.0,1.0,,246.5,4.67,0.9107,12.44,0.3612,2.49,0.0078,0.0755,0.8328,-0.0075,0.0275,-0.8162,32,random
164,1343488,5603,26,1779.5,2821.7,2.9,8.0,1.77,1.0,1.0,1.0,0.0,1.0,,331.2,5.96,0.9067,12.37,0.3605,2.48,0.0148,0.1046,0.7908,-0.0072,0.0325,-0.8141,32,random
165,1351680,5635,32,1790.6,2750.0,3.0,8.1,1.8,0.8,0.8333,0.7778,0.0,0.8,,285.8,5.31,0.8925,12.23,0.3565,2.44,0.011,0.0863,0.8293,-0.0082,0.0294,-0.8028,32,random
166,1359872,5667,32,1801.6,2919.8,2.8,7.9,1.68,0.8571,1.0,0.7143,0.0,0.8571,,296.3,5.5,0.8786,12.39,0.3491,2.41,0.0111,0.079,0.8229,-0.0067,0.0272,-0.7807,33,random
167,1368064,5696,29,1812.5,2898.3,2.8,7.8,1.7,1.0,1.0,1.0,0.0,1.0,,278.3,5.31,0.8646,12.74,0.3398,2.37,0.013,0.108,0.8163,-0.0046,0.0283,-0.774,33,random
168,1376256,5716,20,1823.0,3277.0,2.5,7.9,1.39,0.8571,0.75,1.0,0.0,0.8571,,358.9,6.45,0.856,13.04,0.3334,2.35,0.009,0.0888,0.7539,-0.0066,0.0298,-0.7735,33,random
169,1384448,5738,22,1834.1,2696.6,3.0,8.1,1.9,0.875,1.0,0.6667,0.0,0.875,,307.4,5.36,0.8819,13.55,0.3383,2.42,0.0109,0.1035,0.8437,-0.0056,0.0209,-0.7752,33,random
170,1392640,5768,30,1845.2,2811.6,2.9,8.0,1.79,0.9167,0.875,1.0,0.0,0.9167,,375.4,6.6,0.9028,14.56,0.3371,2.47,0.0124,0.1057,0.8079,-0.0038,0.0248,-0.7827,33,random
171,1400832,5786,18,1856.3,2814.9,2.9,8.2,1.8,1.0,1.0,1.0,0.0,1.0,,229.7,5.67,0.8376,13.55,0.3214,2.31,0.0117,0.0878,0.8605,-0.0077,0.0171,-0.7293,34,random
172,1409024,5805,19,1867.4,2931.8,2.8,8.2,1.67,1.0,1.0,1.0,0.0,1.0,,315.7,6.47,0.8729,14.28,0.3283,2.39,0.0115,0.0898,0.8815,-0.0072,0.0167,-0.7703,34,random
173,1417216,5832,27,1878.7,2829.2,2.9,8.0,1.8,0.8571,0.6,1.0,0.0,0.8571,,352.0,6.26,0.8593,14.11,0.3246,2.36,0.0098,0.0977,0.835,-0.0058,0.0219,-0.7849,34,random
174,1425408,5852,20,1889.8,2852.4,2.9,8.1,1.73,0.8889,0.8,1.0,0.0,0.8889,,344.2,6.05,0.8331,13.47,0.3203,2.3,0.01,0.0881,0.854,-0.005,0.0203,-0.7906,34,random
175,1433600,5891,39,1901.0,2757.2,3.0,8.2,1.8,0.8125,0.7692,1.0,0.0,0.8125,,399.4,6.67,0.8402,13.91,0.3191,2.32,0.0105,0.0878,0.7676,-0.007,0.0327,-0.772,34,random
176,1441792,5920,29,1912.3,2792.4,2.9,8.1,1.79,0.9231,1.0,0.875,0.0,0.9231,,291.0,5.03,0.8572,13.42,0.3301,2.36,0.0095,0.0912,0.8314,-0.0064,0.024,-0.7664,35,random
177,1449984,5942,22,1923.5,2829.1,2.9,8.1,1.77,0.7,0.8,0.6,0.0,0.7,,276.5,5.14,0.8118,13.27,0.314,2.25,0.009,0.0808,0.7982,-0.0063,0.0252,-0.7208,35,random
178,1458176,5979,37,1934.8,2682.0,3.1,8.1,1.89,0.7333,0.8,0.7,0.0,0.7333,,264.9,5.0,0.7889,12.8,0.3095,2.2,0.0114,0.0799,0.7704,-0.0079,0.0345,-0.714,35,random
179,1466368,6018,39,1946.4,2445.6,3.3,8.0,2.17,0.9,0.8571,0.9231,0.0,0.9,,258.9,5.0,0.8292,13.16,0.3218,2.29,0.0083,0.0724,0.8071,-0.0067,0.0316,-0.7332,35,random
180,1474560,6046,28,1957.5,2802.3,2.9,8.1,1.79,0.8235,0.75,0.8889,0.0,0.8235,,225.5,4.86,0.7977,13.27,0.3085,2.22,0.0092,0.0788,0.7578,-0.003,0.0326,-0.6872,35,random
181,1482752,6076,30,1968.8,2797.6,2.9,8.1,1.8,0.8333,0.8889,0.7778,0.0,0.8333,,202.7,4.23,0.794,13.11,0.3086,2.21,0.0087,0.0795,0.8163,-0.0061,0.0245,-0.7052,36,random
182,1490944,6099,23,1979.9,2828.9,2.9,8.2,1.76,0.9167,0.875,1.0,0.0,0.9167,,271.1,5.09,0.8011,14.48,0.2997,2.23,0.0102,0.0768,0.7848,-0.0077,0.0229,-0.7278,36,random
183,1499136,6125,26,1991.1,2854.0,2.9,8.1,1.72,0.8,0.6,0.9,0.0,0.8,,302.4,5.77,0.7992,13.85,0.3041,2.22,0.0085,0.0784,0.7601,-0.008,0.026,-0.7186,36,random
184,1507328,6155,30,2002.3,2830.7,2.9,8.2,1.73,0.8333,0.8333,0.8333,0.0,0.8333,,349.1,5.87,0.782,13.22,0.3029,2.19,0.0098,0.0866,0.7384,-0.0071,0.0299,-0.6821,36,random
185,1515520,6185,30,2013.8,2599.8,3.2,8.2,2.03,0.9231,0.8889,1.0,0.0,0.9231,,277.7,5.1,0.8001,13.83,0.3046,2.23,0.0097,0.077,0.8179,-0.0074,0.0208,-0.7114,36,random
186,1523712,6213,28,2025.3,2549.2,3.2,8.2,2.04,0.5385,0.5714,0.5,0.0,0.5385,,323.1,5.89,0.7663,13.33,0.2959,2.15,0.0127,0.0884,0.7425,-0.0076,0.0281,-0.678,37,random
187,1531904,6240,27,2036.9,2546.6,3.2,8.1,2.04,0.9333,0.875,1.0,0.0,0.9333,,297.9,5.37,0.7743,13.38,0.2985,2.17,0.0103,0.0832,0.8038,-0.0059,0.0237,-0.6861,37,random
188,1540096,6270,30,2048.3,2584.4,3.2,8.2,2.0,0.7222,0.6364,0.8571,0.0,0.7222,,259.4,5.27,0.7519,13.53,0.2886,2.12,0.0135,0.079,0.8025,-0.0074,0.0274,-0.6917,37,random
189,1548288,6296,26,2059.3,3045.9,2.7,8.1,1.53,0.6667,0.875,0.25,0.0,0.6667,,325.4,6.04,0.7346,13.77,0.2801,2.08,0.0149,0.1014,0.7667,-0.0036,0.0253,-0.6393,37,random
190,1556480,6315,19,2070.5,2798.4,2.9,8.3,1.8,0.8,0.8571,0.6667,0.0,0.8,,281.2,5.21,0.7263,14.21,0.2737,2.07,0.0081,0.0814,0.7867,-0.0054,0.0195,-0.6573,37,random
191,1564672,6336,21,2081.8,2928.3,2.8,8.3,1.65,0.625,0.75,0.5,0.0,0.625,,356.8,5.9,0.7314,13.72,0.2793,2.08,0.0074,0.0682,0.7948,-0.007,0.0232,-0.6656,38,random
192,1572864,6361,25,2092.8,3125.7,2.6,8.2,1.48,0.8667,0.75,0.9091,0.0,0.8667,,304.4,5.64,0.7528,13.78,0.287,2.12,0.0143,0.0905,0.8706,-0.007,0.0171,-0.6639,38,random
193,1581056,6383,22,2103.9,3034.0,2.7,8.2,1.56,1.0,1.0,1.0,0.0,1.0,,423.0,6.86,0.735,14.27,0.2765,2.09,0.0116,0.0822,0.8298,-0.0056,0.0199,-0.6492,38,random
194,1589248,6410,27,2115.1,2868.6,2.9,8.1,1.74,0.6364,0.6,0.6667,0.0,0.6364,,385.3,6.22,0.7215,14.42,0.2703,2.06,0.0088,0.0786,0.7583,-0.0059,0.0282,-0.6331,38,random
195,1597440,6442,32,2126.4,2677.5,3.1,8.1,1.92,0.75,0.6667,0.8333,0.0,0.75,,258.2,4.59,0.6751,13.67,0.2581,1.96,0.011,0.0763,0.7605,-0.0076,0.0302,-0.5937,38,random
196,1605632,6464,22,2137.7,2749.0,3.0,8.2,1.84,1.0,1.0,1.0,0.0,1.0,,296.2,5.86,0.7235,14.62,0.2698,2.06,0.0099,0.077,0.7908,-0.0068,0.0227,-0.6484,39,random
197,1613824,6507,43,2149.2,2565.5,3.2,8.1,2.04,0.6667,0.5,0.875,0.0,0.6667,,319.8,5.56,0.6786,13.72,0.2591,1.97,0.012,0.0697,0.7312,-0.0057,0.0372,-0.6095,39,random
198,1622016,6531,24,2160.9,2428.3,3.4,8.2,2.21,0.7333,0.6,1.0,0.0,0.7333,,213.0,4.12,0.6859,13.69,0.2622,1.99,0.0125,0.0942,0.8574,-0.0026,0.0183,-0.6091,39,random
199,1630208,6569,38,2172.5,2567.8,3.2,8.1,2.04,0.6818,0.5,1.0,0.0,0.6818,,300.9,5.71,0.6539,13.34,0.2524,1.92,0.0131,0.0881,0.7955,-0.0058,0.0308,-0.6196,39,random
200,1638400,6591,22,2183.8,2696.3,3.0,8.0,1.92,0.9091,1.0,0.8889,0.0,0.9091,,252.6,4.82,0.69,13.72,0.2635,1.99,0.0096,0.0743,0.8771,-0.006,0.0157,-0.602,39,random
201,1646592,6614,23,2195.2,2537.9,3.2,8.2,2.05,0.7692,0.6667,0.8571,0.0,0.7692,,256.0,4.91,0.7095,13.8,0.2703,2.03,0.0082,0.0648,0.846,-0.0064,0.0199,-0.6342,40,random
202,1654784,6640,26,2206.6,2677.5,3.1,8.2,1.9,0.6471,0.5,0.7778,0.0,0.6471,,276.6,5.77,0.6962,14.39,0.2611,2.01,0.0119,0.0759,0.8283,-0.0054,0.027,-0.6526,40,random
203,1662976,6668,28,2218.1,2600.3,3.2,8.2,1.98,0.6667,0.6,0.8,0.0,0.6667,,294.8,5.46,0.7138,13.74,0.2724,2.04,0.0124,0.0763,0.8544,-0.0067,0.0239,-0.6764,40,random
204,1671168,6692,24,2229.7,2552.6,3.2,8.1,2.06,0.7778,0.8571,0.5,0.0,0.7778,,332.3,5.54,0.7611,14.22,0.2867,2.14,0.0103,0.0813,0.7998,-0.0057,0.0271,-0.6664,40,random
205,1679360,6718,26,2241.1,2620.4,3.1,8.2,2.01,0.7273,0.75,0.6667,0.0,0.7273,,377.2,6.77,0.7338,13.81,0.2795,2.08,0.013,0.0792,0.7905,-0.0061,0.0267,-0.6568,40,random
206,1687552,6746,28,2252.8,2473.3,3.3,8.1,2.18,0.5714,0.5,0.6667,0.0,0.5714,,334.3,6.43,0.6921,14.17,0.2611,2.0,0.014,0.0955,0.7274,-0.0031,0.0296,-0.6222,41,random
207,1695744,6768,22,2264.1,2674.0,3.1,8.2,1.94,0.5385,0.5,0.5714,0.0,0.5385,,251.1,5.32,0.6911,14.01,0.2618,2.0,0.0116,0.0912,0.7967,-0.0027,0.0302,-0.6158,41,random
208,1703936,6789,21,2275.3,2819.8,2.9,8.2,1.8,0.9091,1.0,0.75,0.0,0.9091,,314.8,5.57,0.7006,14.52,0.2618,2.01,0.0083,0.0759,0.799,-0.0062,0.0203,-0.6248,41,random
209,1712128,6820,31,2286.8,2716.8,3.0,8.1,1.84,0.6,0.6667,0.5,0.0,0.6,,388.8,6.32,0.6871,13.85,0.2614,1.99,0.0125,0.0894,0.8056,-0.0066,0.0232,-0.6456,41,random
210,1720320,6843,23,2298.3,2548.5,3.2,8.3,2.06,0.875,0.75,1.0,0.0,0.875,,242.6,5.09,0.6949,14.84,0.2576,2.0,0.0103,0.0826,0.8328,-0.0072,0.0194,-0.6324,41,random
211,1728512,6874,31,2310.0,2533.6,3.2,8.2,2.04,0.8,0.7143,0.875,0.0,0.8,,328.5,5.74,0.6861,14.29,0.258,1.99,0.0098,0.0785,0.8003,-0.0082,0.0292,-0.6294,42,random
212,1736704,6896,22,2321.6,2473.6,3.3,8.2,2.18,0.5833,0.2,0.8571,0.0,0.5833,,280.0,5.0,0.7091,14.34,0.2662,2.03,0.0109,0.0817,0.8802,-0.0068,0.0197,-0.632,42,random
213,1744896,6919,23,2333.1,2621.1,3.1,8.1,1.96,0.8,0.8333,0.7778,0.0,0.8,,333.2,6.52,0.7298,14.07,0.276,2.07,0.0082,0.0772,0.8893,-0.0066,0.0191,-0.64,42,random
214,1753088,6954,35,2344.4,2682.1,3.1,8.2,1.87,0.9412,0.875,1.0,0.0,0.9412,,321.2,5.6,0.6781,13.93,0.2575,1.97,0.0103,0.0766,0.8103,-0.0072,0.0317,-0.6032,42,random
215,1761280,6979,25,2355.9,2572.0,3.2,7.9,2.0,0.6154,0.5,0.8,0.0,0.6154,,316.7,5.88,0.6402,13.73,0.2444,1.9,0.0088,0.0742,0.7874,-0.0071,0.0282,-0.5775,42,random
216,1769472,7002,23,2366.9,2758.9,3.0,8.0,1.83,0.6364,0.3333,1.0,0.0,0.6364,,278.0,4.78,0.7023,15.44,0.2566,2.02,0.0088,0.0783,0.8812,-0.0068,0.0165,-0.6218,43,random
217,1777664,7029,27,2378.1,2672.9,3.1,8.2,1.94,0.8,0.6,0.9,0.0,0.8,,323.1,5.85,0.6889,13.94,0.2614,1.99,0.0088,0.0778,0.9018,-0.0053,0.0169,-0.6184,43,random
218,1785856,7054,25,2389.5,2724.5,3.0,7.9,1.83,0.8182,0.6667,1.0,0.0,0.8182,,317.7,5.52,0.6796,14.55,0.2538,1.97,0.0098,0.087,0.8688,-0.0071,0.0195,-0.6124,43,random
219,1794048,7082,28,2400.6,2624.9,3.1,8.0,2.0,0.875,0.7143,1.0,0.0,0.875,,307.8,5.86,0.6735,13.79,0.2567,1.96,0.0115,0.0718,0.8666,-0.0057,0.0206,-0.6141,43,random
220,1802240,7109,27,2411.9,2633.0,3.1,8.2,2.0,1.0,1.0,1.0,0.0,1.0,,343.2,5.41,0.692,14.42,0.2593,2.0,0.0119,0.08,0.8033,-0.0049,0.0286,-0.6071,43,random
221,1810432,7138,29,2423.5,2483.4,3.3,8.0,2.13,0.7647,0.7778,0.75,0.0,0.7647,,285.6,5.31,0.6666,14.63,0.2485,1.95,0.0079,0.0659,0.8577,-0.0057,0.0237,-0.6103,44,random
222,1818624,7169,31,2434.8,2637.9,3.1,8.0,1.95,0.7857,0.6667,1.0,0.0,0.7857,,321.9,5.65,0.6206,14.34,0.233,1.86,0.0095,0.0762,0.7999,-0.0053,0.0318,-0.5861,44,random
223,1826816,7200,31,2445.9,2722.9,3.0,8.0,1.82,0.9048,0.9091,0.9,0.0,0.9048,,222.5,4.65,0.6571,14.79,0.2439,1.93,0.0103,0.0907,0.7554,-0.0056,0.0317,-0.5865,44,random
224,1835008,7218,18,2456.8,2992.7,2.7,8.1,1.59,1.0,1.0,1.0,0.0,1.0,,316.8,5.83,0.6702,14.85,0.2484,1.95,0.0112,0.0775,0.8972,-0.0063,0.0117,-0.5947,44,random
225,1843200,7245,27,2467.7,3098.2,2.6,8.2,1.5,0.7,0.7143,0.6667,0.0,0.7,,308.3,5.0,0.6947,15.72,0.2522,2.0,0.0106,0.084,0.8304,-0.0052,0.0238,-0.6018,44,random
226,1851392,7274,29,2479.0,2804.4,2.9,8.1,1.79,0.75,0.6667,0.8333,0.0,0.75,,328.3,5.41,0.6521,14.72,0.2425,1.92,0.009,0.0824,0.8686,-0.0065,0.0207,-0.6031,45,random
227,1859584,7292,18,2490.2,2751.7,3.0,7.9,1.83,1.0,1.0,1.0,0.0,1.0,,312.0,5.5,0.6695,15.22,0.2459,1.95,0.0097,0.0804,0.8597,-0.0069,0.0168,-0.5719,45,random
228,1867776,7320,28,2501.3,2674.9,3.1,7.9,1.94,0.8571,0.8,1.0,0.0,0.8571,,317.4,5.25,0.6818,15.43,0.2491,1.98,0.0099,0.0794,0.8363,-0.0052,0.0253,-0.5851,45,random
229,1875968,7347,27,2512.1,3012.5,2.7,7.9,1.59,0.8889,0.75,1.0,0.0,0.8889,,282.3,5.44,0.6678,14.45,0.2501,1.95,0.0091,0.0795,0.8566,-0.0069,0.0206,-0.6047,45,random
230,1884160,7365,18,2522.8,3117.2,2.6,7.9,1.48,0.8571,0.6667,1.0,0.0,0.8571,,365.2,5.56,0.682,14.68,0.2539,1.98,0.0101,0.0781,0.8493,-0.007,0.0174,-0.6003,45,random
231,1892352,7394,29,2533.9,2718.5,3.0,8.1,1.86,0.8333,0.8333,,0.0,0.8333,,389.3,5.9,0.6735,14.83,0.2498,1.96,0.015,0.0907,0.7635,-0.0067,0.0338,-0.6182,46,random
232,1900544,7426,32,2545.2,2677.9,3.1,8.1,1.9,0.7333,0.7,0.8,0.0,0.7333,,309.0,5.44,0.7085,14.75,0.2633,2.03,0.0125,0.0918,0.7294,-0.0076,0.0326,-0.6213,46,random
233,1908736,7447,21,2556.6,2703.5,3.0,8.2,1.9,0.6667,0.8,0.5,0.0,0.6667,,331.9,5.48,0.6829,14.28,0.2568,1.98,0.0095,0.0699,0.8171,-0.0068,0.0225,-0.6081,46,random
234,1916928,7470,23,2568.0,2637.3,3.1,8.0,1.96,0.7692,0.8,0.75,0.0,0.7692,,299.6,5.35,0.7121,14.96,0.2632,2.04,0.0094,0.0758,0.8003,-0.0057,0.0249,-0.6445,46,random
235,1925120,7496,26,2579.4,2551.8,3.2,8.1,2.01,0.875,0.7778,1.0,0.0,0.875,,281.4,5.38,0.7136,15.41,0.2609,2.04,0.0098,0.0709,0.8379,-0.0067,0.0179,-0.6444,46,random
236,1933312,7525,29,2590.8,2564.2,3.2,8.1,2.04,0.7143,0.8333,0.625,0.0,0.7143,,376.2,6.14,0.7761,15.03,0.2864,2.17,0.0106,0.0833,0.7653,-0.007,0.0269,-0.6894,47,random
237,1941504,7547,22,2602.4,2448.2,3.3,8.1,2.24,0.8,0.6667,0.8889,0.0,0.8,,305.1,5.73,0.7383,14.29,0.2776,2.09,0.0098,0.0786,0.8219,-0.0055,0.0205,-0.6675,47,random
238,1949696,7570,23,2613.9,2510.9,3.3,8.2,2.14,0.75,0.5714,1.0,0.0,0.75,,356.9,6.13,0.7453,14.9,0.2759,2.11,0.0098,0.0782,0.8555,-0.009,0.0174,-0.6671,47,random
239,1957888,7595,25,2625.3,2720.1,3.0,8.1,1.87,0.6,0.3333,1.0,0.0,0.6,,370.3,6.52,0.7355,14.44,0.2754,2.09,0.0095,0.0743,0.7941,-0.006,0.0261,-0.6654,47,random
240,1966080,7618,23,2636.4,2836.4,2.9,7.7,1.69,0.7273,0.5,0.8571,0.0,0.7273,,332.9,5.83,0.7269,14.47,0.2721,2.07,0.0104,0.0703,0.8404,-0.0071,0.0175,-0.6596,47,random
241,1974272,7643,25,2647.0,3039.8,2.7,7.9,1.55,0.75,0.6667,1.0,0.0,0.75,,301.6,5.28,0.713,14.28,0.2681,2.04,0.0103,0.0834,0.826,-0.0058,0.0225,-0.6452,48,random
242,1982464,7669,26,2657.9,2902.9,2.8,7.9,1.69,0.8182,1.0,0.6667,0.0,0.8182,,334.9,5.27,0.6935,13.96,0.2631,2.0,0.0109,0.0757,0.8473,-0.0056,0.0188,-0.6165,48,random
243,1990656,7692,23,2668.9,2816.2,2.9,7.9,1.76,0.9,1.0,0.8571,0.0,0.9,,346.6,5.91,0.7184,14.99,0.2654,2.05,0.0117,0.0875,0.7609,-0.0029,0.025,-0.6364,48,random
244,1998848,7705,13,2679.7,2982.4,2.7,8.2,1.62,1.0,1.0,1.0,0.0,1.0,,376.9,5.77,0.7537,15.03,0.2781,2.12,0.0099,0.0667,0.9004,-0.0076,0.0105,-0.697,48,random
245,2007040,7736,31,2691.0,2820.2,2.9,8.3,1.73,0.9286,0.875,1.0,0.0,0.9286,,347.5,5.94,0.7518,15.09,0.277,2.12,0.0122,0.0857,0.844,-0.0081,0.0183,-0.6785,48,random
246,2015232,7766,30,2702.4,2684.6,3.1,8.0,1.95,0.9091,1.0,0.875,0.0,0.9091,,364.5,5.8,0.7407,14.73,0.2754,2.1,0.0196,0.0861,0.7752,-0.0069,0.03,-0.6719,49,random
247,2023424,7793,27,2713.8,2528.5,3.2,8.2,2.05,0.8571,0.8571,0.8571,0.0,0.8571,,334.5,5.81,0.7366,14.9,0.2727,2.09,0.0096,0.0732,0.8476,-0.0066,0.0204,-0.6924,49,random
248,2031616,7821,28,2725.5,2454.2,3.3,8.2,2.15,0.7857,0.5714,1.0,0.0714,0.7857,,282.0,5.39,0.7186,14.41,0.2694,2.05,0.0094,0.08,0.8071,-0.0051,0.02,-0.6523,49,random
249,2039808,7846,25,2737.1,2529.6,3.2,8.3,2.11,0.4667,0.4,0.5,0.0,0.4667,,260.4,4.88,0.7405,14.7,0.2755,2.1,0.0116,0.0798,0.7558,-0.008,0.0263,-0.6515,49,random
250,2048000,7868,22,2749.0,2401.6,3.4,8.3,2.23,0.5833,0.375,1.0,0.0,0.5833,,367.6,6.64,0.7629,15.19,0.2804,2.14,0.0091,0.0696,0.7671,-0.0059,0.0232,-0.692,49,random
251,2056192,7890,22,2761.1,2292.8,3.6,8.3,2.42,0.75,0.6,0.8571,0.0,0.75,,308.7,5.77,0.7584,15.6,0.276,2.13,0.0094,0.0689,0.8207,-0.0078,0.0226,-0.6566,50,random
252,2064384,7917,27,2773.1,2337.1,3.5,8.4,2.35,0.6111,0.4615,1.0,0.0,0.6111,,321.6,5.89,0.7441,15.62,0.2707,2.1,0.0091,0.0736,0.8764,-0.0071,0.0178,-0.6662,50,random
253,2072576,7944,27,2784.9,2443.7,3.4,8.2,2.17,0.875,0.7778,1.0,0.0,0.875,,350.6,6.26,0.6879,14.44,0.2577,1.99,0.0138,0.0935,0.7871,-0.006,0.0254,-0.6237,50,random
254,2080768,7968,24,2796.4,2634.7,3.1,5.4,1.95,0.9286,0.6667,1.0,0.0,0.9286,,346.2,6.25,0.6749,14.59,0.2518,1.96,0.0194,0.0663,0.8575,-0.0029,0.0183,-0.6294,50,random
255,2088960,7988,20,2805.2,2504.6,3.3,8.2,2.15,0.6667,0.5,0.8333,0.0,0.6667,,349.0,6.4,0.744,15.09,0.2742,2.1,0.0129,0.081,0.9237,-0.0048,0.012,-0.671,50,random
256,2100288,8024,24,3.9,2213.1,3.7,7.7,2.68,0.8696,0.875,0.8667,0.0,0.8696,,70.8,2.33,0.6027,12.92,0.2355,1.83,0.0066,0.0621,0.8917,-0.004,0.017,-0.5197,51,random
257,2108480,8045,21,15.4,2242.0,3.7,7.7,2.55,0.8125,0.7778,0.8571,0.0,0.8125,,174.9,4.52,0.7195,14.28,0.2706,2.05,0.0083,0.0685,0.9247,-0.0049,0.0141,-0.6459,51,random
258,2116672,8072,27,26.5,2542.3,3.2,7.8,2.14,0.6429,0.5,0.8333,0.0,0.6429,,236.1,4.74,0.7197,14.51,0.2691,2.05,0.0107,0.0867,0.861,-0.0059,0.0241,-0.6468,51,random
259,2124864,8088,16,37.5,2665.0,3.1,8.0,1.98,0.7273,0.5714,1.0,0.0,0.7273,,271.8,5.94,0.7768,15.54,0.2832,2.17,0.0095,0.0649,0.9088,-0.0061,0.0151,-0.6982,51,random
260,2133056,8121,33,48.8,2630.1,3.1,8.0,1.94,0.9333,0.875,1.0,0.0,0.9333,,335.7,5.64,0.7473,14.85,0.277,2.11,0.0113,0.0787,0.895,-0.0062,0.0219,-0.6851,51,random
261,2141248,8146,25,60.0,2627.6,3.1,8.1,1.97,0.8,0.5714,1.0,0.0,0.8,,287.0,5.48,0.7659,15.64,0.2785,2.15,0.0092,0.0767,0.9242,-0.0045,0.0128,-0.6656,52,random
262,2149440,8161,15,71.5,2486.4,3.3,7.9,2.03,0.7143,0.5,1.0,0.0,0.7143,,383.4,5.93,0.7846,16.11,0.2823,2.19,0.0093,0.0867,0.9172,-0.007,0.0132,-0.6663,52,random
263,2157632,8187,26,82.6,2721.6,3.0,8.0,1.83,0.7273,0.7143,0.75,0.0,0.7273,,346.2,5.92,0.7795,15.23,0.2862,2.18,0.01,0.0789,0.8911,-0.0065,0.0189,-0.7028,52,random
264,2165824,8206,19,93.9,2609.8,3.1,8.0,1.97,0.8,0.3333,1.0,0.0,0.8,,355.6,6.47,0.7976,16.18,0.2865,2.22,0.0077,0.0773,0.9131,-0.0064,0.0143,-0.7043,52,random
265,2174016,8229,23,104.8,2905.4,2.8,8.0,1.66,0.6364,0.4286,1.0,0.0,0.6364,,393.0,6.65,0.736,15.35,0.2695,2.09,0.0076,0.0648,0.8876,-0.008,0.0172,-0.6874,52,random
266,2182208,8251,22,115.8,2938.2,2.8,8.0,1.63,1.0,1.0,1.0,0.0,1.0,,334.7,5.27,0.7521,15.21,0.2763,2.12,0.0086,0.07,0.9096,-0.0063,0.0147,-0.6853,53,random
267,2190400,8273,22,126.7,2892.0,2.8,8.0,1.63,0.8333,0.0,1.0,0.0,0.8333,,429.7,6.41,0.7438,15.7,0.2701,2.1,0.0097,0.0722,0.9055,-0.0075,0.0152,-0.669,53,random
268,2198592,8289,16,137.8,2741.0,3.0,8.0,1.77,0.75,0.6,1.0,0.0,0.75,,354.2,5.81,0.7485,15.54,0.2728,2.11,0.0083,0.0755,0.9409,-0.0064,0.0116,-0.677,53,random
269,2206784,8314,25,148.9,2764.4,3.0,7.9,1.78,0.8,1.0,0.75,0.0,0.8,,420.0,6.76,0.7253,14.83,0.2689,2.07,0.0094,0.0739,0.8896,-0.0081,0.0205,-0.6867,53,random
270,2214976,8334,20,159.9,2844.9,2.9,8.0,1.73,1.0,1.0,1.0,0.0,1.0,,378.4,6.3,0.7601,15.76,0.2757,2.14,0.0106,0.0757,0.8834,-0.0059,0.0199,-0.6946,53,random
271,2223168,8366,32,171.4,2451.8,3.3,7.9,2.07,0.75,0.7143,0.8,0.0,0.75,,355.4,5.66,0.8341,15.31,0.3057,2.3,0.0158,0.0847,0.8725,-0.0081,0.0228,-0.738,54,random
272,2231360,8386,20,182.7,2559.3,3.2,7.9,2.0,0.6923,0.8,0.625,0.0,0.6923,,353.4,6.45,0.7841,14.89,0.2904,2.19,0.0095,0.0809,0.9037,-0.0067,0.0192,-0.723,54,random
273,2239552,8412,26,194.1,2508.7,3.3,7.8,2.08,0.7647,0.75,0.7778,0.0,0.7647,,343.7,6.27,0.8253,15.89,0.2984,2.28,0.0145,0.0919,0.8665,-0.0064,0.0266,-0.7567,54,random
274,2247744,8438,26,205.3,2566.9,3.2,8.0,2.02,0.875,1.0,0.8333,0.0,0.875,,299.5,5.35,0.8332,15.62,0.3031,2.3,0.0111,0.0744,0.8654,-0.0068,0.0228,-0.7469,54,random
275,2255936,8466,28,216.6,2594.7,3.2,7.9,1.95,0.5,0.0,0.8571,0.0,0.5,,302.3,5.11,0.8276,15.07,0.3051,2.29,0.0095,0.0814,0.8996,-0.0077,0.0195,-0.7422,54,random
276,2264128,8488,22,228.1,2410.7,3.4,8.1,2.21,0.8889,0.8,1.0,0.0,0.8889,,336.4,5.45,0.8515,15.87,0.308,2.34,0.0161,0.0828,0.9045,-0.0069,0.0194,-0.7508,55,random
277,2272320,8513,25,240.0,2258.8,3.6,8.1,2.44,0.6667,0.2857,1.0,0.0,0.6667,,345.4,6.64,0.8341,15.02,0.3079,2.3,0.0114,0.0748,0.9104,-0.0091,0.0174,-0.7707,55,random
278,2280512,8536,23,251.9,2236.6,3.7,8.1,2.51,0.8333,0.8571,0.8,0.0,0.8333,,308.4,5.48,0.8595,15.41,0.3143,2.36,0.0075,0.0676,0.9068,-0.0075,0.0188,-0.7789,55,random
279,2288704,8565,29,263.6,2357.7,3.5,8.3,2.3,0.7857,0.5714,1.0,0.0,0.7857,,357.9,5.97,0.9122,15.53,0.3326,2.49,0.0138,0.0945,0.8954,-0.0043,0.0222,-0.8186,55,random
280,2296896,8594,29,275.7,2315.5,3.5,8.3,2.32,0.619,0.4,0.8182,0.0,0.619,,299.6,6.1,0.8649,15.37,0.3165,2.37,0.0087,0.083,0.9274,-0.0067,0.0169,-0.7849,55,random
281,2305088,8619,25,287.4,2540.4,3.2,8.2,2.07,0.9231,0.875,1.0,0.0,0.9231,,308.5,5.36,0.8634,15.09,0.3181,2.37,0.0093,0.083,0.9095,-0.0054,0.018,-0.8161,56,random
282,2313280,8637,18,299.1,2441.2,3.4,8.0,2.09,1.0,1.0,1.0,0.0,1.0,,298.6,5.61,0.8894,15.37,0.3255,2.43,0.0081,0.0762,0.9397,-0.0075,0.0132,-0.8133,56,random
283,2321472,8659,22,310.3,2697.2,3.0,8.1,1.89,0.7,0.4,1.0,0.0,0.7,,330.4,6.05,0.9511,15.89,0.3439,2.59,0.0107,0.0771,0.8701,-0.0086,0.0224,-0.8728,56,random
284,2329664,8682,23,321.8,2578.4,3.2,8.3,2.02,0.8182,0.8571,0.75,0.0,0.8182,,380.9,6.39,0.9857,17.16,0.3468,2.68,0.0104,0.0858,0.861,-0.007,0.0248,-0.8438,56,random
285,2337856,8707,25,333.3,2620.4,3.1,8.4,1.96,0.7333,0.7273,0.75,0.0,0.7333,,401.1,7.04,0.9059,16.44,0.3235,2.47,0.0124,0.0943,0.851,-0.0051,0.0235,-0.8241,56,random
286,2346048,8728,21,345.2,2484.5,3.3,8.3,2.15,0.8182,1.0,0.6667,0.0,0.8182,,284.4,5.0,0.9424,15.7,0.3422,2.57,0.0125,0.0796,0.8943,-0.0043,0.0196,-0.8416,57,random
287,2354240,8755,27,356.7,2639.4,3.1,8.2,1.94,0.8235,0.8571,0.8,0.0,0.8235,,332.3,6.0,0.8821,15.26,0.3237,2.42,0.0065,0.0676,0.8951,-0.0083,0.0205,-0.8256,57,random
288,2362432,8768,13,368.1,2625.7,3.1,8.0,1.92,0.5,0.0,0.6667,0.0,0.5,,479.5,7.38,0.9341,16.41,0.3338,2.54,0.0074,0.0626,0.9344,-0.0089,0.0115,-0.8254,57,random
289,2370624,8793,25,379.4,2596.8,3.2,7.9,1.96,0.7273,0.75,0.7143,0.0,0.7273,,435.1,7.2,0.9912,16.75,0.3517,2.69,0.0086,0.0795,0.8845,-0.0078,0.0192,-0.8978,57,random
290,2378816,8810,17,390.5,2722.0,3.0,8.2,1.88,0.375,0.3333,0.5,0.0,0.375,,347.6,5.47,0.9417,15.41,0.3443,2.56,0.0084,0.0637,0.8963,-0.0072,0.0159,-0.8424,57,random
291,2387008,8845,35,402.3,2323.4,3.5,8.0,2.3,0.8947,1.0,0.8462,0.0,0.8947,,305.8,5.31,0.9455,15.95,0.3414,2.57,0.0085,0.0836,0.883,-0.0082,0.0259,-0.8465,58,random
292,2395200,8869,24,414.1,2264.2,3.6,7.9,2.45,0.6923,0.5556,1.0,0.0,0.6923,,335.8,5.83,0.887,15.14,0.3264,2.43,0.015,0.0768,0.9056,-0.0036,0.0194,-0.7978,58,random
293,2403392,8903,34,426.1,2065.6,4.0,8.1,2.77,0.7273,0.5714,1.0,0.0,0.7273,,332.2,5.88,0.9301,15.92,0.3361,2.53,0.0123,0.092,0.8913,-0.0064,0.0226,-0.8352,58,random
294,2411584,8922,19,437.7,2411.8,3.4,8.0,2.26,0.6923,0.7,0.6667,0.0,0.6923,,330.2,6.42,0.8999,15.65,0.3272,2.46,0.0093,0.0773,0.9135,-0.0076,0.0147,-0.8144,58,random
295,2419776,8938,16,449.5,2278.0,3.6,8.0,2.37,0.7778,0.7143,1.0,0.0,0.7778,,346.7,5.94,0.9613,16.46,0.3432,2.62,0.0087,0.0709,0.9267,-0.0087,0.0129,-0.8727,58,random
296,2427968,8968,30,461.5,2167.1,3.8,8.2,2.57,0.7143,0.5833,0.8889,0.0,0.7143,,332.9,6.77,0.912,15.88,0.3298,2.49,0.0091,0.0761,0.8678,-0.0084,0.0231,-0.8317,59,random
297,2436160,8983,15,473.4,2306.0,3.6,8.2,2.44,0.7778,0.3333,1.0,0.0,0.7778,,392.0,6.8,0.9994,16.75,0.3546,2.72,0.0137,0.1044,0.8841,-0.0049,0.0172,-0.9196,59,random
298,2444352,9011,28,485.2,2357.6,3.5,8.4,2.28,0.7222,0.6364,0.8571,0.0,0.7222,,351.5,6.89,0.9677,16.55,0.3448,2.63,0.0086,0.0795,0.853,-0.0077,0.0227,-0.8519,59,random
299,2452544,9050,39,497.0,2466.6,3.3,5.4,2.11,0.5714,0.3636,0.8,0.0,0.5714,,290.9,5.31,0.9342,16.2,0.3354,2.55,0.0208,0.0673,0.7202,-0.0045,0.0427,-0.8365,59,random
300,2460736,9081,31,506.0,2426.3,3.4,8.3,2.16,0.4615,0.2857,0.6667,0.0,0.4615,,292.5,4.87,0.9041,14.98,0.334,2.47,0.024,0.0911,0.804,-0.0081,0.0285,-0.8046,59,random
301,2468928,9097,16,518.0,2321.4,3.5,8.4,2.4,0.75,0.5,0.875,0.0,0.75,,232.2,5.38,0.9504,16.23,0.341,2.59,0.0074,0.0733,0.9047,-0.0055,0.0128,-0.8648,60,random
302,2477120,9119,22,529.7,2590.2,3.2,8.4,2.01,0.5833,0.3333,0.8333,0.0,0.5833,,391.1,6.55,0.9375,15.66,0.3408,2.55,0.0102,0.0703,0.8637,-0.0069,0.0189,-0.8707,60,random
303,2485312,9144,25,541.2,2813.7,2.9,8.6,1.75,0.9286,0.8333,1.0,0.0,0.9286,,319.6,5.92,0.9433,16.47,0.3367,2.57,0.0096,0.0832,0.8666,-0.0084,0.0181,-0.8386,60,random
304,2493504,9166,22,552.9,2736.1,3.0,8.3,1.87,0.6667,0.3333,0.8333,0.0,0.6667,,350.0,5.45,0.8778,16.55,0.3128,2.41,0.0077,0.071,0.8772,-0.0085,0.0166,-0.807,60,random
305,2501696,9182,16,564.4,2692.1,3.0,8.5,1.87,0.5,1.0,0.3333,0.0,0.5,,521.5,7.69,0.9358,16.61,0.333,2.55,0.007,0.0718,0.8352,-0.0083,0.0169,-0.848,60,random
306,2509888,9196,14,576.2,2612.2,3.1,8.6,1.94,0.6667,0.75,0.5,0.0,0.6667,,389.8,6.5,0.9602,17.95,0.3326,2.61,0.0116,0.0795,0.8438,-0.007,0.0162,-0.8771,61,random
307,2518080,9218,22,588.4,2394.5,3.4,8.5,2.24,0.5833,0.4286,0.8,0.0,0.5833,,451.1,7.91,1.0094,17.7,0.3513,2.74,0.0097,0.0822,0.8597,-0.008,0.0162,-0.9105,61,random
308,2526272,9245,27,600.3,2461.3,3.3,8.4,2.11,0.9444,0.875,1.0,0.0,0.9444,,304.1,5.48,0.96,16.58,0.3419,2.61,0.0061,0.0729,0.8565,-0.0066,0.0178,-0.873,61,random
309,2534464,9271,26,612.1,2517.9,3.3,8.5,2.06,0.9091,1.0,0.875,0.0,0.9091,,437.9,6.62,0.9397,16.28,0.3368,2.56,0.0085,0.0814,0.836,-0.0082,0.0214,-0.8783,61,random
310,2542656,9291,20,623.7,2850.6,2.9,8.4,1.73,0.4667,0.375,0.5714,0.0,0.4667,,260.4,5.25,0.933,16.25,0.3346,2.54,0.007,0.0566,0.8523,-0.006,0.0188,-0.8601,61,random
311,2550848,9313,22,635.4,2599.6,3.2,8.4,1.93,0.8889,1.0,0.8333,0.0,0.8889,,316.8,5.05,1.0179,17.29,0.3571,2.77,0.008,0.0662,0.8905,-0.0088,0.0152,-0.9473,62,random
312,2559040,9335,22,647.3,2505.0,3.3,8.4,2.07,0.6,0.5,0.75,0.0,0.6,,386.4,6.18,1.0298,17.57,0.3593,2.8,0.0097,0.0792,0.8474,-0.0067,0.0209,-0.9099,62,random
313,2567232,9352,17,659.0,2591.2,3.2,8.4,2.02,1.0,1.0,1.0,0.0,1.0,,441.8,6.88,1.032,17.7,0.3591,2.81,0.0071,0.0695,0.8828,-0.008,0.0131,-0.9265,62,random
314,2575424,9374,22,671.0,2434.9,3.4,8.4,2.21,0.75,0.5714,1.0,0.0,0.75,,384.5,6.45,1.0134,17.31,0.3554,2.76,0.0081,0.0807,0.8982,-0.0083,0.0143,-0.9194,62,random
315,2583616,9398,24,682.7,2616.5,3.1,8.4,1.99,0.7857,0.8333,0.75,0.0,0.7857,,440.7,7.42,0.9514,16.13,0.3422,2.59,0.0097,0.0945,0.8747,-0.0068,0.0185,-0.878,62,random
316,2591808,9419,21,694.5,2564.3,3.2,8.3,2.02,0.9,0.8,1.0,0.0,0.9,,371.1,5.95,1.0072,17.5,0.3519,2.74,0.0118,0.0724,0.8955,-0.0067,0.0145,-0.8755,63,random
317,2600000,9442,23,706.5,2365.0,3.5,8.4,2.31,0.7273,0.3333,0.875,0.0,0.7273,,365.3,6.13,0.9847,16.98,0.3477,2.68,0.0094,0.0724,0.8743,-0.0052,0.0168,-0.8877,63,random
318,2608192,9455,13,718.2,2545.9,3.2,8.3,2.02,0.8333,0.5,1.0,0.0,0.8333,,468.6,7.38,0.9714,16.71,0.3449,2.64,0.0081,0.0668,0.9033,-0.0074,0.0144,-0.8859,63,random
319,2616384,9477,22,729.9,2575.2,3.2,8.4,2.01,0.6923,0.5,1.0,0.0,0.6923,,415.9,7.27,0.9771,17.77,0.3396,2.66,0.009,0.0744,0.8989,-0.0092,0.0175,-0.8605,63,random
320,2624576,9506,29,741.7,2564.9,3.2,8.5,1.99,0.75,0.75,0.75,0.0,0.75,,400.2,6.55,0.9867,17.92,0.3419,2.68,0.0148,0.0844,0.812,-0.0064,0.0279,-0.8532,63,random
321,2632768,9526,20,753.6,2499.0,3.3,8.4,2.07,0.5333,0.4,0.8,0.0,0.5333,,313.5,6.25,0.8607,15.74,0.3123,2.36,0.0096,0.0845,0.8262,-0.0072,0.0203,-0.8045,64,random
322,2640960,9548,22,765.5,2472.4,3.3,8.4,2.14,0.6,0.25,0.8333,0.0,0.6,,386.7,6.23,0.9181,16.84,0.3251,2.5,0.01,0.0716,0.7864,-0.0064,0.024,-0.8424,64,random
323,2649152,9577,29,777.6,2379.0,3.4,8.4,2.24,0.8182,0.5,0.8889,0.0,0.8182,,372.3,5.97,0.8923,16.28,0.3198,2.44,0.0095,0.0762,0.813,-0.0084,0.0243,-0.8157,64,random
324,2657344,9601,24,789.7,2327.5,3.5,8.5,2.33,0.5,0.125,0.875,0.0,0.5,,324.6,6.29,0.9123,17.29,0.3201,2.49,0.0099,0.077,0.8162,-0.0052,0.0264,-0.7856,64,random
325,2665536,9626,25,801.6,2470.4,3.3,8.5,2.14,0.4167,0.25,0.75,0.0,0.4167,,299.7,5.28,0.8888,16.36,0.318,2.43,0.0117,0.0817,0.8245,-0.0068,0.0244,-0.7888,64,random
326,2673728,9649,23,813.6,2511.8,3.3,8.6,2.09,0.9091,0.8333,1.0,0.0,0.9091,,368.7,6.09,0.8051,16.38,0.288,2.24,0.0077,0.0707,0.879,-0.0063,0.0144,-0.7309,65,random
327,2681920,9664,15,825.5,2597.2,3.2,8.5,1.99,1.0,1.0,1.0,0.0,1.0,,393.6,6.6,0.8778,17.34,0.3077,2.41,0.0074,0.0694,0.9047,-0.0078,0.0121,-0.7849,65,random
328,2690112,9683,19,837.5,2460.5,3.3,8.5,2.19,1.0,1.0,1.0,0.0,1.0,,306.1,5.26,0.8661,17.02,0.3056,2.38,0.0088,0.0866,0.8826,-0.0061,0.0193,-0.8022,65,random
329,2698304,9710,27,849.7,2291.9,3.6,8.4,2.4,0.9231,1.0,0.8889,0.0,0.9231,,429.1,6.96,0.8599,16.86,0.3044,2.36,0.0089,0.0723,0.8246,-0.0056,0.0277,-0.7657,65,random
330,2706496,9735,25,861.8,2357.7,3.5,8.4,2.28,0.8333,0.875,0.75,0.0,0.8333,,355.8,6.08,0.8549,17.2,0.3005,2.35,0.0088,0.0697,0.8347,-0.0063,0.0234,-0.7528,65,random
331,2714688,9760,25,873.6,2531.1,3.2,8.5,2.07,0.875,0.8,0.9091,0.0,0.875,,366.3,6.84,0.8208,17.11,0.289,2.27,0.0082,0.0658,0.8334,-0.0069,0.0249,-0.7158,66,random
332,2722880,9780,20,885.3,2674.6,3.1,8.4,1.94,0.7692,0.5714,1.0,0.0,0.7692,,308.4,5.75,0.7949,16.52,0.2834,2.21,0.0109,0.0745,0.8665,-0.0087,0.0175,-0.7006,66,random
333,2731072,9793,13,896.9,2694.1,3.0,8.5,1.92,0.25,0.25,,0.0,0.25,,437.1,6.54,0.8131,18.08,0.2809,2.25,0.0094,0.071,0.8593,-0.0067,0.0138,-0.7396,66,random
334,2739264,9822,29,909.0,2442.6,3.4,8.5,2.16,0.6429,0.5,1.0,0.0,0.6429,,366.4,6.1,0.7864,16.92,0.278,2.2,0.0102,0.0826,0.7905,-0.0071,0.0267,-0.7209,66,random
335,2747456,9841,19,921.0,2431.8,3.4,8.5,2.24,0.7778,1.0,0.6,0.0,0.7778,,371.5,6.16,0.7765,16.82,0.2751,2.17,0.01,0.0715,0.8008,-0.0074,0.0234,-0.7086,66,random
336,2755648,9865,24,933.1,2439.0,3.4,8.4,2.25,0.9091,0.75,1.0,0.0,0.9091,,373.2,6.17,0.8051,17.08,0.2837,2.24,0.0079,0.0633,0.8731,-0.0088,0.0138,-0.7269,67,random
337,2763840,9887,22,944.9,2521.2,3.2,8.4,2.07,0.8125,0.6,0.9091,0.0,0.8125,,337.3,6.68,0.8292,15.85,0.3001,2.29,0.0106,0.0858,0.8809,-0.007,0.0141,-0.7606,67,random
338,2772032,9906,19,956.6,2605.7,3.1,8.5,1.98,0.7,0.5,1.0,0.0,0.7,,395.3,6.53,0.8895,17.23,0.3125,2.43,0.0076,0.0682,0.9021,-0.0084,0.0126,-0.825,67,random
339,2780224,9925,19,968.4,2581.9,3.2,8.5,1.93,0.9,0.75,1.0,0.0,0.9,,343.6,5.63,0.8887,17.68,0.3094,2.43,0.0118,0.0861,0.8334,-0.0048,0.0201,-0.7633,67,random
340,2788416,9954,29,980.0,2765.3,3.0,8.5,1.82,0.7333,0.6,1.0,0.0,0.7333,,376.1,6.41,0.8498,17.15,0.299,2.34,0.01,0.0737,0.88,-0.0072,0.0186,-0.7505,67,random
341,2796608,9975,21,991.7,2662.8,3.1,8.5,1.92,0.5,0.25,1.0,0.0,0.5,,414.5,6.14,0.8695,16.55,0.3098,2.39,0.0078,0.0793,0.8912,-0.0092,0.0149,-0.769,68,random
342,2804800,9995,20,1003.4,2646.6,3.1,8.4,1.93,0.4545,0.0,0.7143,0.0,0.4545,,284.1,5.3,0.8396,15.65,0.3053,2.32,0.0165,0.0885,0.8492,-0.0064,0.0213,-0.7404,68,random
343,2812992,10022,27,1015.1,2749.2,3.0,8.5,1.81,0.6667,0.4,0.8571,0.0,0.6667,,441.0,6.89,0.8603,16.92,0.3041,2.36,0.0088,0.0676,0.881,-0.0061,0.0138,-0.7709,68,random
344,2821184,10036,14,1026.7,2704.7,3.0,8.5,1.9,1.0,1.0,1.0,0.0,1.0,,358.4,6.64,0.903,16.92,0.3193,2.47,0.0071,0.0644,0.8381,-0.0083,0.0185,-0.8021,68,random
345,2829376,10062,26,1038.8,2418.6,3.4,8.4,2.2,0.7273,0.6,0.8333,0.0,0.7273,,349.2,5.81,0.8614,16.48,0.3074,2.37,0.0101,0.0903,0.8836,-0.0074,0.0182,-0.7932,68,random
346,2837568,10084,22,1050.6,2555.4,3.2,8.5,2.04,0.4545,0.4444,0.5,0.0,0.4545,,446.0,7.09,0.9069,17.22,0.3186,2.48,0.0068,0.0641,0.9053,-0.0064,0.0165,-0.8162,69,random
347,2845760,10111,27,1062.5,2538.6,3.2,8.3,2.05,0.8,0.625,1.0,0.0,0.8,,309.9,5.74,0.923,16.75,0.3275,2.52,0.0072,0.0662,0.8882,-0.0088,0.0189,-0.8086,69,random
348,2853952,10129,18,1074.0,2661.7,3.1,8.8,1.92,1.0,1.0,1.0,0.0,1.0,,404.1,5.94,0.8936,16.55,0.3184,2.44,0.0078,0.0616,0.8696,-0.0071,0.0241,-0.803,69,random
349,2862144,10149,20,1086.4,2409.9,3.4,8.1,2.15,0.75,0.5714,1.0,0.0,0.75,,365.1,6.7,0.9404,16.68,0.3341,2.56,0.0089,0.0803,0.9161,-0.006,0.0142,-0.8473,69,random
350,2870336,10173,24,1097.7,2691.5,3.0,8.1,1.82,0.7692,0.8,0.75,0.0,0.7692,,369.4,6.33,0.9064,16.52,0.3232,2.48,0.0082,0.0844,0.901,-0.0084,0.0165,-0.8269,69,random
351,2878528,10191,18,1108.8,2840.4,2.9,8.0,1.75,0.7,0.5,1.0,0.0,0.7,,346.0,6.17,0.8953,16.19,0.3215,2.45,0.0091,0.082,0.8999,-0.0086,0.0142,-0.8147,70,random
352,2886720,10211,20,1120.0,2693.1,3.0,8.0,1.91,0.6667,0.4,1.0,0.0,0.6667,,341.2,5.9,0.9279,16.36,0.332,2.53,0.0113,0.0879,0.9316,-0.0096,0.0094,-0.8611,70,random
353,2894912,10241,30,1131.5,2485.8,3.3,8.0,2.04,0.75,0.3333,1.0,0.0,0.75,,457.1,6.67,0.9638,16.86,0.3412,2.62,0.0106,0.0769,0.8805,-0.0098,0.0203,-0.8344,70,random
354,2903104,10261,20,1142.9,2451.0,3.3,8.0,2.19,0.5385,0.4,0.625,0.0,0.5385,,287.8,5.25,0.867,15.94,0.3132,2.38,0.0083,0.0841,0.8999,-0.0032,0.0179,-0.7997,70,random
355,2911296,10288,27,1154.4,2472.8,3.3,8.0,2.14,0.625,0.4545,1.0,0.0,0.625,,344.6,6.26,0.8713,16.08,0.3137,2.39,0.0076,0.0686,0.9024,-0.0083,0.0176,-0.7935,70,random
356,2919488,10314,26,1165.6,2666.7,3.1,8.0,1.9,0.7273,0.6667,0.8,0.0,0.7273,,392.3,6.38,0.9061,16.98,0.3199,2.47,0.0073,0.063,0.9255,-0.0079,0.0152,-0.7845,71,random
357,2927680,10336,22,1177.0,2555.5,3.2,8.1,2.06,0.4615,0.3333,0.75,0.0,0.4615,,287.9,5.59,0.9294,17.18,0.3268,2.53,0.0077,0.0702,0.9026,-0.007,0.0204,-0.8167,71,random
358,2935872,10357,21,1188.8,2331.4,3.5,8.2,2.4,0.6667,0.25,1.0,0.0,0.6667,,378.0,6.0,0.9403,16.93,0.3323,2.56,0.009,0.0734,0.8951,-0.0079,0.0172,-0.8242,71,random
359,2944064,10379,22,1200.5,2461.9,3.3,8.2,2.18,0.6429,0.6,0.6667,0.0,0.6429,,332.0,6.23,0.8925,16.5,0.3184,2.44,0.0082,0.0749,0.9272,-0.0081,0.0136,-0.8313,71,random
360,2952256,10404,25,1212.0,2537.5,3.2,8.2,2.05,0.6154,0.4286,0.8333,0.0,0.6154,,392.4,6.84,0.9201,15.81,0.3333,2.51,0.0077,0.0736,0.9096,-0.006,0.0181,-0.8333,71,random
361,2960448,10419,15,1223.6,2540.2,3.2,8.2,2.1,1.0,1.0,1.0,0.0,1.0,,387.5,6.07,0.9156,16.58,0.3261,2.5,0.0091,0.0735,0.9233,-0.0081,0.015,-0.8214,72,random
362,2968640,10446,27,1235.2,2464.2,3.3,8.3,2.15,0.5,0.75,0.375,0.0,0.5,,383.0,6.74,0.9495,17.6,0.331,2.58,0.0099,0.0817,0.8413,-0.0082,0.0268,-0.8298,72,random
363,2976832,10466,20,1247.1,2405.4,3.4,8.1,2.22,0.5833,0.5,0.625,0.0,0.5833,,384.0,6.95,0.8544,16.56,0.3043,2.35,0.0085,0.07,0.8638,-0.009,0.0182,-0.78,72,random
364,2985024,10486,20,1258.9,2386.2,3.4,8.0,2.2,0.7273,0.75,0.6667,0.0,0.7273,,392.5,7.05,0.8853,16.38,0.3166,2.42,0.0105,0.0707,0.916,-0.0082,0.0143,-0.7827,72,random
365,2993216,10512,26,1270.0,2736.2,3.0,8.1,1.75,0.5455,0.4,0.6667,0.0,0.5455,,258.7,4.5,0.8569,16.44,0.3061,2.36,0.0157,0.0718,0.8594,-0.007,0.0268,-0.7589,72,random
366,3001408,10533,21,1281.3,2642.9,3.1,8.1,1.91,0.9,0.8333,1.0,0.0,0.9,,414.2,6.81,0.8438,16.65,0.3001,2.33,0.0084,0.064,0.8985,-0.0085,0.0146,-0.7775,73,random
367,3009600,10553,20,1292.8,2526.2,3.2,8.1,2.07,0.8,0.5,1.0,0.0,0.8,,460.8,6.7,0.8797,16.85,0.3115,2.41,0.0077,0.0656,0.9169,-0.009,0.0133,-0.7827,73,random
368,3017792,10579,26,1304.5,2360.3,3.5,8.2,2.26,0.6,0.25,0.8333,0.0,0.6,,391.0,6.15,0.8461,16.57,0.3014,2.33,0.0098,0.0801,0.8886,-0.0075,0.0187,-0.7856,73,random
369,3025984,10604,25,1316.3,2336.9,3.5,8.1,2.33,0.5625,0.4444,0.7143,0.0,0.5625,,335.8,6.64,0.8458,16.04,0.3048,2.33,0.0123,0.074,0.8736,-0.0072,0.0215,-0.7352,73,random
370,3034176,10628,24,1328.0,2375.6,3.4,8.4,2.28,0.6875,0.625,0.75,0.0,0.6875,,307.5,6.04,0.8355,15.61,0.304,2.31,0.0066,0.0662,0.8936,-0.0078,0.0179,-0.7825,73,random
371,3042368,10656,28,1339.8,2498.0,3.3,8.4,2.11,0.6667,0.625,0.7143,0.0,0.6667,,302.3,5.46,0.899,16.16,0.3231,2.46,0.0085,0.0663,0.8742,-0.0074,0.0227,-0.7893,74,random
372,3050560,10681,25,1351.6,2502.4,3.3,8.3,2.09,1.0,1.0,1.0,0.0,1.0,,309.2,5.8,0.8517,17.26,0.299,2.34,0.0101,0.0747,0.8968,-0.0072,0.0148,-0.7847,74,random
373,3058752,10695,14,1363.2,2594.9,3.2,8.3,2.01,0.8333,0.8,1.0,0.0,0.8333,,370.0,5.57,0.8287,17.34,0.2905,2.29,0.0089,0.0802,0.877,-0.0069,0.0164,-0.7755,74,random
374,3066944,10718,23,1375.0,2415.5,3.4,8.3,2.22,0.7857,0.8182,0.6667,0.0,0.7857,,353.7,6.39,0.8545,16.92,0.3021,2.35,0.0105,0.0834,0.9046,-0.0078,0.0187,-0.8368,74,random
375,3075136,10743,25,1386.8,2410.5,3.4,8.4,2.24,0.875,0.6667,1.0,0.0,0.875,,451.2,6.92,0.9039,16.77,0.3206,2.47,0.0102,0.0774,0.8552,-0.0071,0.0219,-0.8203,74,random
376,3083328,10761,18,1398.7,2480.3,3.3,8.4,2.15,0.6667,0.4,0.8571,0.0,0.6667,,291.4,5.94,0.8652,17.02,0.3052,2.38,0.0096,0.0904,0.8889,-0.0075,0.0184,-0.797,75,random
377,3091520,10786,25,1410.3,2654.5,3.1,8.5,1.89,0.6154,0.5,0.7143,0.0,0.6154,,410.6,7.16,0.9216,17.33,0.3231,2.51,0.0077,0.0674,0.9032,-0.009,0.0159,-0.8179,75,random
378,3099712,10802,16,1422.2,2485.4,3.3,8.3,2.16,0.6,0.5,0.6667,0.0,0.6,,466.7,6.81,0.9014,17.0,0.3182,2.46,0.0064,0.0616,0.8964,-0.0078,0.0144,-0.81,75,random
379,3107904,10824,22,1434.2,2355.5,3.5,8.0,2.27,0.5455,0.2857,1.0,0.0,0.5455,,366.5,6.23,0.9303,17.42,0.3256,2.54,0.0094,0.0769,0.9162,-0.0066,0.0126,-0.8281,75,random
380,3116096,10840,16,1445.4,2625.3,3.1,7.9,1.98,0.8182,0.6667,0.875,0.0,0.8182,,367.5,7.69,0.9258,17.24,0.3252,2.52,0.0075,0.0694,0.9158,-0.0078,0.0133,-0.8286,75,random
381,3124288,10865,25,1456.6,2593.1,3.2,8.5,1.97,0.875,0.75,1.0,0.0,0.875,,407.2,6.08,0.902,16.52,0.3216,2.46,0.0089,0.0699,0.835,-0.0086,0.0263,-0.8494,76,random
382,3132480,10885,20,1468.3,2664.5,3.1,8.4,1.92,0.4615,0.1429,0.8333,0.0,0.4615,,401.8,7.45,0.9546,16.94,0.3374,2.6,0.0093,0.0739,0.8831,-0.0091,0.0165,-0.8443,76,random
383,3140672,10897,12,1479.8,2740.7,3.0,8.1,1.8,1.0,1.0,1.0,0.0,1.0,,477.4,7.25,0.8829,16.73,0.3134,2.42,0.0107,0.0697,0.8848,-0.0074,0.0135,-0.799,76,random
384,3148864,10919,22,1491.2,2646.1,3.1,8.4,1.91,0.6364,0.8,0.5,0.1818,0.6364,,382.7,6.73,0.8807,17.12,0.3101,2.41,0.0088,0.0835,0.8355,-0.0075,0.0224,-0.7866,76,random
385,3157056,10940,21,1502.7,2807.5,2.9,8.0,1.74,0.5,0.5,0.5,0.0,0.5,,432.1,6.67,0.9032,17.33,0.3167,2.47,0.0089,0.0783,0.8552,-0.0079,0.0179,-0.7922,76,random
386,3165248,10957,17,1514.0,2558.8,3.2,8.3,1.99,0.6667,0.3333,1.0,0.0,0.6667,,514.4,7.82,0.8537,17.43,0.2987,2.35,0.0112,0.0822,0.8807,-0.0077,0.0141,-0.7621,77,random
387,3173440,10982,25,1525.7,2596.5,3.2,8.1,1.96,0.7,0.8,0.6,0.1,0.7,,387.0,6.28,0.8658,16.76,0.3071,2.38,0.0137,0.0821,0.8364,-0.0078,0.0251,-0.7641,77,random
388,3181632,10999,17,1536.6,3148.1,2.6,8.2,1.46,0.75,0.6667,1.0,0.0,0.75,,432.3,7.53,0.8386,17.12,0.2953,2.31,0.0128,0.0922,0.9135,-0.0075,0.013,-0.7449,77,random
389,3189824,11015,16,1547.8,2914.6,2.8,8.0,1.68,0.6,0.5,0.6667,0.0,0.6,,482.0,7.31,0.8613,17.28,0.3023,2.37,0.0085,0.0829,0.8632,-0.0084,0.0181,-0.7433,77,random
390,3198016,11035,20,1558.9,2759.9,3.0,8.2,1.82,0.6667,0.8333,0.3333,0.0,0.6667,,379.1,6.45,0.8195,16.81,0.2904,2.27,0.0129,0.0741,0.8871,-0.0075,0.0137,-0.7421,77,random
391,3206208,11052,17,1570.6,2440.6,3.4,8.0,2.17,0.8,0.5,1.0,0.0,0.8,,437.5,6.59,0.8747,17.11,0.308,2.4,0.0091,0.0745,0.9063,-0.0072,0.0151,-0.7978,78,random
392,3214400,11081,29,1582.3,2307.2,3.6,8.1,2.36,0.8824,0.8333,1.0,0.0,0.8824,,332.2,5.79,0.845,17.51,0.2952,2.33,0.0089,0.0653,0.9023,-0.0085,0.0158,-0.7641,78,random
393,3222592,11108,27,1594.1,2307.8,3.5,8.0,2.38,0.7647,0.5714,0.9,0.0,0.7647,,387.2,7.07,0.8096,16.76,0.2872,2.25,0.0089,0.0812,0.8883,-0.0083,0.018,-0.7687,78,random
394,3230784,11126,18,1605.9,2251.7,3.6,8.4,2.52,0.625,0.6667,0.6,0.0,0.625,,437.8,7.17,0.8462,16.05,0.3048,2.33,0.0099,0.0768,0.875,-0.0087,0.0143,-0.7289,78,random
395,3238976,11155,29,1617.8,2423.8,3.4,8.4,2.22,0.4,0.2,0.5,0.0,0.4,,334.4,6.31,0.7762,14.9,0.2874,2.17,0.0136,0.0835,0.8252,-0.0063,0.0256,-0.7182,78,random
396,3247168,11169,14,1629.7,2486.1,3.3,8.0,2.05,0.8571,0.5,1.0,0.0,0.8571,,368.5,6.86,0.7898,16.9,0.2794,2.2,0.0088,0.0559,0.8256,-0.0073,0.02,-0.7103,79,random
397,3255360,11193,24,1641.0,2660.0,3.1,8.0,1.94,0.8462,1.0,0.75,0.0,0.8462,,347.9,6.38,0.7757,16.76,0.2752,2.17,0.0081,0.0751,0.8614,-0.0076,0.0197,-0.7003,79,random
398,3263552,11209,16,1652.3,2628.2,3.1,8.0,1.98,0.8571,1.0,0.75,0.0,0.8571,,439.2,7.25,0.8049,16.58,0.2866,2.24,0.0069,0.0757,0.9337,-0.008,0.0095,-0.7274,79,random
399,3271744,11226,17,1663.6,2593.7,3.2,8.1,2.02,1.0,1.0,1.0,0.0,1.0,,402.2,7.18,0.8448,17.52,0.295,2.33,0.0084,0.081,0.9364,-0.011,0.0117,-0.7468,79,random
400,3279936,11243,17,1675.2,2488.2,3.3,8.3,2.06,0.75,0.6667,0.8,0.0,0.75,,421.9,7.06,0.8236,17.68,0.2867,2.28,0.0088,0.0721,0.9256,-0.008,0.0171,-0.7375,79,random
401,3288128,11270,27,1687.0,2425.0,3.4,8.3,2.17,0.625,0.5,1.0,0.0,0.625,,472.3,6.93,0.789,17.0,0.2785,2.2,0.0129,0.0872,0.9099,-0.0061,0.021,-0.7326,80,random
402,3296320,11297,27,1699.3,2162.7,3.8,8.3,2.62,0.8,0.7143,0.875,0.0,0.8,,369.3,6.56,0.7868,16.66,0.2797,2.2,0.0089,0.0725,0.9164,-0.0071,0.0154,-0.7097,80,random
403,3304512,11314,17,1711.4,2237.5,3.7,8.2,2.46,0.6923,0.6667,0.7143,0.0,0.6923,,275.9,5.71,0.7553,16.7,0.2683,2.13,0.0115,0.0648,0.9098,-0.0066,0.015,-0.6915,80,random
404,3312704,11340,26,1723.3,2288.0,3.6,8.3,2.42,0.9286,1.0,0.8571,0.0,0.9286,,420.9,7.42,0.7946,17.35,0.2785,2.21,0.0082,0.0665,0.9122,-0.0082,0.0182,-0.7111,80,random
405,3320896,11362,22,1735.3,2349.3,3.5,8.3,2.33,0.8824,0.7778,1.0,0.0,0.8824,,282.7,6.05,0.8052,17.43,0.2817,2.24,0.0079,0.0686,0.9546,-0.0086,0.0095,-0.7265,80,random
406,3329088,11379,17,1747.3,2324.4,3.5,8.3,2.35,0.9,0.8571,1.0,0.0,0.9,,383.6,7.0,0.8272,17.07,0.2915,2.29,0.0101,0.0824,0.9055,-0.007,0.0176,-0.7439,81,random
407,3337280,11403,24,1759.3,2354.6,3.5,8.3,2.32,0.7273,0.6667,0.8,0.0,0.7273,,393.4,6.62,0.8258,16.98,0.2916,2.28,0.0083,0.0704,0.9199,-0.0083,0.0162,-0.7377,81,random
408,3345472,11419,16,1771.2,2408.8,3.4,8.4,2.24,0.625,0.6,0.6667,0.0,0.625,,403.2,7.12,0.7908,16.5,0.2821,2.21,0.0094,0.0765,0.844,-0.0075,0.0276,-0.7238,81,random
409,3353664,11444,25,1783.2,2356.4,3.5,8.4,2.31,0.6667,0.75,0.625,0.0,0.6667,,455.4,7.84,0.8075,16.52,0.288,2.24,0.01,0.0805,0.8946,-0.0072,0.0178,-0.7301,81,random
410,3361856,11467,23,1795.1,2452.7,3.3,8.3,2.18,0.7143,0.6,0.7778,0.0,0.7143,,392.3,7.22,0.7693,17.37,0.2695,2.16,0.0079,0.0658,0.8846,-0.0089,0.0194,-0.7195,81,random
411,3370048,11483,16,1806.7,2621.0,3.1,8.4,1.98,1.0,1.0,1.0,0.0,1.0,,291.4,6.0,0.7668,16.72,0.2723,2.15,0.0093,0.0845,0.9206,-0.0098,0.0121,-0.7031,82,random
412,3378240,11502,19,1818.5,2575.2,3.2,8.4,2.01,0.7,0.6667,0.75,0.0,0.7,,377.8,6.68,0.7825,17.55,0.2731,2.19,0.0095,0.0713,0.8587,-0.0079,0.0204,-0.6995,82,random
413,3386432,11527,25,1830.4,2431.0,3.4,8.3,2.19,1.0,1.0,1.0,0.0,1.0,,445.7,6.8,0.7513,17.4,0.2631,2.12,0.0082,0.0641,0.8762,-0.0091,0.0211,-0.6645,82,random
414,3394624,11545,18,1842.4,2340.1,3.5,8.3,2.35,0.9,0.8,1.0,0.0,0.9,,436.0,7.67,0.7386,16.43,0.2639,2.09,0.0105,0.0795,0.9166,-0.0084,0.0134,-0.6958,82,random
415,3402816,11567,22,1854.3,2380.7,3.4,8.3,2.26,0.5385,0.25,1.0,0.0,0.5385,,372.5,6.82,0.7654,17.02,0.27,2.15,0.0075,0.0659,0.8533,-0.0079,0.0233,-0.6891,82,random
416,3411008,11586,19,1866.1,2491.4,3.3,8.1,2.15,0.8333,0.6667,1.0,0.0,0.8333,,416.3,7.74,0.7907,16.79,0.2803,2.2,0.0089,0.0688,0.8746,-0.009,0.0198,-0.7335,83,random
417,3419200,11612,26,1877.7,2474.8,3.3,8.4,2.09,0.7778,0.8333,0.6667,0.0,0.7778,,323.1,5.5,0.8055,17.09,0.2838,2.24,0.012,0.0718,0.8265,-0.0067,0.0262,-0.7202,83,random
418,3427392,11636,24,1889.4,2546.7,3.2,8.2,2.04,0.6923,0.8333,0.5714,0.0,0.6923,,447.5,7.67,0.7822,16.43,0.2795,2.19,0.0091,0.0732,0.8365,-0.0079,0.0233,-0.7075,83,random
419,3435584,11651,15,1900.7,2843.9,2.9,8.4,1.76,0.8,0.6667,1.0,0.0,0.8,,329.1,6.33,0.8194,17.3,0.2875,2.27,0.0084,0.0704,0.8895,-0.0084,0.014,-0.7435,83,random
420,3443776,11667,16,1912.2,2817.7,2.9,8.5,1.75,0.8333,1.0,0.6667,0.0,0.8333,,399.4,6.62,0.8599,17.56,0.3001,2.36,0.0087,0.0872,0.8833,-0.0077,0.0188,-0.7705,83,random
421,3451968,11690,23,1923.9,2651.0,3.1,8.4,1.91,0.8,0.75,1.0,0.0,0.8,,446.9,6.61,0.8633,17.96,0.2989,2.37,0.0112,0.0817,0.8381,-0.0085,0.0225,-0.7334,84,random
422,3460160,11710,20,1935.5,2650.3,3.1,8.3,1.9,0.6667,0.6,0.75,0.0,0.6667,,450.0,7.45,0.8053,17.84,0.2795,2.24,0.0098,0.07,0.7917,-0.0081,0.0247,-0.7192,84,random
423,3468352,11728,18,1947.1,2558.2,3.2,8.4,2.04,0.6667,0.5,0.8,0.0,0.6667,,382.6,6.89,0.7775,17.14,0.2736,2.18,0.0087,0.0706,0.8909,-0.0097,0.0136,-0.6818,84,random
424,3476544,11746,18,1959.0,2495.7,3.3,8.4,2.13,0.75,0.6667,0.8,0.0,0.75,,449.0,7.33,0.7404,17.49,0.2587,2.1,0.0097,0.0629,0.8783,-0.0088,0.0148,-0.6701,84,random
425,3484736,11766,20,1971.0,2442.9,3.4,8.4,2.18,0.4545,0.2,0.6667,0.0,0.4545,,412.9,7.25,0.7988,19.31,0.2698,2.22,0.0085,0.0771,0.886,-0.0081,0.0144,-0.6773,84,random
426,3492928,11788,22,1982.8,2513.3,3.3,8.4,2.1,0.8571,0.8889,0.8,0.0,0.8571,,372.1,6.77,0.7084,17.5,0.2475,2.03,0.0106,0.0738,0.8747,-0.0093,0.0163,-0.6641,85,random
427,3501120,11806,18,1994.8,2394.4,3.4,8.2,2.23,0.7778,0.5,0.8571,0.0,0.7778,,402.9,6.83,0.768,18.12,0.2651,2.16,0.0098,0.0707,0.9071,-0.0088,0.0131,-0.6755,85,random
428,3509312,11834,28,2006.5,2426.7,3.4,8.4,2.11,0.8571,0.7778,1.0,0.0,0.8571,,427.8,7.07,0.7394,17.25,0.2597,2.09,0.0095,0.0683,0.8675,-0.0083,0.0173,-0.646,85,random
429,3517504,11859,25,2018.3,2449.3,3.3,8.4,2.15,0.8667,0.6667,1.0,0.0,0.8667,,274.8,5.04,0.7114,16.77,0.2523,2.04,0.0104,0.0848,0.8875,-0.0071,0.0169,-0.6456,85,random
430,3525696,11884,25,2030.1,2538.7,3.2,8.3,2.05,0.6923,0.5,1.0,0.0,0.6923,,338.6,5.96,0.6918,17.05,0.2439,2.0,0.0114,0.0732,0.87,-0.008,0.0204,-0.6267,85,random
431,3533888,11902,18,2041.8,2538.0,3.2,8.3,2.06,0.7,0.75,0.5,0.0,0.7,,407.6,7.22,0.7324,17.66,0.2551,2.08,0.0068,0.0593,0.8955,-0.0088,0.0153,-0.6639,86,random
432,3542080,11917,15,2053.4,2641.8,3.1,8.5,1.94,0.7778,0.6,1.0,0.0,0.7778,,395.9,7.47,0.7888,18.3,0.2713,2.2,0.0084,0.0691,0.9114,-0.0071,0.0153,-0.7226,86,random
433,3550272,11934,17,2065.0,2753.6,3.0,8.4,1.84,0.6,0.5,0.6667,0.0,0.6,,501.1,7.65,0.7828,16.69,0.2781,2.19,0.0094,0.0945,0.9059,-0.0035,0.0178,-0.705,86,random
434,3558464,11952,18,2076.5,2811.9,2.9,8.6,1.76,1.0,1.0,1.0,0.0,1.0,,524.7,8.06,0.7891,17.91,0.2735,2.2,0.0101,0.0831,0.9377,-0.0084,0.0115,-0.7166,86,random
435,3566656,11974,22,2088.3,2677.4,3.1,8.4,1.91,0.6667,0.5,1.0,0.0,0.6667,,332.5,6.09,0.8234,17.08,0.2901,2.28,0.0086,0.0878,0.913,-0.0069,0.0163,-0.7404,86,random
436,3574848,11993,19,2099.8,2843.4,2.9,8.2,1.72,1.0,1.0,1.0,0.0,1.0,,462.0,7.16,0.8223,17.44,0.2877,2.28,0.01,0.075,0.9378,-0.0087,0.0121,-0.725,87,random
437,3584832,12014,14,4.3,1988.6,4.1,7.5,3.12,1.0,1.0,1.0,0.0,1.0,,71.6,2.5,0.6176,13.76,0.2356,1.85,0.0079,0.0661,0.9453,-0.0061,0.0075,-0.5453,87,random
438,3593024,12031,17,15.7,2207.2,3.7,8.0,2.59,0.6875,0.4,0.8182,0.0,0.6875,,191.7,5.29,0.7432,16.27,0.2664,2.1,0.0071,0.0715,0.9245,-0.0043,0.0127,-0.6555,87,random
439,3601216,12054,23,27.2,2444.5,3.4,7.9,2.16,0.5714,0.4444,0.8,0.0,0.5714,,250.2,5.35,0.8169,16.82,0.2894,2.26,0.0079,0.0724,0.9375,-0.0089,0.012,-0.7383,87,random
440,3609408,12077,23,38.4,2555.8,3.2,7.8,2.07,0.6667,0.5,0.8571,0.0,0.6667,,312.6,6.61,0.7836,16.92,0.277,2.19,0.0084,0.0686,0.8457,-0.0071,0.0234,-0.684,87,random
441,3617600,12088,11,49.4,2728.2,3.0,7.9,1.89,0.5714,0.3333,0.75,0.0,0.5714,,278.5,5.27,0.8328,17.4,0.2916,2.3,0.0099,0.0898,0.9442,-0.0091,0.0108,-0.7463,88,random
442,3625792,12105,17,60.4,2803.7,2.9,8.0,1.78,0.6,0.6667,0.5,0.0,0.6,,451.4,7.0,0.9416,17.66,0.328,2.56,0.0106,0.0848,0.9231,-0.0065,0.0183,-0.8784,88,random
443,3633984,12135,30,72.0,2387.1,3.4,7.9,2.25,0.8,0.6667,1.0,0.0,0.8,,510.6,7.87,0.7963,16.17,0.2862,2.22,0.0059,0.0579,0.9161,-0.0089,0.0139,-0.7264,88,random
444,3642176,12150,15,83.4,2461.1,3.3,7.9,2.21,0.7,0.25,1.0,0.0,0.7,,342.5,6.47,0.8478,17.69,0.2951,2.33,0.0083,0.0721,0.9026,-0.0091,0.0149,-0.7282,88,random
445,3650368,12167,17,94.6,2630.1,3.1,8.0,1.97,0.6667,0.5714,1.0,0.0,0.6667,,456.9,8.0,0.9295,18.11,0.3209,2.53,0.0075,0.0686,0.9106,-0.0087,0.0147,-0.839,88,random
446,3658560,12194,27,105.8,2691.3,3.0,7.9,1.88,0.75,0.5714,1.0,0.0,0.75,,392.6,6.74,0.8686,16.88,0.3073,2.38,0.0076,0.0758,0.8748,-0.0086,0.0209,-0.7816,89,random
447,3666752,12208,14,116.8,2735.1,3.0,7.9,1.86,1.0,1.0,1.0,0.0,1.0,,424.4,7.29,0.8033,16.51,0.2865,2.23,0.0096,0.0733,0.8948,-0.007,0.0162,-0.7339,89,random
448,3674944,12229,21,127.8,2825.7,2.9,7.9,1.74,0.6667,0.3333,0.8333,0.0,0.6667,,415.6,6.67,0.8878,17.41,0.3108,2.43,0.0069,0.0659,0.9484,-0.0095,0.0095,-0.7854,89,random
449,3683136,12251,22,138.7,2863.3,2.9,7.9,1.7,0.8889,0.75,1.0,0.0,0.8889,,432.9,6.95,0.7557,16.56,0.2692,2.13,0.0123,0.0829,0.8834,-0.0063,0.0185,-0.694,89,random
450,3691328,12266,15,149.8,2659.2,3.1,8.0,1.93,1.0,1.0,1.0,0.0,1.0,,380.1,6.07,0.8174,17.54,0.2854,2.26,0.0094,0.0642,0.9181,-0.0091,0.013,-0.7174,89,random
451,3699520,12286,20,161.2,2475.3,3.3,8.0,2.14,0.8889,0.8,1.0,0.0,0.8889,,393.5,6.7,0.81,16.75,0.2874,2.25,0.0122,0.0836,0.9047,-0.009,0.0172,-0.7413,90,random
452,3707712,12306,20,172.8,2406.0,3.4,8.2,2.28,0.5714,0.25,1.0,0.0,0.5714,,445.8,7.1,0.8187,16.91,0.2895,2.27,0.0071,0.0667,0.895,-0.009,0.0189,-0.7434,90,random
453,3715904,12331,25,184.3,2581.3,3.2,7.9,2.01,0.8462,1.0,0.75,0.0,0.8462,,387.5,6.76,0.8374,16.86,0.2964,2.31,0.0095,0.0747,0.8945,-0.0103,0.017,-0.7516,90,random
454,3724096,12353,22,196.0,2223.7,3.7,7.8,2.54,0.5556,0.75,0.4,0.0,0.5556,,439.0,7.27,0.7575,16.38,0.2709,2.13,0.0159,0.0887,0.8776,-0.0096,0.0193,-0.6694,90,random
455,3732288,12371,18,207.5,2302.0,3.6,8.1,2.4,0.8,0.8,0.8,0.0,0.8,,340.0,6.39,0.7484,16.6,0.2664,2.11,0.0096,0.0763,0.9173,-0.0106,0.0163,-0.7122,90,random
456,3740480,12404,33,219.5,2166.4,3.8,7.8,2.59,0.5625,0.4286,0.6667,0.0,0.5625,,343.2,6.21,0.7709,16.46,0.2752,2.16,0.0093,0.0856,0.8902,-0.0061,0.0238,-0.6707,91,random
457,3748672,12425,21,231.1,2308.6,3.5,7.9,2.39,0.5455,0.0,0.8571,0.0,0.5455,,373.3,6.71,0.7841,17.4,0.2745,2.19,0.0089,0.0777,0.8756,-0.0087,0.0203,-0.684,91,random
458,3756864,12451,26,243.0,2142.8,3.8,8.1,2.62,0.5714,0.25,1.0,0.0,0.5714,,346.3,6.31,0.7838,16.72,0.2783,2.19,0.007,0.0588,0.8973,-0.0076,0.0195,-0.689,91,random
459,3765056,12472,21,255.1,2162.0,3.8,7.9,2.62,0.8235,0.6667,0.9091,0.0,0.8235,,270.4,6.0,0.7691,16.64,0.2735,2.16,0.0077,0.07,0.9242,-0.0083,0.0148,-0.6958,91,random
460,3773248,12493,21,266.7,2289.9,3.6,8.0,2.39,0.6429,0.5714,0.7143,0.0,0.6429,,313.7,6.24,0.7987,17.73,0.2778,2.22,0.0077,0.0672,0.8936,-0.0075,0.0201,-0.7051,91,random
461,3781440,12521,28,278.5,2200.9,3.7,7.9,2.53,0.7273,0.6,0.8333,0.0909,0.7273,,386.5,6.43,0.7912,16.84,0.2802,2.21,0.0082,0.062,0.8837,-0.0087,0.0257,-0.685,92,random
462,3789632,12549,28,290.2,2281.3,3.6,8.0,2.44,0.7778,0.75,0.8,0.0,0.7778,,355.5,6.89,0.7414,16.36,0.2653,2.1,0.0114,0.075,0.9089,-0.0069,0.0177,-0.6861,92,random
463,3797824,12569,20,301.6,2468.4,3.3,8.1,2.16,0.4545,0.5,0.4,0.0,0.4545,,308.4,5.8,0.7708,16.68,0.2739,2.16,0.012,0.0835,0.8754,-0.0071,0.0275,-0.7139,92,random
464,3806016,12595,26,313.4,2311.3,3.5,7.9,2.37,0.7143,0.3333,1.0,0.0,0.7143,,315.1,5.65,0.833,16.95,0.2943,2.3,0.0075,0.0678,0.8709,-0.0072,0.0244,-0.7529,92,random
465,3814208,12617,22,325.1,2246.5,3.6,8.1,2.49,0.9231,0.8333,1.0,0.0,0.9231,,365.0,6.77,0.7742,16.56,0.2758,2.17,0.0089,0.0772,0.9289,-0.0078,0.0134,-0.7102,92,random
466,3822400,12636,19,337.0,2211.2,3.7,7.9,2.47,0.6154,0.2857,1.0,0.0,0.6154,,339.5,7.0,0.7734,17.93,0.268,2.17,0.0126,0.0891,0.8721,-0.0073,0.0227,-0.7033,93,random
467,3830592,12654,18,348.4,2452.9,3.3,7.8,2.2,0.7273,0.4,1.0,0.0,0.7273,,321.8,6.0,0.8634,17.65,0.3008,2.37,0.0075,0.0736,0.929,-0.0085,0.016,-0.731,93,random
468,3838784,12681,27,359.7,2455.0,3.3,7.8,2.16,0.5455,0.4286,0.75,0.0,0.5455,,458.8,7.44,0.8274,17.66,0.2882,2.29,0.0074,0.0712,0.8849,-0.007,0.0218,-0.7278,93,random
469,3846976,12697,16,370.8,2601.6,3.1,7.9,1.99,1.0,1.0,1.0,0.0,1.0,,390.7,6.62,0.7542,16.29,0.2703,2.13,0.0113,0.0858,0.9155,-0.0065,0.0131,-0.7145,93,random
470,3855168,12719,22,382.0,2542.1,3.2,7.9,2.07,0.4286,0.4,0.5,0.0,0.4286,,422.7,6.86,0.809,16.73,0.2872,2.25,0.0137,0.0745,0.8161,-0.0087,0.0324,-0.7463,93,random
471,3863360,12742,23,393.7,2283.3,3.6,8.1,2.4,0.7273,0.6,0.8333,0.0,0.7273,,344.7,6.43,0.7864,16.91,0.2781,2.2,0.0076,0.0677,0.9224,-0.0061,0.0118,-0.7015,94,random
472,3871552,12763,21,405.4,2367.9,3.5,8.1,2.28,0.5385,0.375,0.8,0.0,0.5385,,367.8,7.0,0.7649,16.44,0.2732,2.15,0.0119,0.0812,0.9025,-0.0088,0.0166,-0.7086,94,random
473,3879744,12783,20,417.2,2308.1,3.5,8.0,2.37,0.625,0.0,1.0,0.0,0.625,,421.5,6.85,0.7861,16.86,0.2783,2.19,0.0079,0.0785,0.921,-0.007,0.0161,-0.7328,94,random
474,3887936,12807,24,428.9,2287.5,3.6,8.1,2.43,0.625,0.5833,0.75,0.0,0.625,,355.0,6.79,0.745,16.18,0.2676,2.11,0.0065,0.0655,0.9542,-0.0086,0.0095,-0.693,94,random
475,3896128,12829,22,440.6,2417.4,3.4,7.9,2.25,0.6667,0.5,0.75,0.0,0.6667,,343.5,6.64,0.7571,17.09,0.2667,2.13,0.0082,0.0623,0.9346,-0.0087,0.0132,-0.6851,94,random
476,3904320,12847,18,452.3,2289.0,3.6,8.0,2.41,0.5,0.0,0.8,0.0,0.5,,419.7,6.89,0.7279,17.64,0.2536,2.07,0.0088,0.0715,0.8996,-0.0084,0.0155,-0.6667,95,random
477,3912512,12871,24,464.2,2206.2,3.7,8.2,2.54,0.4286,0.3333,0.6,0.0,0.4286,,395.2,7.25,0.6994,17.36,0.245,2.01,0.0108,0.0757,0.8418,-0.0075,0.0251,-0.6548,95,random
478,3920704,12898,27,476.6,2039.2,4.0,8.2,2.84,0.5,0.3,1.0,0.0,0.5,,382.7,6.52,0.7744,17.38,0.2712,2.17,0.0125,0.0816,0.8998,-0.007,0.0157,-0.6771,95,random
479,3928896,12921,23,488.8,2117.9,3.9,8.1,2.7,0.5882,0.1667,0.8182,0.0,0.5882,,276.0,6.09,0.7087,17.14,0.2494,2.03,0.0111,0.0689,0.8784,-0.0085,0.0217,-0.6364,95,random
480,3937088,12941,20,500.8,2173.3,3.8,8.0,2.6,0.5,0.5,0.5,0.0,0.5,,360.6,7.05,0.7279,17.46,0.2545,2.07,0.0067,0.061,0.8975,-0.0077,0.0173,-0.674,95,random
481,3945280,12979,38,512.8,2158.0,3.8,8.0,2.6,0.5333,0.5455,0.5,0.0,0.5333,,366.7,6.13,0.6854,15.83,0.2482,1.98,0.0113,0.0703,0.8454,-0.0085,0.0335,-0.6837,96,random
482,3953472,12998,19,524.7,2217.1,3.7,8.0,2.54,0.6429,0.625,0.6667,0.0,0.6429,,316.6,6.95,0.7421,16.44,0.2651,2.1,0.0063,0.063,0.9264,-0.0077,0.0142,-0.6467,96,random
483,3961664,13018,20,536.9,2072.0,4.0,7.9,2.75,0.6923,0.5556,1.0,0.0,0.6923,,331.6,6.75,0.7203,16.32,0.258,2.06,0.0095,0.067,0.9295,-0.0073,0.0124,-0.6699,96,random
484,3969856,13036,18,548.5,2271.8,3.6,8.0,2.49,0.6154,0.3333,0.8571,0.0,0.6154,,335.2,7.11,0.736,16.95,0.26,2.09,0.0076,0.0687,0.9069,-0.0083,0.0166,-0.6482,96,random
485,3978048,13055,19,560.0,2449.1,3.3,8.1,2.2,0.6364,0.75,0.5714,0.0909,0.6364,,424.7,8.0,0.7785,17.13,0.2741,2.18,0.0092,0.0712,0.9212,-0.0081,0.0129,-0.7079,96,random
486,3986240,13075,20,571.5,2538.3,3.2,8.2,2.08,0.8333,0.6,1.0,0.0,0.8333,,318.4,6.15,0.7913,18.48,0.2713,2.21,0.0085,0.0702,0.9248,-0.0095,0.0153,-0.7109,97,random
487,3994432,13098,23,583.1,2483.9,3.3,8.1,2.12,0.75,0.8,0.6667,0.0,0.75,,496.2,7.91,0.7457,17.12,0.2626,2.11,0.0081,0.0613,0.893,-0.0079,0.0204,-0.7039,97,random
488,4002624,13126,28,595.0,2283.8,3.6,7.9,2.34,0.375,0.0,0.75,0.0,0.375,,368.7,6.36,0.7207,15.72,0.2616,2.06,0.0068,0.0605,0.9328,-0.0086,0.0135,-0.666,97,random
489,4010816,13140,14,606.3,2545.4,3.2,8.0,2.1,0.75,0.3333,1.0,0.0,0.75,,324.4,5.86,0.7516,17.42,0.263,2.12,0.0091,0.0639,0.9657,-0.0086,0.0077,-0.668,97,random
490,4019008,13168,28,617.9,2389.2,3.4,7.9,2.22,0.7273,0.8,0.6667,0.0,0.7273,,395.1,6.86,0.7376,16.3,0.2642,2.09,0.0092,0.0662,0.9226,-0.0074,0.0176,-0.6981,97,random
491,4027200,13194,26,629.5,2314.8,3.5,7.9,2.28,0.75,0.7143,0.8,0.0,0.75,,361.0,6.08,0.7684,16.56,0.2737,2.16,0.0094,0.0771,0.9056,-0.0079,0.0197,-0.6793,98,random
492,4035392,13212,18,640.9,2436.3,3.4,8.0,2.21,0.5,0.0,0.7143,0.0,0.5,,354.8,6.44,0.7658,16.96,0.2705,2.15,0.0097,0.0748,0.9198,-0.007,0.0149,-0.6841,98,random
493,4043584,13230,18,652.3,2539.1,3.2,7.9,2.08,0.4545,0.0,0.625,0.0,0.4545,,342.0,6.39,0.7703,16.67,0.2738,2.16,0.0079,0.0737,0.933,-0.0075,0.015,-0.6678,98,random
494,4051776,13260,30,663.8,2391.6,3.4,8.2,2.25,0.4545,0.75,0.2857,0.0,0.4545,,380.2,6.33,0.7824,16.45,0.2794,2.19,0.0101,0.0778,0.8846,-0.0093,0.0275,-0.7205,98,random
495,4059968,13281,21,675.6,2372.6,3.5,8.3,2.31,0.9286,0.8333,1.0,0.0,0.9286,,298.1,5.86,0.7854,18.02,0.2717,2.19,0.0075,0.0656,0.9487,-0.0089,0.012,-0.7003,98,random
496,4068160,13304,23,687.2,2567.2,3.2,8.4,2.03,0.8,0.4,1.0,0.0,0.8,,357.6,6.65,0.78,16.98,0.2755,2.18,0.0091,0.0636,0.9405,-0.0092,0.0133,-0.6994,99,random
497,4076352,13331,27,699.0,2542.7,3.2,8.4,1.96,0.7143,0.625,0.8333,0.0,0.7143,,351.5,5.93,0.7375,17.17,0.2594,2.09,0.0093,0.0756,0.9163,-0.0065,0.0187,-0.6767,99,random
498,4084544,13349,18,710.9,2415.8,3.4,8.1,2.18,0.8889,0.8571,1.0,0.0,0.8889,,339.3,6.39,0.7569,17.82,0.2628,2.13,0.0085,0.0674,0.9631,-0.0091,0.0089,-0.6607,99,random
499,4092736,13374,25,722.6,2339.8,3.5,8.1,2.3,0.8182,0.75,0.8571,0.0,0.8182,,343.8,6.04,0.7959,17.39,0.2787,2.22,0.0082,0.0752,0.9402,-0.0088,0.0153,-0.6952,99,random
500,4100928,13399,25,734.6,2221.6,3.7,8.2,2.51,0.6154,0.5,0.8,0.0,0.6154,,351.6,5.92,0.7453,16.84,0.2639,2.11,0.0128,0.08,0.9228,-0.0083,0.0185,-0.649,99,random
501,4109120,13428,29,746.6,2233.3,3.7,8.3,2.49,0.6667,0.625,0.7,0.0,0.6667,,297.3,5.69,0.7076,17.18,0.2488,2.03,0.0101,0.0658,0.9286,-0.0084,0.0163,-0.6745,100,random
502,4117312,13444,16,758.6,2343.6,3.5,8.3,2.35,0.6,0.5,0.75,0.0,0.6,,408.5,7.81,0.7516,17.34,0.2634,2.12,0.0115,0.0795,0.929,-0.0086,0.0156,-0.695,100,random
503,4125504,13469,25,770.6,2306.3,3.6,8.1,2.36,1.0,1.0,1.0,0.0,1.0,,413.7,7.16,0.8039,17.86,0.2789,2.23,0.0083,0.0609,0.9646,-0.0088,0.0094,-0.7115,100,random
504,4133696,13492,23,782.6,2241.6,3.7,8.4,2.49,1.0,1.0,1.0,0.0,1.0,,338.7,6.22,0.7118,16.41,0.2544,2.04,0.0077,0.0642,0.9262,-0.0091,0.0167,-0.6651,100,random
505,4141888,13508,16,794.5,2446.6,3.3,8.1,2.17,0.6667,0.6667,0.6667,0.0,0.6667,,334.0,6.44,0.7233,17.3,0.2537,2.06,0.0078,0.0654,0.8831,-0.0082,0.0231,-0.6492,100,random
506,4150080,13532,24,806.2,2373.9,3.5,8.1,2.25,0.7,0.625,1.0,0.1,0.7,,387.8,6.92,0.7382,16.5,0.2633,2.09,0.0099,0.0774,0.9091,-0.0097,0.0194,-0.6726,101,random
507,4158272,13554,22,817.7,2508.4,3.3,8.4,2.09,0.6154,0.5556,0.75,0.0,0.6154,,354.2,6.73,0.6912,16.22,0.2481,2.0,0.011,0.0753,0.9205,-0.0092,0.016,-0.623,101,random
508,4166464,13578,24,829.6,2467.8,3.3,7.9,2.1,1.0,1.0,1.0,0.0,1.0,,389.9,6.71,0.7222,16.79,0.256,2.06,0.0087,0.0643,0.9308,-0.0077,0.0146,-0.6334,101,random
509,4174656,13605,27,840.9,2537.6,3.2,8.0,2.03,0.6154,0.25,0.7778,0.0,0.6154,,314.1,5.78,0.6963,16.96,0.246,2.01,0.0141,0.0723,0.8606,-0.0085,0.0297,-0.6089,101,random
510,4182848,13618,13,852.4,2449.7,3.3,8.3,2.21,0.6667,1.0,0.5,0.0,0.6667,,417.0,7.0,0.7092,17.5,0.2478,2.03,0.0086,0.0663,0.9031,-0.0075,0.0178,-0.6424,101,random
511,4191040,13640,22,864.4,2300.9,3.6,8.4,2.4,0.7778,0.8571,0.5,0.0,0.7778,,468.0,8.05,0.6637,16.7,0.2357,1.94,0.0097,0.0675,0.9184,-0.0085,0.0146,-0.6227,102,random
512,4199232,13666,26,876.6,2279.4,3.6,8.0,2.42,0.4615,0.2857,0.6667,0.0,0.4615,,397.1,7.15,0.7118,17.5,0.2487,2.04,0.0115,0.0706,0.8996,-0.0082,0.0184,-0.6485,102,random
513,4207424,13681,15,888.4,2240.2,3.7,8.4,2.49,0.75,0.6667,0.8,0.0,0.75,,408.5,7.67,0.6948,17.93,0.2407,2.0,0.0086,0.07,0.9137,-0.0097,0.0164,-0.6549,102,random
514,4215616,13703,22,900.7,2162.7,3.8,7.9,2.56,0.3571,0.4545,0.0,0.0714,0.3571,,382.8,7.5,0.7791,16.94,0.2753,2.18,0.0112,0.0843,0.9129,-0.0033,0.0174,-0.6804,102,random
515,4223808,13724,21,912.4,2297.0,3.6,7.9,2.39,0.875,0.5,1.0,0.0,0.875,,429.0,7.19,0.735,16.88,0.2601,2.09,0.0113,0.0785,0.9385,-0.009,0.0126,-0.6635,102,random
516,4232000,13748,24,923.7,2492.8,3.3,8.0,2.09,0.875,0.8889,0.8571,0.0,0.875,,301.3,6.62,0.7677,17.63,0.2675,2.15,0.0092,0.0724,0.9198,-0.0105,0.0161,-0.6886,103,random
517,4240192,13768,20,935.1,2541.2,3.2,8.2,2.04,1.0,1.0,1.0,0.0,1.0,,400.2,6.7,0.7416,17.09,0.2613,2.1,0.0092,0.0744,0.9073,-0.0095,0.0138,-0.6496,103,random
518,4248384,13790,22,946.7,2545.0,3.2,8.2,2.04,0.7778,0.6,1.0,0.0,0.7778,,374.0,6.27,0.7091,16.83,0.2512,2.03,0.0101,0.0837,0.8551,-0.0091,0.024,-0.6556,103,random
519,4256576,13806,16,958.5,2419.1,3.4,8.3,2.23,0.7,0.5714,1.0,0.0,0.7,,357.6,7.19,0.7655,17.49,0.2675,2.15,0.0108,0.0827,0.8728,-0.0074,0.02,-0.6897,103,random
520,4264768,13824,18,970.3,2436.6,3.4,8.4,2.23,0.75,0.6,1.0,0.0,0.75,,451.8,7.39,0.7568,16.75,0.2685,2.13,0.0084,0.0731,0.9322,-0.0099,0.0118,-0.6986,103,random
521,4272960,13850,26,982.3,2448.5,3.3,8.2,2.16,0.5,0.4,0.5714,0.0,0.5,,394.5,6.92,0.7596,17.02,0.268,2.14,0.0108,0.0741,0.9006,-0.0098,0.0168,-0.6853,104,random
522,4281152,13871,21,993.8,2584.9,3.2,8.0,1.99,0.6667,0.3333,0.7778,0.0,0.6667,,381.8,6.95,0.6816,17.26,0.2393,1.98,0.008,0.0742,0.9114,-0.0098,0.0134,-0.6215,104,random
523,4289344,13894,23,1005.2,2533.2,3.2,8.2,2.06,0.5,0.5,0.5,0.0,0.5,,467.8,7.13,0.6809,17.78,0.2366,1.98,0.0075,0.0649,0.8725,-0.0088,0.0224,-0.6474,104,random
524,4297536,13919,25,1017.2,2243.4,3.7,8.2,2.5,0.75,0.5556,1.0,0.0,0.75,,300.0,6.04,0.6907,16.62,0.2457,2.0,0.0109,0.0769,0.9231,-0.0093,0.0131,-0.6601,104,random
525,4305728,13941,22,1029.2,2270.3,3.6,8.3,2.42,0.9231,0.8,1.0,0.0,0.9231,,330.8,6.32,0.7449,17.16,0.262,2.11,0.0095,0.0768,0.9154,-0.0094,0.0152,-0.6527,104,random
526,4313920,13961,20,1041.1,2316.1,3.5,8.4,2.37,0.7,0.4,1.0,0.0,0.7,,322.9,6.15,0.688,17.6,0.2399,1.99,0.0087,0.0741,0.9149,-0.0105,0.0147,-0.6177,105,random
527,4322112,13985,24,1053.3,2235.6,3.7,8.3,2.49,0.6667,0.4,1.0,0.0,0.6667,,473.1,7.54,0.6975,17.34,0.2445,2.01,0.0086,0.0738,0.9041,-0.0092,0.0176,-0.6579,105,random
528,4330304,14016,31,1065.5,2257.7,3.6,8.2,2.41,0.7059,0.5455,1.0,0.0,0.7059,,334.4,6.42,0.7206,16.62,0.2564,2.06,0.0089,0.0823,0.8987,-0.0098,0.0192,-0.6405,105,random
529,4338496,14041,25,1077.3,2340.4,3.5,8.3,2.32,0.9,0.6667,1.0,0.0,0.9,,302.2,5.76,0.6957,16.42,0.2486,2.01,0.0124,0.0828,0.9173,-0.0095,0.0181,-0.6558,105,random
530,4346688,14068,27,1089.7,2114.2,3.9,8.4,2.67,0.6667,0.25,0.875,0.0,0.6667,,290.2,5.26,0.7389,17.01,0.2607,2.09,0.0096,0.0805,0.8921,-0.0092,0.0226,-0.6727,105,random
531,4354880,14095,27,1101.9,2268.4,3.6,8.3,2.43,0.7647,0.75,0.7778,0.0,0.7647,,328.4,6.41,0.747,16.95,0.2639,2.11,0.0081,0.077,0.9147,-0.0095,0.0169,-0.67,106,random
532,4363072,14123,28,1113.7,2452.5,3.3,8.3,2.17,0.8125,0.7778,0.8571,0.0,0.8125,,290.1,5.96,0.7568,16.73,0.2687,2.13,0.0128,0.0877,0.8976,-0.0082,0.0238,-0.6895,106,random
533,4371264,14146,23,1125.5,2468.1,3.3,2.8,2.17,0.6923,0.5714,0.8333,0.0769,0.6923,,267.2,5.35,0.7531,16.84,0.2667,2.12,0.0226,0.0597,0.93,0.004,0.0181,-0.6878,106,random
534,4379456,14170,24,1131.7,2527.6,3.2,8.1,2.08,0.7,0.4,1.0,0.0,0.7,,394.9,6.54,0.801,16.49,0.2858,2.23,0.0102,0.0899,0.9457,-0.0092,0.0148,-0.7324,106,random
535,4387648,14192,22,1143.1,2559.6,3.2,8.3,2.04,0.5333,0.3333,0.8333,0.0,0.5333,,309.2,6.68,0.8055,17.0,0.2843,2.24,0.0104,0.0897,0.9436,-0.0095,0.0162,-0.7007,106,random
536,4395840,14218,26,1154.6,2710.7,3.0,8.3,1.85,0.2857,0.1667,1.0,0.0,0.2857,,348.6,5.5,0.79,16.94,0.2792,2.2,0.0086,0.0728,0.9397,-0.0104,0.0164,-0.7051,107,random
537,4404032,14239,21,1166.2,2606.5,3.1,8.4,1.97,0.5714,0.5,1.0,0.0,0.5714,,363.9,5.81,0.7988,17.31,0.2802,2.22,0.0086,0.0732,0.947,-0.0106,0.0138,-0.7259,107,random
538,4412224,14271,32,1178.3,2301.4,3.6,8.2,2.4,0.6316,0.5,0.8571,0.0526,0.6316,,307.3,6.06,0.7563,15.82,0.2739,2.13,0.0098,0.0772,0.9256,-0.0091,0.018,-0.6775,107,random
539,4420416,14294,23,1190.5,2175.1,3.8,8.1,2.6,0.5455,0.0,0.75,0.0,0.5455,,273.7,4.91,0.8091,16.76,0.287,2.25,0.0095,0.0736,0.9268,-0.0097,0.0189,-0.7315,107,random
540,4428608,14317,23,1202.5,2249.9,3.6,8.3,2.48,0.6667,0.4286,1.0,0.0,0.6667,,340.1,6.43,0.7629,16.02,0.275,2.14,0.0101,0.0862,0.9356,-0.0117,0.0164,-0.7042,107,random
541,4436800,14351,34,1214.9,2080.9,3.9,8.4,2.74,0.7895,0.5556,1.0,0.0,0.7895,,339.4,6.44,0.752,16.69,0.2672,2.12,0.0089,0.0839,0.9139,-0.0091,0.0212,-0.6912,108,random
542,4444992,14375,24,1227.1,2245.0,3.6,8.3,2.47,0.4375,0.125,0.75,0.0,0.4375,,277.0,5.88,0.7615,16.08,0.2741,2.14,0.0115,0.087,0.9185,-0.0087,0.019,-0.6778,108,random
543,4453184,14397,22,1239.1,2348.3,3.5,8.3,2.32,0.5625,0.4286,0.6667,0.0,0.5625,,281.0,6.05,0.7243,16.04,0.261,2.06,0.0085,0.0752,0.9467,-0.0084,0.0142,-0.6651,108,random
544,4461376,14417,20,1250.6,2589.8,3.2,8.3,1.97,0.6667,0.5,1.0,0.0,0.6667,,389.1,7.05,0.7446,16.86,0.2636,2.11,0.0098,0.0757,0.9387,-0.0108,0.0142,-0.7007,108,random
545,4469568,14444,27,1262.4,2445.5,3.3,8.4,2.15,0.6154,0.4,0.75,0.0,0.6154,,327.9,6.11,0.765,17.31,0.2683,2.15,0.0117,0.0858,0.9184,-0.0089,0.02,-0.7052,108,random
546,4477760,14464,20,1274.1,2620.9,3.1,8.3,1.95,0.7778,0.6,1.0,0.0,0.7778,,371.3,6.45,0.7543,17.16,0.2654,2.13,0.011,0.0854,0.9401,-0.0089,0.0161,-0.7236,109,random
547,4485952,14494,30,1286.1,2334.4,3.5,8.3,2.3,0.5833,0.4444,1.0,0.0,0.5833,,319.0,5.3,0.8283,17.39,0.29,2.29,0.0087,0.0714,0.9297,-0.0095,0.0181,-0.7234,109,random
548,4494144,14521,27,1297.8,2508.5,3.3,8.3,2.09,0.6923,0.3333,0.8,0.0,0.6923,,385.4,6.93,0.6653,16.02,0.2399,1.95,0.0087,0.0751,0.9331,-0.01,0.0169,-0.6496,109,random
549,4502336,14539,18,1309.1,2904.7,2.8,8.3,1.74,0.375,0.5,0.25,0.0,0.375,,323.8,6.06,0.7404,16.7,0.263,2.1,0.0116,0.0861,0.9389,-0.0055,0.0182,-0.6544,109,random
550,4510528,14559,20,1320.5,2704.3,3.0,8.4,1.84,0.8571,1.0,0.5,0.0,0.8571,,364.2,6.25,0.7551,17.14,0.2658,2.13,0.0089,0.0755,0.9392,-0.0086,0.0143,-0.6924,109,random
551,4518720,14579,20,1332.5,2408.4,3.4,8.1,2.23,0.6667,0.75,0.5,0.0,0.6667,,355.7,5.75,0.7875,17.17,0.277,2.2,0.0089,0.0694,0.9105,-0.0099,0.0208,-0.7362,110,random
552,4526912,14613,34,1344.4,2272.6,3.6,8.3,2.39,0.7143,0.2857,0.9286,0.0,0.7143,,288.9,5.88,0.7807,17.11,0.2749,2.18,0.0112,0.0862,0.9168,-0.0091,0.0173,-0.6965,110,random
553,4535104,14635,22,1356.6,2224.2,3.7,8.3,2.5,0.4286,0.4,0.5,0.0,0.4286,,448.6,6.91,0.7921,17.18,0.2785,2.21,0.0094,0.0803,0.9079,-0.0103,0.0191,-0.698,110,random
554,4543296,14655,20,1368.7,2226.8,3.7,8.4,2.49,0.7,0.8333,0.5,0.0,0.7,,336.4,6.45,0.7745,16.56,0.276,2.17,0.0104,0.08,0.8964,-0.0078,0.0194,-0.7245,110,random
555,4551488,14673,18,1380.9,2272.2,3.6,8.4,2.45,0.75,0.6667,0.8333,0.0,0.75,,337.5,7.11,0.8009,17.32,0.2808,2.23,0.0113,0.0839,0.8697,-0.0098,0.0249,-0.7291,110,random
556,4559680,14699,26,1393.0,2262.0,3.6,8.0,2.39,0.7647,0.7273,0.8333,0.0,0.7647,,338.6,6.65,0.8238,17.23,0.2894,2.28,0.013,0.0829,0.8966,-0.0083,0.0204,-0.7629,111,random
557,4567872,14720,21,1404.6,2399.6,3.4,8.1,2.22,0.375,0.2,0.6667,0.0,0.375,,444.8,7.52,0.7807,16.05,0.2813,2.18,0.0103,0.0966,0.8862,-0.0092,0.0195,-0.7289,111,random
558,4576064,14745,25,1416.6,2202.4,3.7,8.1,2.55,0.6154,0.25,0.7778,0.0,0.6154,,361.4,6.64,0.8164,17.03,0.288,2.26,0.0098,0.0813,0.883,-0.0099,0.0223,-0.7389,111,random
559,4584256,14765,20,1428.4,2270.7,3.6,8.3,2.45,0.6923,0.5,0.7778,0.0,0.6923,,354.6,6.75,0.7462,16.39,0.2668,2.11,0.0099,0.0756,0.9207,-0.0104,0.0158,-0.7102,111,random
560,4592448,14783,18,1440.2,2482.5,3.3,8.1,2.14,0.8182,0.8333,0.8,0.0,0.8182,,358.4,7.17,0.8147,17.98,0.2819,2.26,0.0081,0.0687,0.9225,-0.0094,0.0142,-0.7434,111,random
561,4600640,14805,22,1451.6,2581.5,3.2,8.3,2.0,0.4167,0.2857,0.6,0.0,0.4167,,345.1,6.23,0.8082,16.33,0.2894,2.24,0.0092,0.0825,0.9334,-0.0096,0.013,-0.7313,112,random
562,4608832,14830,25,1463.1,2622.4,3.1,8.4,1.97,0.75,0.6667,0.8,0.0,0.75,,433.6,7.0,0.8672,17.43,0.3034,2.38,0.0129,0.0784,0.9496,-0.0107,0.0118,-0.7858,112,random
563,4617024,14853,23,1475.0,2489.8,3.3,8.2,2.12,0.7,0.3333,0.8571,0.0,0.7,,391.5,6.26,0.7725,16.66,0.2746,2.17,0.0077,0.0713,0.9228,-0.0079,0.0159,-0.7261,112,random
564,4625216,14881,28,1486.8,2421.1,3.4,8.2,2.2,0.7857,0.6667,0.875,0.0,0.7857,,326.1,5.89,0.7628,16.28,0.2734,2.14,0.0097,0.0817,0.8913,-0.0103,0.0205,-0.7137,112,random
565,4633408,14897,16,1498.2,2663.8,3.1,8.1,1.94,0.6,0.5,0.75,0.0,0.6,,286.3,5.94,0.8025,16.88,0.2839,2.23,0.0084,0.08,0.9283,-0.0088,0.0124,-0.7266,112,random
566,4641600,14911,14,1509.4,2718.2,3.0,8.3,1.89,0.75,1.0,0.6667,0.0,0.75,,440.8,7.0,0.8881,17.71,0.309,2.43,0.01,0.0781,0.9184,-0.0102,0.0137,-0.8,113,random
567,4649792,14932,21,1520.8,2761.3,3.0,8.2,1.8,0.75,0.7143,0.8,0.0,0.75,,388.7,7.24,0.8621,17.1,0.3036,2.37,0.0093,0.0773,0.9311,-0.0113,0.0144,-0.7938,113,random
568,4657984,14957,25,1532.1,2780.4,2.9,8.5,1.78,0.4444,0.4,0.5,0.0,0.4444,,471.8,7.68,0.8527,16.85,0.3019,2.35,0.0093,0.0864,0.8801,-0.0084,0.0222,-0.7946,113,random
569,4666176,14975,18,1544.2,2391.8,3.4,8.3,2.26,0.75,0.6667,1.0,0.0,0.75,,378.9,6.22,0.8404,17.27,0.295,2.32,0.0106,0.0776,0.8863,-0.0098,0.0194,-0.7695,113,random
570,4674368,14997,22,1555.8,2529.6,3.2,8.1,2.05,0.8,0.75,1.0,0.0,0.8,,410.7,7.0,0.8375,16.98,0.2957,2.31,0.0094,0.0874,0.9218,-0.0085,0.0158,-0.7554,113,random
571,4682560,15018,21,1567.4,2520.7,3.2,8.2,2.07,0.6429,0.4286,0.8571,0.0,0.6429,,319.3,6.43,0.7591,16.41,0.2713,2.14,0.0116,0.0837,0.9448,-0.0084,0.0121,-0.7166,114,random
572,4690752,15037,19,1579.1,2475.9,3.3,8.1,2.12,0.5,0.3333,0.6667,0.0,0.5,,377.3,6.37,0.8167,17.07,0.2878,2.26,0.0111,0.0807,0.9173,-0.0091,0.0158,-0.731,114,random
573,4698944,15060,23,1590.7,2470.5,3.3,8.3,2.15,0.7778,0.6,1.0,0.0,0.7778,,419.9,6.91,0.7656,16.22,0.2748,2.15,0.0109,0.0767,0.9135,-0.0086,0.0166,-0.7411,114,random
574,4707136,15086,26,1602.4,2506.0,3.3,8.2,2.1,0.5,0.2,0.6667,0.0,0.5,,370.0,7.12,0.7652,15.79,0.2773,2.15,0.0091,0.071,0.9019,-0.0098,0.0229,-0.7182,114,random
575,4715328,15111,25,1614.2,2424.1,3.4,8.2,2.2,0.8333,0.5,1.0,0.0,0.8333,,396.5,6.52,0.7668,16.11,0.2759,2.15,0.0074,0.0592,0.9331,-0.0086,0.0142,-0.6858,114,random
576,4723520,15130,19,1626.2,2193.2,3.7,8.1,2.56,0.625,1.0,0.5714,0.0,0.625,,337.1,6.0,0.7733,16.46,0.2761,2.17,0.009,0.0699,0.8844,-0.0084,0.0224,-0.6922,115,random
577,4731712,15148,18,1637.8,2472.6,3.3,8.4,2.15,0.7273,0.5,0.8571,0.0,0.7273,,356.3,6.94,0.7852,16.83,0.2781,2.19,0.0087,0.0712,0.9191,-0.0096,0.0149,-0.7082,115,random
578,4739904,15174,26,1649.7,2444.9,3.4,8.1,2.17,0.3,0.0,0.5,0.0,0.3,,437.8,7.46,0.8196,16.11,0.2949,2.27,0.0097,0.0811,0.8936,-0.0101,0.0227,-0.7379,115,random
579,4748096,15198,24,1661.5,2278.3,3.6,8.2,2.44,0.75,0.5714,1.0,0.0,0.75,,304.4,5.96,0.8303,16.54,0.296,2.29,0.0092,0.084,0.9381,-0.0108,0.013,-0.7532,115,random
580,4756288,15223,25,1673.3,2375.9,3.4,8.0,2.26,1.0,1.0,1.0,0.0,1.0,,320.1,5.84,0.8263,16.3,0.2961,2.28,0.0098,0.0861,0.9543,-0.0106,0.0095,-0.7711,115,random
581,4764480,15243,20,1684.9,2401.2,3.4,8.2,2.25,0.5,0.3333,1.0,0.0,0.5,,386.4,6.75,0.866,16.92,0.3062,2.38,0.0111,0.0783,0.9622,-0.0111,0.0097,-0.7876,116,random
582,4772672,15271,28,1697.0,2168.8,3.8,8.1,2.59,0.8235,1.0,0.7857,0.0,0.8235,,380.9,7.36,0.8494,16.72,0.3016,2.34,0.0095,0.0801,0.9406,-0.0088,0.0158,-0.7508,116,random
583,4780864,15291,20,1709.0,2209.9,3.7,8.2,2.52,0.7692,0.7143,0.8333,0.0,0.7692,,317.2,6.45,0.8002,16.57,0.285,2.23,0.0093,0.0921,0.9256,-0.0068,0.0145,-0.7065,116,random
584,4789056,15310,19,1720.9,2373.1,3.5,8.3,2.28,0.7778,0.6,1.0,0.0,0.7778,,323.2,6.05,0.799,16.78,0.2833,2.22,0.0089,0.0813,0.9479,-0.01,0.0128,-0.7349,116,random
585,4797248,15339,29,1732.9,2311.7,3.5,8.2,2.4,0.8125,0.6667,0.9,0.0,0.8125,,360.1,6.76,0.796,17.17,0.2799,2.22,0.0085,0.0696,0.937,-0.0098,0.0151,-0.7123,116,random
586,4805440,15361,22,1744.9,2246.5,3.6,8.3,2.45,0.8462,0.8333,0.8571,0.0,0.8462,,330.4,6.05,0.797,17.22,0.2801,2.22,0.01,0.0789,0.9262,-0.0086,0.0195,-0.7145,117,random
587,4813632,15383,22,1756.9,2293.9,3.6,8.0,2.4,1.0,1.0,1.0,0.0,1.0,,394.0,7.18,0.7743,17.52,0.2704,2.17,0.0116,0.0821,0.9613,-0.0099,0.0101,-0.7158,117,random
588,4821824,15407,24,1768.5,2403.6,3.4,8.2,2.24,0.6,0.5,0.8,0.0,0.6,,360.5,7.0,0.7172,16.22,0.2574,2.05,0.0097,0.0812,0.9029,-0.0065,0.0198,-0.685,117,random
589,4830016,15427,20,1780.4,2330.6,3.5,8.2,2.34,0.8182,0.875,0.6667,0.0,0.8182,,356.9,6.8,0.743,17.53,0.2594,2.1,0.011,0.0841,0.915,-0.0093,0.0151,-0.6824,117,random
590,4838208,15452,25,1792.1,2400.9,3.4,8.5,2.24,0.6667,0.625,0.7143,0.0,0.6667,,296.4,5.88,0.7937,17.49,0.2773,2.21,0.0087,0.0783,0.9257,-0.0093,0.017,-0.7084,117,random
591,4846400,15479,27,1804.0,2596.2,3.2,8.4,1.99,0.7857,0.75,0.8,0.0,0.7857,,354.7,6.22,0.7686,16.35,0.2751,2.16,0.0107,0.0884,0.9421,-0.009,0.015,-0.6962,118,random
592,4854592,15498,19,1815.7,2517.6,3.3,8.1,2.09,0.6,0.3333,1.0,0.0,0.6,,448.3,6.79,0.7451,15.84,0.2697,2.11,0.0085,0.0687,0.9569,-0.0096,0.0104,-0.6695,118,random
593,4862784,15525,27,1827.4,2466.1,3.3,8.4,2.19,0.5333,0.375,0.7143,0.0,0.5333,,324.1,6.37,0.8133,17.16,0.2861,2.26,0.0097,0.0731,0.9132,-0.0076,0.0193,-0.7307,118,random
594,4870976,15551,26,1839.5,2270.5,3.6,8.3,2.4,0.8333,0.75,0.875,0.0,0.8333,,334.6,5.73,0.7407,16.06,0.2668,2.1,0.0119,0.0815,0.933,-0.0084,0.0174,-0.6787,118,random
595,4879168,15574,23,1851.5,2406.9,3.4,8.3,2.25,0.8125,0.8,0.8333,0.0,0.8125,,279.8,5.78,0.7531,16.14,0.2708,2.12,0.0099,0.0798,0.9501,-0.0085,0.0133,-0.6802,118,random
596,4887360,15592,18,1863.4,2357.9,3.5,8.2,2.3,0.625,0.5,1.0,0.0,0.625,,345.0,6.67,0.8119,16.92,0.287,2.25,0.0092,0.0745,0.9404,-0.0092,0.0165,-0.7524,119,random
597,4895552,15616,24,1875.2,2388.8,3.4,8.3,2.26,0.7,0.5,1.0,0.0,0.7,,439.4,7.46,0.8378,16.8,0.297,2.31,0.0089,0.0813,0.9268,-0.0064,0.0186,-0.7526,119,random
598,4903744,15635,19,1887.1,2369.6,3.5,8.3,2.27,0.6,0.5,0.75,0.0,0.6,,392.5,7.32,0.7938,16.51,0.2831,2.21,0.0098,0.0718,0.9499,-0.0097,0.014,-0.7197,119,random
599,4911936,15665,30,1899.2,2301.6,3.6,8.2,2.37,0.5625,0.3636,1.0,0.0,0.5625,,308.4,5.77,0.8026,16.55,0.286,2.23,0.0097,0.0836,0.9343,-0.0106,0.017,-0.7268,119,random
600,4920128,15689,24,1910.9,2449.5,3.3,8.1,2.17,0.7,0.5714,1.0,0.0,0.7,,429.5,7.17,0.7724,15.57,0.2814,2.17,0.0099,0.079,0.9564,-0.0099,0.0127,-0.7167,119,random
601,4928320,15710,21,1922.5,2458.4,3.3,8.4,2.16,0.5,0.4286,0.6667,0.0,0.5,,325.3,6.19,0.8222,16.55,0.293,2.28,0.0098,0.0858,0.9661,-0.0085,0.0111,-0.7342,120,random
602,4936512,15734,24,1934.3,2487.0,3.3,8.2,2.14,0.7273,0.5,0.8571,0.0,0.7273,,337.1,5.88,0.7727,16.48,0.2757,2.17,0.008,0.0674,0.9508,-0.0074,0.0157,-0.7096,120,random
603,4944704,15756,22,1946.0,2491.8,3.3,8.0,2.04,0.7273,0.0,1.0,0.0,0.7273,,350.1,6.59,0.7499,15.64,0.2727,2.12,0.0091,0.0825,0.9684,-0.0067,0.0094,-0.6946,120,random
604,4952896,15768,12,1957.2,2680.8,3.1,8.4,1.89,0.8333,0.5,1.0,0.0,0.8333,,339.6,6.17,0.8536,17.84,0.2962,2.35,0.0086,0.0678,0.9633,-0.0098,0.0108,-0.7777,120,random
605,4961088,15788,20,1969.0,2520.8,3.2,8.3,2.04,0.8,0.6667,1.0,0.1,0.8,,378.0,7.0,0.8823,17.99,0.3053,2.42,0.01,0.0839,0.9559,-0.0117,0.0127,-0.772,120,random
606,4969280,15818,30,1980.6,2632.8,3.1,8.2,1.91,0.6667,0.4,0.8571,0.0,0.6667,,396.1,6.4,0.7902,16.48,0.282,2.2,0.0084,0.0704,0.9522,-0.0088,0.0167,-0.7476,121,random
607,4977472,15837,19,1992.5,2322.2,3.5,8.3,2.38,0.7143,0.5,1.0,0.0,0.7143,,449.7,7.53,0.7994,16.78,0.2834,2.22,0.01,0.0807,0.9494,-0.0087,0.0155,-0.7093,121,random
608,4985664,15864,27,2004.5,2332.0,3.5,8.1,2.33,0.3846,0.0,0.7143,0.0,0.3846,,366.2,6.22,0.8174,17.05,0.2882,2.26,0.0118,0.0882,0.9545,-0.0072,0.0151,-0.7293,121,random
609,4993856,15886,22,2016.3,2315.1,3.5,8.3,2.38,0.4615,0.1429,0.8333,0.0,0.4615,,325.3,6.45,0.7947,16.78,0.2818,2.21,0.011,0.0836,0.9713,-0.0098,0.0102,-0.7223,121,random
610,5002048,15913,27,2028.2,2351.3,3.5,8.2,2.3,0.4615,0.375,0.6,0.0,0.4615,,354.0,6.52,0.8014,15.84,0.2901,2.23,0.0123,0.0933,0.9399,-0.0092,0.0203,-0.7645,121,random
611,5010240,15937,24,2040.0,2404.4,3.4,8.0,2.18,0.5,0.25,0.8333,0.0,0.5,,300.2,5.96,0.7955,16.34,0.2848,2.22,0.0107,0.0879,0.9437,-0.0061,0.0173,-0.7302,122,random
612,5018432,15951,14,2051.2,2708.3,3.0,8.1,1.86,1.0,1.0,1.0,0.0,1.0,,391.9,6.93,0.8494,17.05,0.2995,2.34,0.0117,0.0962,0.9643,-0.0074,0.0093,-0.7678,122,random
613,5026624,15976,25,2062.5,2694.5,3.0,8.3,1.87,0.625,1.0,0.4,0.0,0.625,,441.4,7.32,0.8214,16.13,0.2954,2.27,0.0114,0.0922,0.9177,-0.0065,0.0235,-0.7569,122,random
614,5034816,15993,17,2074.1,2669.5,3.1,8.2,1.89,0.7,0.625,1.0,0.0,0.7,,325.8,6.24,0.8589,17.09,0.3026,2.36,0.0102,0.0877,0.9613,-0.0092,0.0108,-0.7732,122,random
615,5046720,16011,11,4.2,2016.4,4.1,7.8,2.99,0.7273,0.5,1.0,0.0,0.7273,,86.6,2.64,0.6331,13.84,0.241,1.88,0.0083,0.0805,0.965,-0.0048,0.0091,-0.5648,122,random
616,5054912,16027,16,16.2,2031.0,4.0,8.0,2.88,0.7143,0.2,1.0,0.0,0.7143,,191.9,5.12,0.7802,15.81,0.2826,2.18,0.0108,0.0921,0.9652,-0.009,0.0111,-0.7197,123,random
617,5063104,16053,26,27.9,2274.4,3.6,8.0,2.44,0.7059,0.5,0.8182,0.0588,0.7059,,267.6,6.08,0.8072,16.66,0.287,2.24,0.0119,0.0974,0.9573,-0.0076,0.0152,-0.7152,123,random
618,5071296,16078,25,39.3,2515.4,3.3,7.9,2.04,0.7333,0.6364,1.0,0.0,0.7333,,270.2,5.68,0.7883,16.87,0.279,2.2,0.0118,0.0933,0.9296,-0.0082,0.0186,-0.7133,123,random
619,5079488,16088,10,50.5,2650.4,3.1,8.0,1.93,0.8,0.5,1.0,0.0,0.8,,378.2,6.8,0.7975,17.72,0.2774,2.22,0.0114,0.0856,0.9535,-0.0108,0.0101,-0.7178,123,random
620,5087680,16107,19,62.0,2502.9,3.3,8.1,2.1,0.5,0.2,1.0,0.0,0.5,,418.5,7.47,0.8917,18.76,0.3042,2.44,0.0119,0.1026,0.9533,-0.0094,0.0112,-0.7936,123,random
621,5095872,16136,29,73.7,2321.0,3.5,7.9,2.35,0.5,0.2857,1.0,0.0,0.5,,464.1,7.59,0.7788,15.69,0.2829,2.18,0.014,0.0974,0.9032,-0.007,0.0236,-0.7049,124,random
622,5104064,16156,20,85.5,2221.4,3.7,8.0,2.52,0.8333,0.5,1.0,0.0,0.8333,,389.4,6.35,0.7872,16.98,0.2779,2.2,0.0087,0.0752,0.9429,-0.01,0.0148,-0.7138,124,random
623,5112256,16183,27,97.2,2240.3,3.7,8.0,2.43,0.45,0.3636,0.5556,0.05,0.45,,310.3,6.78,0.8088,16.87,0.2862,2.25,0.009,0.0826,0.9112,-0.0082,0.0198,-0.7062,124,random
624,5120448,16204,21,109.0,2291.5,3.6,8.0,2.37,0.5833,0.4,0.7143,0.0,0.5833,,301.4,6.14,0.8004,16.53,0.2853,2.23,0.0092,0.0905,0.9258,-0.0063,0.018,-0.7255,124,random
625,5128640,16224,20,120.6,2405.0,3.4,8.0,2.23,0.9,0.75,1.0,0.0,0.9,,372.0,7.05,0.7921,16.64,0.2817,2.21,0.0101,0.0781,0.9466,-0.01,0.012,-0.7347,124,random
626,5136832,16248,24,131.9,2548.8,3.2,8.0,2.05,0.7,0.6,0.8,0.0,0.7,,448.5,7.21,0.8034,16.42,0.2871,2.23,0.0115,0.0966,0.938,-0.0085,0.0145,-0.757,125,random
627,5145024,16266,18,143.3,2586.6,3.2,8.1,2.04,0.4286,0.4,0.5,0.0,0.4286,,404.2,7.28,0.8095,16.59,0.2882,2.25,0.013,0.1066,0.9482,-0.0041,0.0133,-0.7363,125,random
628,5153216,16292,26,154.8,2496.0,3.3,8.0,2.1,0.9,1.0,0.8889,0.0,0.9,,337.5,6.12,0.7993,15.67,0.2905,2.22,0.0136,0.0841,0.9261,-0.008,0.0178,-0.7337,125,random
629,5161408,16314,22,166.3,2430.7,3.4,8.2,2.2,0.6667,0.0,1.0,0.0,0.6667,,425.0,6.77,0.7905,16.79,0.2803,2.2,0.0101,0.078,0.9598,-0.0097,0.0094,-0.7241,125,random
630,5169600,16333,19,178.2,2326.8,3.5,8.0,2.34,0.75,0.7143,0.8,0.0,0.75,,319.8,6.84,0.7788,16.48,0.2779,2.18,0.0086,0.0818,0.9496,-0.0099,0.013,-0.7276,125,random
631,5177792,16362,29,190.0,2280.1,3.6,7.9,2.43,0.6429,0.5,0.8333,0.0,0.6429,,359.4,6.48,0.7986,16.1,0.2874,2.22,0.0102,0.0758,0.9082,-0.0079,0.0236,-0.7273,126,random
632,5185984,16377,15,201.8,2195.0,3.7,8.0,2.58,0.875,0.75,1.0,0.0,0.875,,328.9,6.07,0.7859,17.16,0.2765,2.19,0.0099,0.0818,0.954,-0.012,0.0096,-0.714,126,random
633,5194176,16402,25,213.2,2470.0,3.3,8.0,2.16,0.8824,0.8,0.9167,0.0,0.8824,,340.0,7.16,0.7675,16.37,0.2746,2.15,0.0119,0.0876,0.9336,-0.0098,0.0134,-0.7036,126,random
634,5202368,16428,26,224.8,2396.3,3.4,7.9,2.27,0.6923,0.25,0.8889,0.0,0.6923,,403.0,6.65,0.7262,16.52,0.259,2.07,0.0113,0.0815,0.9052,-0.0093,0.0209,-0.6752,126,random
635,5210560,16453,25,236.3,2399.3,3.4,8.0,2.25,0.7059,0.375,1.0,0.0,0.7059,,280.2,5.52,0.7506,16.63,0.267,2.12,0.0098,0.0755,0.9381,-0.0096,0.0126,-0.6678,126,random
636,5218752,16472,19,247.8,2464.2,3.3,7.9,2.19,0.875,0.0,1.0,0.0,0.875,,348.6,6.32,0.7624,17.15,0.2682,2.14,0.011,0.0789,0.9452,-0.009,0.0124,-0.6898,127,random
637,5226944,16497,25,259.2,2462.4,3.3,8.0,2.16,0.5385,0.375,0.8,0.0,0.5385,,359.4,6.36,0.7894,16.85,0.2795,2.2,0.0118,0.0808,0.9382,-0.0087,0.0168,-0.703,127,random
638,5235136,16517,20,270.9,2344.6,3.5,8.0,2.34,0.7273,0.5,1.0,0.0,0.7273,,377.6,6.8,0.7351,16.99,0.2595,2.09,0.0114,0.0817,0.9506,-0.0114,0.0109,-0.6939,127,random
639,5243328,16538,21,282.4,2387.9,3.4,8.0,2.28,0.8333,0.5,1.0,0.0,0.8333,,377.1,7.0,0.7456,16.53,0.2658,2.11,0.0096,0.0851,0.9541,-0.0092,0.0127,-0.7005,127,random
640,5251520,16564,26,294.3,2223.8,3.7,8.0,2.48,0.7778,0.0,0.875,0.0,0.7778,,446.4,7.27,0.7355,16.25,0.2638,2.09,0.0106,0.0896,0.9393,-0.01,0.0166,-0.68,127,random
641,5259712,16588,24,306.3,2136.7,3.8,8.3,2.63,0.8235,0.5,1.0,0.0,0.8235,,302.1,6.58,0.7991,17.38,0.2799,2.22,0.01,0.0852,0.9491,-0.0085,0.014,-0.6914,128,random
642,5267904,16607,19,318.2,2395.3,3.4,8.0,2.27,0.4615,0.3636,1.0,0.0,0.4615,,333.3,6.74,0.7529,17.12,0.2651,2.12,0.0122,0.0921,0.9355,-0.009,0.0144,-0.6899,128,random
643,5276096,16636,29,329.8,2350.1,3.5,8.0,2.29,0.5385,0.5,0.6,0.0,0.5385,,378.8,6.93,0.7653,16.65,0.2721,2.15,0.011,0.0835,0.8742,-0.0093,0.0318,-0.6846,128,random
644,5284288,16660,24,341.3,2450.5,3.3,7.9,2.19,0.5385,0.1429,1.0,0.0,0.5385,,300.1,5.33,0.7534,16.46,0.269,2.12,0.0115,0.0848,0.9478,-0.0103,0.0135,-0.6743,128,random
645,5292480,16684,24,352.9,2334.9,3.5,8.1,2.32,0.5385,0.5714,0.5,0.0,0.5385,,333.6,6.21,0.7922,17.06,0.2793,2.21,0.0104,0.0818,0.9268,-0.0084,0.0193,-0.7221,128,random
646,5300672,16713,29,364.8,2238.7,3.7,8.1,2.5,0.6667,0.25,0.875,0.0,0.6667,,347.7,6.21,0.7724,17.27,0.2711,2.16,0.0114,0.0896,0.897,-0.0097,0.0227,-0.6703,129,random
647,5308864,16731,18,376.5,2355.3,3.5,8.0,2.32,0.5833,0.5714,0.6,0.0,0.5833,,317.0,6.44,0.717,16.58,0.2553,2.05,0.01,0.0881,0.92,-0.0086,0.0168,-0.6539,129,random
648,5317056,16753,22,387.9,2504.5,3.3,8.0,2.11,0.7778,0.6,1.0,0.0,0.7778,,397.0,7.09,0.7476,16.49,0.2667,2.11,0.0135,0.0916,0.9485,-0.0101,0.012,-0.6794,129,random
649,5325248,16777,24,399.7,2275.7,3.6,8.2,2.42,0.5,0.5,0.5,0.1,0.5,,345.1,6.54,0.7809,17.4,0.2734,2.18,0.013,0.0979,0.8875,-0.0074,0.0294,-0.6937,129,random
650,5333440,16803,26,411.8,2142.3,3.8,7.9,2.64,0.4286,0.3,0.75,0.0,0.4286,,341.5,6.23,0.7764,17.2,0.2729,2.17,0.0105,0.0731,0.9013,-0.0078,0.0232,-0.7027,129,random
651,5341632,16828,25,423.5,2299.1,3.6,8.0,2.34,0.4615,0.0,1.0,0.0,0.4615,,324.6,6.16,0.8045,17.92,0.2788,2.24,0.0114,0.0762,0.9375,-0.0103,0.0138,-0.703,130,random
652,5349824,16845,17,435.3,2257.8,3.6,8.0,2.43,0.5833,0.4444,1.0,0.0,0.5833,,345.9,7.24,0.7915,17.67,0.2756,2.21,0.009,0.0745,0.9195,-0.0077,0.0179,-0.7163,130,random
653,5358016,16871,26,447.4,2134.1,3.8,8.0,2.67,0.7857,0.6667,1.0,0.0,0.7857,,371.2,7.04,0.8206,17.48,0.2868,2.27,0.0101,0.0851,0.9501,-0.0098,0.0115,-0.7372,130,random
654,5366208,16895,24,459.3,2145.7,3.8,8.2,2.6,0.75,0.5,1.0,0.0,0.75,,347.5,7.04,0.7656,17.66,0.2666,2.15,0.0118,0.0833,0.9379,-0.0098,0.0141,-0.7047,130,random
655,5374400,16911,16,471.4,2165.5,3.8,8.1,2.58,0.5,0.6,0.0,0.0,0.5,,423.1,7.25,0.7561,17.28,0.2654,2.13,0.0115,0.0901,0.9375,-0.0094,0.0142,-0.7053,130,random
656,5382592,16941,30,483.6,2107.5,3.9,8.0,2.72,0.8095,0.7143,1.0,0.0,0.8095,,332.8,6.97,0.8107,17.17,0.2851,2.25,0.0102,0.0803,0.9193,-0.0087,0.0205,-0.7198,131,random
657,5390784,16971,30,495.8,2013.2,4.1,8.0,2.82,0.4118,0.1818,0.8333,0.0,0.4118,,344.9,6.53,0.7527,16.55,0.2682,2.12,0.0106,0.0826,0.8849,-0.0091,0.0296,-0.6917,131,random
658,5398976,16995,24,507.8,2087.2,3.9,8.1,2.74,0.7222,0.5714,0.8182,0.0,0.7222,,301.7,6.21,0.7728,15.94,0.2791,2.17,0.0101,0.0757,0.9319,-0.0082,0.017,-0.7132,131,random
659,5407168,17018,23,519.8,2205.4,3.7,8.1,2.54,0.6364,0.0,0.875,0.0,0.6364,,368.8,6.83,0.819,16.93,0.2895,2.27,0.0105,0.0908,0.9371,-0.0087,0.0168,-0.7086,131,random
660,5415360,17039,21,531.6,2318.8,3.5,8.0,2.38,0.5,0.4,0.5714,0.0,0.5,,355.7,6.81,0.7823,16.37,0.2799,2.19,0.012,0.0831,0.9158,-0.0095,0.0193,-0.7168,131,random
661,5423552,17056,17,543.2,2377.1,3.4,8.2,2.29,0.5,0.5,0.5,0.0,0.5,,332.8,6.94,0.7342,17.24,0.2579,2.08,0.0104,0.0858,0.9206,-0.0065,0.0154,-0.6713,132,random
662,5431744,17074,18,554.9,2436.9,3.4,8.0,2.19,0.4545,0.2857,0.75,0.0,0.4545,,390.4,7.33,0.7493,16.94,0.2648,2.12,0.0149,0.0949,0.9329,-0.0082,0.0139,-0.6748,132,random
663,5439936,17092,18,566.2,2562.3,3.2,8.0,2.01,0.6923,0.625,0.8,0.0,0.6923,,323.9,6.39,0.746,16.11,0.2684,2.11,0.0102,0.0809,0.9228,-0.0095,0.0166,-0.7038,132,random
664,5448128,17115,23,577.7,2438.2,3.4,8.1,2.1,1.0,1.0,1.0,0.0,1.0,,412.6,6.87,0.8291,19.02,0.2815,2.29,0.0126,0.0957,0.9478,-0.0115,0.0112,-0.7212,132,random
665,5456320,17140,25,589.5,2322.9,3.5,8.1,2.35,0.5455,0.375,1.0,0.0,0.5455,,449.8,7.4,0.7671,16.65,0.2727,2.15,0.0116,0.0895,0.9249,-0.0099,0.0175,-0.7141,132,random
666,5464512,17159,19,601.1,2444.6,3.4,8.0,2.22,0.6,0.4,0.8,0.0,0.6,,363.7,6.47,0.7943,16.19,0.2853,2.21,0.0125,0.0846,0.9536,-0.01,0.012,-0.7365,133,random
667,5472704,17182,23,612.6,2444.1,3.4,8.0,2.18,0.6,0.3333,1.0,0.1,0.6,,408.2,7.04,0.7517,16.99,0.2654,2.12,0.0102,0.0732,0.8968,-0.0096,0.0218,-0.6927,133,random
668,5480896,17199,17,624.1,2423.9,3.4,8.0,2.26,0.6,0.2,1.0,0.0,0.6,,403.6,7.71,0.7632,16.79,0.2705,2.15,0.0106,0.0924,0.9185,-0.009,0.0151,-0.6929,133,random
669,5489088,17218,19,635.6,2450.2,3.3,7.9,2.16,0.75,0.3333,0.8889,0.0,0.75,,366.3,7.37,0.7744,16.74,0.2748,2.17,0.0104,0.0782,0.9511,-0.0089,0.0114,-0.7056,133,random
670,5497280,17236,18,647.0,2479.5,3.3,8.0,2.14,1.0,1.0,1.0,0.0,1.0,,427.8,6.83,0.764,17.24,0.2684,2.15,0.0112,0.0867,0.944,-0.0105,0.012,-0.6946,133,random
671,5505472,17262,26,658.7,2334.0,3.5,8.0,2.29,0.6364,0.3333,0.75,0.0,0.6364,,469.6,8.08,0.7837,17.01,0.2765,2.19,0.01,0.0691,0.9243,-0.0089,0.0183,-0.7113,134,random
672,5513664,17281,19,670.3,2443.9,3.4,8.2,2.17,0.75,0.6,0.8571,0.0,0.75,,370.7,7.37,0.7457,17.1,0.2627,2.11,0.0089,0.0771,0.9264,-0.0097,0.0144,-0.6871,134,random
673,5521856,17301,20,682.1,2314.2,3.5,8.1,2.36,0.7,0.8333,0.5,0.0,0.7,,361.7,6.2,0.7562,17.81,0.2626,2.13,0.0082,0.0765,0.8933,-0.0086,0.019,-0.6829,134,random
674,5530048,17315,14,693.9,2325.0,3.5,8.1,2.37,0.5556,0.5,0.6667,0.0,0.5556,,407.1,8.0,0.8068,16.81,0.2859,2.24,0.0105,0.0841,0.9397,-0.0106,0.0136,-0.7409,134,random
675,5538240,17340,25,705.8,2294.0,3.6,8.0,2.39,0.6667,0.2,1.0,0.0,0.6667,,403.3,7.28,0.7549,16.36,0.2701,2.13,0.0112,0.0847,0.94,-0.0097,0.0142,-0.7131,134,random
676,5546432,17366,26,717.6,2210.9,3.7,8.1,2.51,0.7857,0.5,0.9,0.0,0.7857,,370.8,6.85,0.7416,16.49,0.2646,2.1,0.0102,0.0786,0.9032,-0.0092,0.0193,-0.6847,135,random
677,5554624,17389,23,729.2,2471.8,3.3,8.1,2.14,0.6923,0.5,0.8571,0.0,0.6923,,432.5,7.83,0.731,16.97,0.2582,2.08,0.0091,0.0795,0.9189,-0.0093,0.0158,-0.655,135,random
678,5562816,17406,17,740.8,2450.8,3.3,8.1,2.19,0.3333,0.4286,0.0,0.0,0.3333,,360.4,6.65,0.7229,16.81,0.2562,2.06,0.0092,0.0728,0.8755,-0.0069,0.0256,-0.6602,135,random
679,5571008,17426,20,752.5,2383.9,3.4,8.2,2.25,0.7,0.8,0.6,0.1,0.7,,385.0,6.9,0.7653,16.88,0.2708,2.15,0.0103,0.0836,0.9379,-0.0102,0.0122,-0.7028,135,random
680,5579200,17452,26,764.7,2129.0,3.8,8.2,2.69,0.6667,0.5,0.8333,0.0,0.6667,,387.3,7.08,0.7406,16.67,0.2632,2.1,0.0112,0.0868,0.8977,-0.0088,0.0193,-0.6749,135,random
681,5587392,17475,23,776.6,2327.0,3.5,8.1,2.36,0.6364,0.25,0.8571,0.0,0.6364,,417.5,7.48,0.7065,16.31,0.2531,2.03,0.0107,0.0819,0.8921,-0.0098,0.018,-0.6473,136,random
682,5595584,17491,16,788.2,2446.4,3.3,8.1,2.18,0.5455,0.4444,1.0,0.0,0.5455,,417.2,8.81,0.7028,17.08,0.2476,2.02,0.0104,0.0753,0.8947,-0.0091,0.0151,-0.6298,136,random
683,5603776,17506,15,799.6,2580.2,3.2,8.2,2.06,0.875,0.8,1.0,0.0,0.875,,334.3,6.13,0.7434,16.24,0.2667,2.1,0.0128,0.0873,0.9378,-0.009,0.012,-0.6554,136,random
684,5611968,17533,27,811.3,2496.9,3.3,8.2,2.1,0.8571,0.6667,1.0,0.0,0.8571,,410.9,7.7,0.8048,17.54,0.2809,2.24,0.0125,0.0934,0.9123,-0.0074,0.0198,-0.6948,136,random
685,5620160,17552,19,822.9,2471.8,3.3,8.1,2.14,0.6667,0.4,1.0,0.0,0.6667,,357.0,6.21,0.7536,16.49,0.2689,2.12,0.0099,0.0766,0.9024,-0.0092,0.0182,-0.699,136,random
686,5628352,17578,26,834.6,2388.5,3.4,8.2,2.24,0.3333,0.125,0.75,0.0,0.3333,,390.3,7.0,0.803,17.25,0.282,2.23,0.0089,0.0726,0.9297,-0.01,0.0158,-0.7318,137,random
687,5636544,17596,18,846.5,2278.5,3.6,8.2,2.43,0.5,0.3333,0.75,0.0,0.5,,399.7,7.33,0.8021,17.22,0.2818,2.23,0.0097,0.0735,0.9544,-0.011,0.0111,-0.7351,137,random
688,5644736,17625,29,858.2,2416.3,3.4,8.1,2.24,0.6111,0.125,1.0,0.0,0.6111,,310.9,6.14,0.7621,16.51,0.2718,2.14,0.0108,0.0813,0.9446,-0.0104,0.014,-0.6714,137,random
689,5652928,17643,18,869.8,2496.1,3.3,8.0,2.15,0.4444,0.4,0.5,0.0,0.4444,,395.4,7.17,0.7733,16.33,0.2769,2.17,0.0104,0.0739,0.9361,-0.0084,0.0152,-0.702,137,random
690,5661120,17659,16,881.3,2488.1,3.3,8.4,2.13,0.5714,0.3333,0.75,0.0,0.5714,,360.4,6.56,0.8021,18.05,0.2772,2.23,0.0109,0.0843,0.9407,-0.0106,0.0148,-0.7106,137,random
691,5669312,17687,28,893.4,2363.1,3.5,8.2,2.31,0.6667,0.5,1.0,0.0,0.6667,,424.7,7.75,0.782,17.24,0.2746,2.19,0.0098,0.0799,0.9138,-0.0109,0.0206,-0.7012,138,random
692,5677504,17704,17,905.1,2446.3,3.3,8.2,2.18,0.7273,0.25,1.0,0.0,0.7273,,296.5,5.76,0.7372,16.81,0.2613,2.09,0.0127,0.0851,0.9594,-0.0117,0.0091,-0.674,138,random
693,5685696,17728,24,916.7,2533.6,3.2,7.9,1.96,0.5833,0.0,0.7778,0.0,0.5833,,394.0,7.29,0.744,16.39,0.266,2.1,0.0136,0.0918,0.9095,-0.0089,0.0227,-0.6783,138,random
694,5693888,17753,25,927.9,2584.6,3.2,8.0,2.0,0.625,0.5,1.0,0.0,0.625,,438.6,7.0,0.7265,16.61,0.2585,2.07,0.0129,0.0867,0.9044,-0.0085,0.018,-0.6331,138,random
695,5702080,17765,12,939.4,2480.0,3.3,8.1,2.14,0.5,0.0,0.6,0.0,0.5,,304.5,6.0,0.7317,16.95,0.2585,2.08,0.013,0.0838,0.9021,-0.0101,0.0165,-0.667,138,random
696,5710272,17785,20,950.9,2591.9,3.2,8.2,2.04,0.7778,0.8,0.75,0.0,0.7778,,417.6,7.55,0.7475,17.79,0.2597,2.11,0.01,0.0829,0.912,-0.0092,0.0162,-0.6651,139,random
697,5718464,17806,21,962.5,2544.4,3.2,8.0,2.02,0.4,0.0,0.8,0.0,0.4,,420.5,7.81,0.7065,17.04,0.2492,2.03,0.0166,0.0832,0.8817,-0.0086,0.0218,-0.6445,139,random
698,5726656,17823,17,974.0,2420.3,3.4,8.2,2.14,0.7143,0.5,1.0,0.0,0.7143,,460.4,7.71,0.7349,17.69,0.2558,2.09,0.0102,0.0815,0.8935,-0.0088,0.0213,-0.6437,139,random
699,5734848,17843,20,985.7,2469.2,3.3,8.1,2.14,0.8182,0.5,1.0,0.0,0.8182,,418.5,7.8,0.7419,17.32,0.2601,2.1,0.0098,0.0837,0.95,-0.01,0.0108,-0.6701,139,random
700,5743040,17865,22,997.3,2507.1,3.3,8.2,2.06,0.4,0.5,0.0,0.0,0.4,,488.4,7.32,0.6717,16.85,0.2378,1.96,0.0109,0.0894,0.9337,-0.0081,0.0141,-0.6135,139,random
701,5751232,17889,24,1009.5,2129.2,3.8,8.3,2.65,0.3636,0.1429,0.75,0.0909,0.3636,,349.3,6.42,0.6719,16.83,0.238,1.96,0.0099,0.0843,0.912,-0.0085,0.0178,-0.6121,140,random
702,5759424,17914,25,1021.5,2281.7,3.6,8.4,2.39,0.5294,0.3,0.8571,0.0,0.5294,,319.1,6.44,0.6713,16.51,0.2394,1.96,0.0112,0.083,0.92,-0.0091,0.0166,-0.617,140,random
703,5767616,17939,25,1033.7,2227.5,3.7,8.1,2.5,0.5455,0.0,0.75,0.0,0.5455,,399.6,6.96,0.7395,16.59,0.2633,2.09,0.0121,0.0832,0.9019,-0.0096,0.0223,-0.6696,140,random
704,5775808,17959,20,1045.8,2173.1,3.8,8.2,2.58,0.7143,1.0,0.5556,0.0,0.7143,,326.2,6.75,0.6941,17.25,0.2437,2.0,0.0112,0.086,0.9289,-0.0085,0.0139,-0.6057,140,random
705,5784000,17981,22,1057.5,2395.9,3.4,8.2,2.23,0.7,0.6,0.8,0.1,0.7,,348.8,6.32,0.6352,16.54,0.2264,1.89,0.0106,0.0834,0.9191,-0.0072,0.0131,-0.5929,140,random
706,5792192,17993,12,1069.1,2498.7,3.3,8.3,2.14,0.8571,0.6667,1.0,0.0,0.8571,,385.1,7.0,0.6479,16.45,0.2314,1.91,0.0114,0.083,0.93,-0.0107,0.0116,-0.6145,141,random
707,5800384,18009,16,1080.8,2544.9,3.2,8.5,2.04,0.4444,0.2857,1.0,0.1111,0.4444,,473.9,8.5,0.7139,17.74,0.2482,2.04,0.011,0.079,0.9431,-0.0101,0.0113,-0.6621,141,random
708,5808576,18030,21,1092.5,2700.8,3.0,8.0,1.84,0.5455,0.6,0.5,0.0909,0.5455,,411.0,7.33,0.7065,17.34,0.2477,2.03,0.0111,0.0865,0.9146,-0.0104,0.016,-0.6615,141,random
709,5816768,18050,20,1104.1,2409.3,3.4,8.1,2.19,0.7143,0.5,1.0,0.0,0.7143,,468.6,7.35,0.7113,17.31,0.2495,2.04,0.0112,0.0801,0.9222,-0.0086,0.0157,-0.6626,141,random
710,5824960,18069,19,1116.1,2219.2,3.7,8.0,2.48,0.625,0.0,1.0,0.0,0.625,,493.5,8.68,0.694,16.55,0.2473,2.0,0.0118,0.0912,0.9489,-0.0109,0.011,-0.6483,141,random
711,5833152,18092,23,1127.7,2304.6,3.6,8.0,2.33,0.6429,0.3333,0.875,0.0,0.6429,,365.3,6.91,0.6946,17.1,0.2447,2.0,0.0125,0.0858,0.9331,-0.0094,0.0161,-0.6382,142,random
712,5841344,18120,28,1139.3,2437.7,3.4,8.2,2.2,0.6,0.5,0.6667,0.0,0.6,,413.8,7.11,0.6627,16.24,0.2377,1.94,0.0134,0.0819,0.9229,-0.0107,0.0186,-0.627,142,random
713,5849536,18136,16,1151.2,2329.3,3.5,8.1,2.38,1.0,1.0,1.0,0.0,1.0,,406.8,6.81,0.7043,17.14,0.2479,2.02,0.0107,0.0829,0.9623,-0.0104,0.0097,-0.6317,142,random
714,5857728,18163,27,1163.1,2335.4,3.5,8.3,2.35,0.5882,0.3333,0.875,0.0,0.5882,,316.3,6.67,0.684,17.44,0.2393,1.98,0.0158,0.0922,0.9291,-0.0098,0.0167,-0.6191,142,random
715,5865920,18188,25,1174.6,2637.2,3.1,8.2,1.93,0.4615,0.3636,1.0,0.0,0.4615,,361.3,6.56,0.6658,16.12,0.2395,1.95,0.0122,0.0763,0.9158,-0.008,0.0178,-0.5903,142,random
716,5874112,18204,16,1186.1,2646.7,3.1,8.3,1.94,0.4444,0.2857,1.0,0.0,0.4444,,348.1,6.69,0.7014,16.85,0.2484,2.02,0.0117,0.0834,0.9239,-0.0083,0.0186,-0.6439,143,random
717,5882304,18221,17,1197.5,2725.4,3.0,8.2,1.87,0.1667,0.0,1.0,0.0,0.1667,,401.5,6.41,0.7025,16.48,0.2507,2.02,0.0114,0.084,0.9685,-0.0098,0.0088,-0.6239,143,random
718,5890496,18237,16,1209.1,2574.4,3.2,8.4,2.0,0.7143,0.3333,1.0,0.0,0.7143,,424.5,7.62,0.7208,17.31,0.2528,2.06,0.0132,0.0941,0.9693,-0.0102,0.0092,-0.6621,143,random
719,5898688,18258,21,1220.8,2575.5,3.2,8.3,2.03,0.8182,0.6667,1.0,0.0909,0.8182,,392.0,6.81,0.7546,17.12,0.2656,2.13,0.0112,0.0822,0.9632,-0.0097,0.0108,-0.6833,143,random
720,5906880,18282,24,1232.6,2450.9,3.3,8.4,2.14,0.7,0.5,1.0,0.0,0.7,,487.9,8.17,0.7377,17.52,0.2576,2.09,0.0107,0.0811,0.9227,-0.0094,0.0202,-0.6679,143,random
721,5915072,18306,24,1244.8,2249.5,3.6,8.3,2.44,0.5556,0.4286,1.0,0.0,0.5556,,413.6,6.88,0.705,16.63,0.2508,2.02,0.0127,0.0918,0.9258,-0.0105,0.0189,-0.6401,144,random
722,5923264,18327,21,1257.1,2123.7,3.9,8.4,2.63,0.6667,0.5,0.7273,0.0,0.6667,,300.0,6.24,0.7114,16.69,0.2528,2.04,0.0109,0.0865,0.9367,-0.0103,0.017,-0.6411,144,random
723,5931456,18352,25,1269.3,2209.0,3.7,8.4,2.55,0.6667,0.25,0.8182,0.0,0.6667,,380.9,7.36,0.7022,16.87,0.2485,2.02,0.0104,0.0798,0.9503,-0.0089,0.013,-0.6498,144,random
724,5939648,18371,19,1281.5,2299.0,3.6,8.4,2.41,0.3333,0.0,0.5714,0.0,0.3333,,367.9,7.47,0.7297,17.33,0.2558,2.07,0.0113,0.0946,0.9503,-0.01,0.0121,-0.6593,144,random
725,5947840,18392,21,1293.6,2352.6,3.5,8.4,2.29,0.7333,0.625,0.8571,0.0,0.7333,,367.1,7.57,0.7231,16.58,0.2575,2.06,0.0116,0.0865,0.9377,-0.009,0.0145,-0.6661,144,random
726,5956032,18413,21,1305.6,2348.1,3.5,8.4,2.29,0.5556,0.5,0.6667,0.0,0.5556,,391.1,6.48,0.7344,16.84,0.2601,2.08,0.0106,0.0829,0.9418,-0.0106,0.0147,-0.6507,145,random
727,5964224,18435,22,1317.6,2409.5,3.4,8.1,2.21,0.6667,0.5714,0.8,0.0,0.6667,,375.0,6.95,0.7137,17.08,0.2515,2.04,0.0103,0.0824,0.9442,-0.0117,0.0136,-0.6435,145,random
728,5972416,18459,24,1329.2,2411.3,3.4,8.1,2.25,0.6429,0.5,0.75,0.0,0.6429,,357.2,6.83,0.7008,16.55,0.2497,2.02,0.012,0.0882,0.9284,-0.011,0.0185,-0.6246,145,random
729,5980608,18480,21,1340.9,2453.1,3.3,8.1,2.18,0.4545,0.2,0.6667,0.0,0.4545,,356.3,6.48,0.6724,16.55,0.2396,1.96,0.011,0.0863,0.9312,-0.0105,0.0165,-0.6333,145,random
730,5988800,18498,18,1352.5,2499.9,3.3,8.3,2.13,0.75,0.6,1.0,0.0,0.75,,389.3,6.94,0.7093,16.89,0.2509,2.03,0.0104,0.0804,0.9526,-0.0111,0.0109,-0.6531,145,random
731,5996992,18516,18,1364.2,2479.8,3.3,8.1,2.12,0.8333,0.5,1.0,0.0,0.8333,,495.7,7.83,0.6842,16.34,0.2449,1.98,0.0129,0.0921,0.9015,-0.0089,0.0208,-0.6452,146,random
732,6005184,18544,28,1375.7,2532.6,3.2,8.3,2.03,0.5833,0.5,0.625,0.0833,0.5833,,404.2,7.32,0.7437,16.92,0.2629,2.1,0.0129,0.0844,0.939,-0.0096,0.0146,-0.6693,146,random
733,6013376,18559,15,1387.2,2627.4,3.1,8.3,1.99,0.6667,0.75,0.5,0.1667,0.6667,,410.1,7.4,0.768,16.8,0.2722,2.16,0.014,0.0842,0.9246,-0.01,0.016,-0.6692,146,random
734,6021568,18581,22,1398.9,2544.1,3.2,8.4,2.06,0.8333,0.7143,1.0,0.0,0.8333,,355.8,6.41,0.79,17.16,0.2779,2.2,0.0128,0.1109,0.9466,-0.0099,0.013,-0.6937,146,random
735,6029760,18607,26,1410.8,2400.8,3.4,8.3,2.23,0.7692,0.7,1.0,0.0,0.7692,,334.2,6.23,0.7514,16.16,0.27,2.12,0.0113,0.0904,0.9066,-0.008,0.0212,-0.6689,146,random
736,6037952,18624,17,1422.7,2405.0,3.4,8.4,2.26,0.5,,0.5,0.25,0.5,,424.4,7.0,0.7257,16.26,0.2602,2.07,0.0157,0.0903,0.9186,-0.0102,0.0191,-0.6754,147,random
737,6046144,18644,20,1434.7,2352.9,3.5,8.5,2.31,0.7273,0.5714,1.0,0.0,0.7273,,401.9,7.5,0.7146,16.85,0.253,2.04,0.0126,0.0941,0.9245,-0.0102,0.0157,-0.6739,147,random
738,6054336,18670,26,1446.9,2280.2,3.6,8.3,2.44,0.8,0.6,1.0,0.1,0.8,,423.1,7.08,0.7727,16.81,0.2738,2.17,0.0148,0.1058,0.9261,-0.0091,0.0171,-0.6827,147,random
739,6062528,18695,25,1459.3,2111.9,3.9,8.3,2.66,0.875,1.0,0.8333,0.0,0.875,,332.1,6.72,0.7061,16.1,0.2541,2.03,0.0111,0.0846,0.916,-0.0091,0.0196,-0.6531,147,random
740,6070720,18715,20,1471.4,2238.5,3.7,8.5,2.51,0.6364,0.5,1.0,0.0,0.6364,,384.9,7.25,0.7,16.17,0.2515,2.01,0.0127,0.0927,0.9361,-0.0101,0.0133,-0.6287,147,random
741,6078912,18729,14,1483.5,2371.6,3.5,8.4,2.32,0.7,0.5,1.0,0.0,0.7,,306.1,6.43,0.75,17.88,0.2601,2.12,0.013,0.0907,0.9411,-0.0109,0.0113,-0.6853,148,random
742,6087104,18743,14,1495.6,2385.5,3.4,8.5,2.25,0.7778,0.8,0.75,0.0,0.7778,,372.0,7.29,0.8092,17.81,0.281,2.25,0.0128,0.0859,0.9522,-0.0118,0.0115,-0.721,148,random
743,6095296,18777,34,1507.6,2438.1,3.4,8.2,2.18,0.6,0.4444,0.8333,0.0,0.6,,449.1,7.85,0.7466,16.6,0.2657,2.11,0.0148,0.0877,0.8654,-0.0103,0.0298,-0.7025,148,random
744,6103488,18795,18,1519.4,2369.0,3.5,8.3,2.27,0.7143,0.3333,1.0,0.0,0.7143,,429.9,6.78,0.6616,16.33,0.2369,1.94,0.0102,0.0739,0.9137,-0.0108,0.0146,-0.6121,148,random
745,6111680,18817,22,1531.4,2344.6,3.5,8.4,2.33,0.8333,0.3333,1.0,0.0,0.8333,,349.2,6.5,0.7665,17.43,0.2682,2.15,0.011,0.0826,0.9067,-0.0094,0.0168,-0.669,148,random
746,6119872,18840,23,1543.3,2499.5,3.3,8.4,2.12,0.7647,0.5,1.0,0.0,0.7647,,303.0,6.74,0.7568,17.82,0.2627,2.13,0.0139,0.1048,0.8764,-0.009,0.0229,-0.6756,149,random
747,6128064,18859,19,1554.9,2676.9,3.1,8.3,1.89,0.5714,0.5,0.6,0.0,0.5714,,386.6,6.26,0.7245,17.13,0.2551,2.06,0.01,0.0786,0.9205,-0.0079,0.0163,-0.6602,149,random
748,6136256,18881,22,1566.1,3039.3,2.7,8.4,1.55,1.0,1.0,1.0,0.0,1.0,,432.8,7.0,0.7282,16.84,0.2579,2.07,0.0126,0.0883,0.8953,-0.0083,0.0204,-0.6833,149,random
749,6144448,18896,15,1577.6,2739.7,3.0,8.4,1.84,0.3333,0.3333,,0.0,0.3333,,426.5,7.67,0.7269,16.36,0.2601,2.07,0.0103,0.0845,0.9242,-0.009,0.0126,-0.6795,149,random
750,6152640,18918,22,1589.0,2889.3,2.8,8.4,1.72,0.8571,0.5,1.0,0.0,0.8571,,427.0,6.95,0.7949,16.73,0.2821,2.21,0.0113,0.0938,0.9226,-0.0088,0.0161,-0.7255,149,random
751,6160832,18932,14,1600.4,2898.4,2.8,8.4,1.7,0.6667,0.5,1.0,0.0,0.6667,,376.8,6.5,0.7393,16.48,0.2638,2.09,0.0116,0.0943,0.9386,-0.0077,0.0126,-0.6759,150,random
752,6169024,18948,16,1612.1,2634.5,3.1,8.4,1.95,0.8,0.5,1.0,0.0,0.8,,526.6,8.44,0.7312,16.37,0.2616,2.08,0.0117,0.0883,0.9316,-0.0094,0.0129,-0.6939,150,random
753,6177216,18973,25,1624.2,2331.2,3.5,8.5,2.37,0.5556,0.0,1.0,0.0,0.5556,,430.0,6.96,0.7389,17.32,0.2591,2.09,0.0103,0.0913,0.938,-0.0102,0.0136,-0.6843,150,random
754,6185408,18997,24,1636.5,2297.3,3.6,8.5,2.4,0.5385,0.4444,0.75,0.0,0.5385,,348.2,6.38,0.6996,16.43,0.2499,2.01,0.0117,0.0882,0.9201,-0.0096,0.0169,-0.6413,150,random
755,6193600,19020,23,1648.7,2273.7,3.6,8.4,2.44,0.6667,0.25,0.875,0.0,0.6667,,397.5,6.96,0.7178,16.67,0.2551,2.05,0.011,0.0823,0.9293,-0.0091,0.0166,-0.6666,150,random
756,6201792,19041,21,1660.8,2358.9,3.5,8.2,2.28,0.5455,0.4444,1.0,0.0,0.5455,,410.5,7.52,0.7642,17.49,0.267,2.15,0.0148,0.0994,0.9492,-0.0098,0.013,-0.702,151,random
757,6209984,19063,22,1672.8,2256.2,3.6,8.3,2.49,0.7,0.75,0.6667,0.0,0.7,,366.6,6.77,0.7647,15.53,0.2788,2.15,0.0109,0.0896,0.9396,-0.0098,0.0149,-0.6964,151,random
758,6218176,19088,25,1684.8,2324.0,3.5,8.4,2.35,0.7857,0.6,0.8889,0.0,0.7857,,360.5,6.64,0.7592,15.9,0.2745,2.14,0.014,0.0923,0.9591,-0.0088,0.0124,-0.7003,151,random
759,6226368,19111,23,1696.7,2480.8,3.3,8.4,2.1,0.75,0.5,1.0,0.0,0.75,,361.0,7.04,0.7789,17.44,0.2725,2.18,0.0165,0.0909,0.9226,-0.0088,0.018,-0.6942,151,random
760,6234560,19129,18,1708.8,2322.4,3.5,8.4,2.33,0.7,0.75,0.6667,0.0,0.7,,308.7,6.11,0.7729,16.99,0.2728,2.17,0.0098,0.0776,0.9374,-0.0089,0.0158,-0.6909,151,random
761,6242752,19147,18,1720.7,2397.7,3.4,8.3,2.27,0.5556,0.4,0.75,0.0,0.5556,,415.6,7.33,0.771,17.18,0.2711,2.16,0.0114,0.0804,0.9573,-0.011,0.0116,-0.6749,152,random
762,6250944,19167,20,1732.5,2478.7,3.3,8.4,2.09,0.9,0.75,1.0,0.0,0.9,,412.8,7.5,0.7578,16.52,0.2702,2.13,0.0118,0.0902,0.9467,-0.009,0.0117,-0.6977,152,random
763,6259136,19184,17,1744.2,2618.2,3.1,8.2,1.99,1.0,1.0,1.0,0.0,1.0,,424.9,7.53,0.7791,17.79,0.2707,2.18,0.0108,0.0898,0.9369,-0.0097,0.0159,-0.7036,152,random
764,6267328,19208,24,1755.8,2522.2,3.2,8.6,2.05,0.9,1.0,0.8,0.0,0.9,,477.2,7.96,0.7634,16.54,0.2721,2.15,0.0117,0.0922,0.9149,-0.0116,0.019,-0.684,152,random
765,6275520,19231,23,1768.2,2254.4,3.6,8.2,2.45,0.6923,0.25,0.8889,0.0,0.6923,,345.6,6.61,0.7154,16.57,0.2548,2.04,0.011,0.0878,0.9236,-0.0096,0.0179,-0.6483,152,random
766,6283712,19255,24,1780.2,2228.5,3.7,8.2,2.49,0.9231,1.0,0.8889,0.0,0.9231,,363.7,6.33,0.6837,16.44,0.2442,1.98,0.0126,0.0826,0.9265,-0.0111,0.015,-0.6334,153,random
767,6291904,19279,24,1792.3,2180.9,3.8,7.9,2.49,0.5714,0.0,0.8,0.0,0.5714,,360.5,7.0,0.6946,16.23,0.2492,2.0,0.0128,0.0933,0.8821,-0.0098,0.0255,-0.6445,153,random
768,6300096,19303,24,1804.1,2187.9,3.7,8.0,2.54,0.8182,0.6,1.0,0.0,0.8182,,364.5,6.33,0.6879,16.95,0.2431,1.99,0.0118,0.0863,0.9348,-0.0076,0.0161,-0.6302,153,random
769,6308288,19324,21,1816.0,2216.8,3.7,8.1,2.53,0.7333,0.6667,0.8333,0.0,0.7333,,312.8,6.52,0.7252,16.14,0.2607,2.07,0.0098,0.0855,0.9403,-0.0093,0.012,-0.6409,153,random
770,6316480,19352,28,1827.8,2299.1,3.6,8.0,2.37,0.6923,0.8,0.625,0.0,0.6923,,393.8,7.21,0.6706,16.34,0.2401,1.96,0.0128,0.0826,0.88,-0.0093,0.0262,-0.6192,153,random
771,6324672,19372,20,1839.4,2381.9,3.4,8.3,2.23,0.7692,0.7,1.0,0.0,0.7692,,321.9,6.7,0.6912,15.89,0.2499,2.0,0.0112,0.0841,0.9397,-0.0098,0.0126,-0.6162,154,random
772,6332864,19396,24,1851.1,2503.5,3.3,8.3,2.08,0.4545,0.5714,0.25,0.0,0.4545,,316.5,6.17,0.6936,16.22,0.2489,2.0,0.0112,0.074,0.887,-0.0096,0.0238,-0.6139,154,random
773,6341056,19424,28,1863.1,2235.0,3.7,8.2,2.48,0.6364,0.8,0.5,0.0,0.6364,,368.3,6.5,0.6945,16.03,0.2503,2.0,0.0128,0.0849,0.8642,-0.0103,0.0288,-0.6282,154,random
774,6349248,19446,22,1875.1,2278.7,3.6,8.2,2.41,0.6923,0.5556,1.0,0.0,0.6923,,334.7,6.36,0.7399,16.24,0.2654,2.1,0.0116,0.0771,0.9504,-0.0111,0.0093,-0.6392,154,random
775,6357440,19467,21,1887.0,2299.2,3.6,8.2,2.41,0.8571,0.75,0.9,0.0,0.8571,,303.6,6.76,0.7202,16.03,0.2596,2.05,0.0108,0.0898,0.94,-0.0097,0.013,-0.6299,154,random
776,6365632,19482,15,1898.8,2343.1,3.5,8.3,2.35,0.8889,0.8,1.0,0.0,0.8889,,408.3,7.8,0.6951,16.56,0.2476,2.0,0.0114,0.0889,0.9122,-0.0107,0.0147,-0.6322,155,random
777,6373824,19503,21,1910.7,2359.9,3.5,8.2,2.28,0.8,0.8,0.8,0.0,0.8,,385.0,6.86,0.7467,17.67,0.26,2.11,0.0131,0.0935,0.8819,-0.0099,0.021,-0.6634,155,random
778,6382016,19525,22,1922.6,2304.7,3.6,8.3,2.34,0.7857,0.75,0.8333,0.0,0.7857,,421.8,8.0,0.7225,17.15,0.2542,2.06,0.0139,0.0938,0.9186,-0.0105,0.016,-0.6465,155,random
779,6390208,19541,16,1934.7,2307.9,3.5,8.3,2.41,0.625,0.8,0.3333,0.0,0.625,,455.2,7.75,0.7225,17.18,0.2541,2.06,0.0125,0.0903,0.9382,-0.0088,0.013,-0.6511,155,random
780,6398400,19565,24,1946.8,2239.4,3.7,8.2,2.5,0.7273,0.6,0.8333,0.0,0.7273,,449.8,7.75,0.7552,16.84,0.2674,2.13,0.013,0.0967,0.9316,-0.0097,0.0159,-0.6762,155,random
781,6406592,19587,22,1958.7,2358.4,3.5,8.4,2.24,0.5833,0.4286,0.8,0.0,0.5833,,347.2,6.64,0.7599,18.23,0.2618,2.14,0.0143,0.0862,0.9577,-0.0095,0.0112,-0.6582,156,random
782,6414784,19615,28,1970.7,2388.8,3.4,8.3,2.21,0.8125,0.6667,1.0,0.0,0.8125,,326.2,6.11,0.7189,17.15,0.2529,2.05,0.0123,0.0902,0.9359,-0.0104,0.0153,-0.6342,156,random
783,6422976,19636,21,1982.4,2542.5,3.2,8.2,2.01,0.5,0.1429,1.0,0.0,0.5,,336.5,5.9,0.7281,17.56,0.2541,2.07,0.0105,0.089,0.934,-0.0098,0.0134,-0.6741,156,random
784,6431168,19644,8,1993.6,2876.1,2.8,8.3,1.76,1.0,1.0,1.0,0.0,1.0,,510.5,8.12,0.7183,17.0,0.2535,2.05,0.0118,0.0896,0.9514,-0.0099,0.0094,-0.664,156,random
785,6439360,19666,22,2005.0,2757.6,3.0,8.4,1.83,0.7778,0.6,1.0,0.0,0.7778,,463.8,7.82,0.8036,17.64,0.28,2.23,0.0116,0.1,0.9547,-0.0099,0.0112,-0.7273,156,random
786,6447552,19677,11,2016.7,2610.0,3.1,8.4,1.98,0.6667,0.6,1.0,0.0,0.6667,,437.8,7.64,0.7771,18.13,0.2682,2.18,0.0101,0.0925,0.9669,-0.0091,0.0096,-0.6905,157,random
787,6455744,19701,24,2028.4,2523.6,3.2,8.3,2.07,0.8333,0.5,1.0,0.0,0.8333,,503.4,7.62,0.7847,17.12,0.2763,2.19,0.0108,0.0774,0.9485,-0.0109,0.0143,-0.7026,157,random
788,6463936,19723,22,2040.3,2478.9,3.3,8.2,2.13,0.8,0.6667,1.0,0.0,0.8,,401.4,6.95,0.7195,16.81,0.255,2.05,0.0111,0.0876,0.9586,-0.0095,0.0115,-0.6755,157,random
789,6472128,19744,21,2052.0,2413.3,3.4,8.3,2.25,0.6,0.5,0.75,0.0,0.6,,390.8,6.71,0.7181,16.81,0.2545,2.05,0.0122,0.0929,0.9485,-0.006,0.0162,-0.6267,157,random
790,6480320,19766,22,2064.0,2336.9,3.5,8.4,2.31,0.7692,0.5714,1.0,0.0,0.7692,,397.5,7.05,0.7046,16.23,0.2528,2.02,0.0141,0.0991,0.9588,-0.0092,0.0121,-0.6437,157,random
791,6488512,19791,25,2076.0,2359.4,3.5,8.2,2.26,0.7778,0.0,1.0,0.0,0.7778,,397.9,6.56,0.7078,15.56,0.2579,2.03,0.0116,0.0911,0.9613,-0.0088,0.0132,-0.6292,158,random
792,6496704,19814,23,2087.9,2342.9,3.5,8.2,2.32,0.7143,0.4286,1.0,0.0,0.7143,,329.4,6.57,0.686,16.26,0.246,1.99,0.0133,0.0876,0.9621,-0.0097,0.0103,-0.6396,158,random
793,6504896,19829,15,2099.6,2429.8,3.4,8.4,2.24,0.6667,0.5,1.0,0.0,0.6667,,436.5,7.33,0.7018,17.06,0.2474,2.02,0.0113,0.0852,0.9401,-0.0106,0.0153,-0.6123,158,random
794,6513088,19851,22,2111.7,2289.5,3.6,8.4,2.44,0.7273,0.5,1.0,0.0,0.7273,,418.1,7.64,0.7056,17.17,0.2481,2.02,0.0129,0.0851,0.9453,-0.0099,0.0137,-0.6037,158,random
795,6521280,19876,25,2124.0,2212.3,3.7,8.5,2.55,0.6667,0.3333,0.8889,0.0,0.6667,,318.8,6.36,0.6937,17.19,0.2439,2.0,0.0123,0.0879,0.9435,-0.0097,0.014,-0.6095,158,random
796,6529472,19898,22,2136.2,2293.2,3.6,8.2,2.41,0.5,0.25,0.75,0.0,0.5,,460.8,7.73,0.6374,16.13,0.2292,1.89,0.0135,0.0848,0.954,-0.011,0.0126,-0.592,159,random
797,6537664,19921,23,2147.7,2564.6,3.2,8.1,2.02,0.7857,0.8,0.75,0.0,0.7857,,335.2,6.52,0.6437,16.74,0.2285,1.9,0.0109,0.0847,0.9525,-0.0094,0.0149,-0.5762,159,random
798,6545856,19939,18,2159.0,2722.0,3.0,8.3,1.88,0.7,0.25,1.0,0.0,0.7,,351.1,6.44,0.6336,16.17,0.2277,1.88,0.009,0.0816,0.9487,-0.0094,0.0134,-0.5896,159,random
799,6554048,19953,14,2170.2,2939.7,2.8,8.2,1.67,0.3333,0.3333,0.3333,0.0,0.3333,,424.4,7.29,0.7018,17.58,0.2448,2.02,0.011,0.0811,0.955,-0.0098,0.0121,-0.6203,159,random
800,6562240,19975,22,2181.7,2642.4,3.1,8.3,1.89,0.75,0.5,1.0,0.0,0.75,,437.3,7.27,0.7003,16.87,0.2479,2.01,0.0122,0.0901,0.928,-0.0088,0.0226,-0.6611,159,random
801,6570432,19995,20,2193.2,2668.0,3.1,8.1,1.91,0.7778,0.6,1.0,0.0,0.7778,,423.1,7.0,0.6647,16.4,0.2376,1.94,0.0103,0.0807,0.9722,-0.0112,0.0082,-0.6215,160,random
802,6581632,20007,7,4.1,2077.2,3.9,7.6,2.95,0.8571,1.0,0.8333,0.0,0.8571,,74.1,2.29,0.4701,13.37,0.1813,1.6,0.0118,0.0789,0.95,-0.0059,0.0124,-0.4315,160,random
803,6589824,20027,20,15.9,1980.5,4.1,7.9,3.01,0.7222,0.3333,0.9167,0.0,0.7222,,199.0,5.25,0.6584,16.34,0.2357,1.93,0.0099,0.0782,0.9675,-0.0084,0.0109,-0.6055,160,random
804,6598016,20056,29,27.5,2339.6,3.5,7.8,2.33,0.4444,0.25,0.8333,0.0,0.4444,,279.1,6.03,0.6408,16.0,0.2311,1.9,0.0133,0.0872,0.9291,-0.0072,0.0225,-0.5747,160,random
805,6606208,20075,19,38.9,2385.9,3.4,7.8,2.28,0.6364,0.4286,1.0,0.0,0.6364,,285.1,5.74,0.6549,15.97,0.2363,1.92,0.0124,0.0917,0.9202,-0.008,0.0196,-0.6069,160,random
806,6614400,20097,22,50.4,2327.4,3.5,8.0,2.28,0.6364,0.3333,1.0,0.0,0.6364,,305.7,5.91,0.649,15.99,0.2341,1.91,0.015,0.0939,0.9092,-0.0095,0.0225,-0.6272,161,random
807,6622592,20122,25,62.0,2361.7,3.5,8.1,2.3,0.7143,0.5556,1.0,0.0,0.7143,,362.2,6.8,0.7288,17.61,0.2541,2.07,0.0131,0.0872,0.9502,-0.0106,0.013,-0.6377,161,random
808,6630784,20134,12,73.4,2632.5,3.1,8.0,1.94,0.75,0.5,1.0,0.0,0.75,,362.9,6.5,0.6326,17.15,0.2226,1.88,0.0105,0.0728,0.9596,-0.0111,0.0093,-0.5912,161,random
809,6638976,20154,20,84.7,2651.8,3.1,8.1,1.9,0.6,0.4,0.8,0.0,0.6,,429.0,8.0,0.6782,17.26,0.2381,1.97,0.0127,0.0871,0.8999,-0.0109,0.0209,-0.6209,161,random
810,6647168,20172,18,96.0,2620.6,3.1,8.1,1.93,0.6667,0.75,0.5,0.0,0.6667,,473.2,7.72,0.653,16.89,0.231,1.92,0.0131,0.0872,0.9149,-0.009,0.0194,-0.6029,161,random
811,6655360,20191,19,107.7,2392.0,3.4,8.0,2.23,0.7143,1.0,0.6,0.0,0.7143,,460.1,7.37,0.6665,16.19,0.2394,1.95,0.0149,0.0926,0.9381,-0.0117,0.0137,-0.6087,162,random
812,6663552,20215,24,119.4,2334.8,3.5,8.0,2.3,0.8,0.6,1.0,0.0,0.8,,437.7,7.71,0.6841,16.63,0.2434,1.98,0.0107,0.0863,0.9285,-0.0106,0.014,-0.6132,162,random
813,6671744,20235,20,130.9,2482.0,3.3,8.0,2.11,0.8,0.6667,0.8571,0.0,0.8,,385.5,7.1,0.6767,16.0,0.2441,1.97,0.0101,0.0789,0.9338,-0.009,0.0138,-0.6049,162,random
814,6679936,20250,15,142.0,2774.4,3.0,8.0,1.78,0.7143,0.3333,1.0,0.0,0.7143,,434.6,8.0,0.6462,16.48,0.2306,1.91,0.0124,0.0909,0.9455,-0.0097,0.0114,-0.5827,162,random
815,6688128,20273,23,153.5,2526.5,3.2,8.2,2.03,0.6667,0.3333,1.0,0.0,0.6667,,434.2,6.83,0.6689,16.0,0.2413,1.95,0.012,0.0952,0.9337,-0.0095,0.0163,-0.5997,162,random
816,6696320,20292,19,165.3,2313.0,3.5,8.1,2.32,0.75,0.5714,1.0,0.0,0.75,,332.3,6.53,0.6653,16.29,0.2385,1.95,0.0124,0.0939,0.9384,-0.0101,0.0132,-0.6148,163,random
817,6704512,20314,22,177.3,2228.5,3.7,8.1,2.35,0.8182,0.8,0.8333,0.0,0.8182,,409.2,7.5,0.6563,16.07,0.2364,1.93,0.0128,0.0873,0.9367,-0.0095,0.0123,-0.5991,163,random
818,6712704,20332,18,188.8,2530.4,3.2,8.0,2.03,0.8333,0.5,1.0,0.0,0.8333,,424.1,7.28,0.6556,16.01,0.2364,1.93,0.0102,0.086,0.9197,-0.0069,0.0171,-0.587,163,random
819,6720896,20352,20,200.4,2417.2,3.4,8.0,2.21,0.6667,0.6667,0.6667,0.0,0.6667,,421.9,7.4,0.6524,16.7,0.2317,1.92,0.0111,0.0817,0.9178,-0.0111,0.016,-0.5973,163,random
820,6729088,20378,26,212.4,2124.5,3.9,8.0,2.65,0.8462,0.8333,0.8571,0.0,0.8462,,375.9,7.12,0.6647,16.55,0.2369,1.94,0.0103,0.0796,0.9218,-0.0117,0.0163,-0.5854,163,random
821,6737280,20401,23,224.5,2054.9,4.0,8.0,2.77,0.6667,0.0,0.8889,0.0,0.6667,,375.7,7.0,0.5998,15.27,0.22,1.82,0.0125,0.0853,0.9377,-0.0107,0.0144,-0.5397,164,random
822,6745472,20428,27,236.5,2150.5,3.8,8.1,2.62,0.7368,0.5556,0.9,0.0,0.7368,,364.0,7.37,0.6034,16.17,0.2168,1.83,0.011,0.0829,0.911,-0.01,0.0223,-0.5572,164,random
823,6753664,20446,18,248.2,2324.2,3.5,8.0,2.34,0.6923,0.4,0.875,0.0,0.6923,,292.7,6.5,0.619,16.01,0.2232,1.86,0.0105,0.0897,0.919,-0.0086,0.0165,-0.5554,164,random
824,6761856,20470,24,259.8,2354.7,3.5,8.0,2.28,0.6667,0.5714,0.8,0.0,0.6667,,373.6,6.71,0.6108,16.06,0.22,1.84,0.0096,0.0737,0.8814,-0.0073,0.0204,-0.5674,164,random
825,6770048,20499,29,271.6,2211.7,3.7,7.8,2.51,0.6667,1.0,0.5,0.0,0.6667,,365.8,6.55,0.6248,16.37,0.2235,1.87,0.0132,0.0888,0.8449,-0.0096,0.0249,-0.5238,164,random
826,6778240,20515,16,283.1,2332.7,3.5,8.1,2.34,0.5556,0.5714,0.5,0.0,0.5556,,352.6,6.5,0.6104,15.97,0.2203,1.84,0.0134,0.093,0.8929,-0.0079,0.0157,-0.5755,165,random
827,6786432,20538,23,295.0,2241.7,3.7,8.0,2.49,0.7143,0.5556,1.0,0.0,0.7143,,323.7,6.78,0.6273,16.08,0.2259,1.87,0.0136,0.0977,0.8795,-0.0089,0.021,-0.5603,165,random
828,6794624,20562,24,306.9,2183.1,3.8,7.9,2.59,0.9091,0.75,1.0,0.0,0.9091,,388.4,7.21,0.5936,16.62,0.2112,1.81,0.0125,0.0847,0.9067,-0.0123,0.0161,-0.5465,165,random
829,6802816,20591,29,319.3,1899.8,4.3,8.0,3.06,0.75,0.3333,1.0,0.0,0.75,,369.1,7.0,0.6054,15.49,0.2209,1.83,0.0157,0.0901,0.8623,-0.0091,0.0264,-0.5804,165,random
830,6811008,20613,22,331.4,2122.6,3.9,7.9,2.69,0.8571,0.6667,1.0,0.0,0.8571,,340.9,7.14,0.6688,16.17,0.2403,1.95,0.0116,0.0872,0.9118,-0.0107,0.0143,-0.5993,165,random
831,6819200,20632,19,343.2,2176.2,3.8,7.9,2.54,0.5455,0.0,0.75,0.0,0.5455,,332.4,6.58,0.5592,16.25,0.2006,1.75,0.01,0.0774,0.8671,-0.0096,0.0218,-0.522,166,random
832,6827392,20654,22,354.8,2374.9,3.4,7.8,2.28,0.6875,0.6364,0.8,0.0,0.6875,,387.3,8.5,0.6114,16.13,0.2199,1.84,0.0097,0.0771,0.9205,-0.0104,0.0134,-0.5486,166,random
833,6835584,20679,25,366.2,2436.1,3.4,8.0,2.19,0.5833,0.2857,1.0,0.0,0.5833,,348.4,6.4,0.6186,15.96,0.2233,1.86,0.0121,0.0821,0.8857,-0.0081,0.0195,-0.5436,166,random
834,6843776,20697,18,377.5,2549.3,3.2,8.0,2.03,0.6667,0.5,0.8333,0.0,0.6667,,288.8,5.78,0.6091,16.03,0.2195,1.84,0.0122,0.0846,0.903,-0.009,0.0171,-0.5465,166,random
835,6851968,20721,24,388.7,2614.7,3.1,8.0,1.92,0.5833,0.5714,0.6,0.0,0.5833,,344.1,6.0,0.5976,16.07,0.2152,1.82,0.0142,0.0859,0.8592,-0.0097,0.0269,-0.5408,166,random
836,6860160,20744,23,399.9,2760.8,3.0,7.9,1.8,0.75,0.5,0.8333,0.0,0.75,,446.9,7.22,0.5624,15.79,0.2038,1.75,0.0111,0.0753,0.9014,-0.0092,0.0174,-0.5275,167,random
837,6868352,20762,18,411.3,2448.1,3.3,7.9,2.17,0.75,0.6,1.0,0.0,0.75,,403.0,6.89,0.5495,15.45,0.2007,1.73,0.0147,0.0822,0.8855,-0.0077,0.0174,-0.5189,167,random
838,6876544,20787,25,422.7,2441.6,3.4,8.0,2.15,0.8182,0.6,1.0,0.0,0.8182,,393.8,6.8,0.541,15.53,0.1973,1.72,0.0098,0.0812,0.8857,-0.0102,0.0165,-0.5056,167,random
839,6884736,20805,18,434.4,2330.3,3.5,8.0,2.34,0.4615,0.4286,0.5,0.0,0.4615,,320.8,6.72,0.6438,16.21,0.2311,1.9,0.0142,0.0926,0.8869,-0.0102,0.0171,-0.5654,167,random
840,6892928,20828,23,445.9,2440.8,3.4,8.0,2.2,0.5455,0.5714,0.5,0.0,0.5455,,393.7,7.09,0.6684,16.28,0.2396,1.95,0.0118,0.0821,0.8747,-0.0093,0.0205,-0.6173,167,random
841,6901120,20848,20,457.4,2418.2,3.4,8.1,2.24,0.6667,0.6667,0.6667,0.0,0.6667,,394.0,7.3,0.6283,16.34,0.2249,1.87,0.0115,0.0791,0.9059,-0.0119,0.0136,-0.5741,168,random
842,6909312,20868,20,469.1,2387.9,3.4,8.0,2.29,0.75,0.75,0.75,0.0,0.75,,381.2,6.95,0.6327,16.69,0.2248,1.88,0.0113,0.0828,0.9206,-0.0109,0.0137,-0.5583,168,random
843,6917504,20886,18,480.8,2267.6,3.6,8.1,2.43,0.75,0.6667,1.0,0.0,0.75,,468.0,8.06,0.6893,17.89,0.239,1.99,0.009,0.0753,0.8873,-0.0104,0.018,-0.6067,168,random
844,6925696,20906,20,493.0,2090.4,3.9,8.4,2.74,0.6667,0.5556,1.0,0.0,0.6667,,411.4,7.85,0.6833,16.81,0.2421,1.98,0.0107,0.0787,0.8754,-0.0097,0.0174,-0.6352,168,random
845,6933888,20930,24,505.3,2205.7,3.7,8.1,2.49,0.5294,0.4545,0.6667,0.0,0.5294,,338.8,7.33,0.705,17.11,0.2483,2.02,0.0121,0.0866,0.8437,-0.0104,0.0252,-0.6314,168,random
846,6942080,20949,19,517.2,2225.3,3.7,8.0,2.49,0.875,1.0,0.8571,0.0,0.875,,465.7,8.0,0.6742,16.44,0.2408,1.96,0.0117,0.0743,0.9133,-0.0103,0.0118,-0.5955,169,random
847,6950272,20965,16,529.2,2102.0,3.9,8.1,2.72,0.5556,0.4,0.75,0.0,0.5556,,480.6,8.69,0.638,16.66,0.2268,1.89,0.0095,0.0689,0.8841,-0.0109,0.0201,-0.603,169,random
848,6958464,20990,25,541.3,2131.0,3.8,8.0,2.66,0.6471,0.5833,0.8,0.0,0.6471,,404.0,8.36,0.6652,16.23,0.2387,1.94,0.0141,0.0759,0.8594,-0.0101,0.0228,-0.6059,169,random
849,6966656,21010,20,553.2,2175.3,3.8,7.9,2.59,0.6364,0.4,0.8333,0.0,0.6364,,374.4,6.65,0.6756,16.66,0.2402,1.97,0.0116,0.0817,0.8639,-0.0089,0.0185,-0.5945,169,random
850,6974848,21031,21,564.9,2275.6,3.6,8.0,2.41,0.5385,0.2,0.75,0.0,0.5385,,363.5,7.24,0.6937,16.25,0.2488,2.0,0.0127,0.0869,0.9316,-0.0118,0.0116,-0.6054,169,random
851,6983040,21048,17,576.4,2386.2,3.4,8.0,2.25,0.4545,0.25,0.5714,0.0909,0.4545,,425.0,8.59,0.6341,16.56,0.2259,1.89,0.0139,0.0793,0.8405,-0.0091,0.0194,-0.581,170,random
852,6991232,21068,20,587.7,2577.9,3.2,8.0,2.01,0.7,0.5714,1.0,0.0,0.7,,415.5,7.5,0.6924,16.5,0.247,2.0,0.0113,0.0865,0.9143,-0.0084,0.0131,-0.6452,170,random
853,6999424,21089,21,599.1,2593.9,3.2,8.0,1.95,0.6364,0.5,0.8,0.0,0.6364,,389.0,7.0,0.6662,16.54,0.2374,1.95,0.0115,0.0798,0.9183,-0.0096,0.0133,-0.6384,170,random
854,7007616,21116,27,610.6,2469.5,3.3,8.1,2.15,0.625,0.3333,0.8,0.0,0.625,,406.9,6.3,0.7344,16.65,0.2611,2.08,0.0095,0.0786,0.8757,-0.0102,0.0212,-0.6598,170,random
855,7015808,21132,16,622.1,2509.4,3.3,8.0,2.05,0.8182,0.7143,1.0,0.0,0.8182,,317.4,6.25,0.7237,15.94,0.2614,2.06,0.011,0.084,0.9469,-0.0123,0.0086,-0.6437,170,random
856,7024000,21154,22,633.8,2333.7,3.5,8.0,2.32,0.9,0.5,1.0,0.1,0.9,,388.5,7.18,0.7406,16.53,0.264,2.1,0.0112,0.0827,0.9396,-0.0113,0.0123,-0.6936,171,random
857,7032192,21177,23,645.6,2226.4,3.7,8.0,2.45,0.5833,0.3333,0.8333,0.0,0.5833,,439.4,7.91,0.743,16.69,0.264,2.1,0.0109,0.0898,0.8909,-0.0091,0.0195,-0.6665,171,random
858,7040384,21200,23,657.5,2178.1,3.8,8.1,2.56,0.6364,0.25,0.8571,0.0,0.6364,,386.3,7.0,0.7121,15.46,0.2601,2.04,0.011,0.0866,0.9328,-0.0108,0.0149,-0.6528,171,random
859,7048576,21224,24,669.5,2209.2,3.7,8.4,2.54,0.6667,0.5,0.7778,0.0,0.6667,,340.5,6.83,0.7062,16.18,0.2537,2.03,0.0113,0.0823,0.9181,-0.0111,0.0155,-0.6542,171,random
860,7056768,21240,16,681.5,2382.2,3.4,8.1,2.32,0.7273,0.8,0.6667,0.0909,0.7273,,350.9,7.44,0.7385,15.98,0.2665,2.09,0.0116,0.0801,0.8957,-0.01,0.0183,-0.6423,171,random
861,7064960,21257,17,692.8,2650.2,3.1,8.1,1.91,0.2857,0.1667,1.0,0.0,0.2857,,429.9,7.53,0.7687,17.15,0.2705,2.16,0.0107,0.0945,0.9121,-0.0092,0.0171,-0.6864,172,random
862,7073152,21279,22,704.3,2529.5,3.2,7.9,2.07,0.5,0.0,0.8333,0.0,0.5,,429.6,7.68,0.7408,16.65,0.2634,2.1,0.0143,0.0918,0.9042,-0.0105,0.018,-0.6782,172,random
863,7081344,21297,18,715.8,2382.5,3.4,8.0,2.26,0.8333,0.5,1.0,0.0,0.8333,,424.2,7.0,0.7155,16.09,0.2575,2.05,0.011,0.083,0.9269,-0.0095,0.0137,-0.6682,172,random
864,7089536,21323,26,727.4,2419.1,3.4,8.0,2.23,0.7143,0.625,0.8333,0.0,0.7143,,381.4,7.15,0.7206,16.63,0.2564,2.06,0.0106,0.076,0.9213,-0.0118,0.0149,-0.6592,172,random
865,7097728,21343,20,739.0,2374.7,3.4,8.2,2.27,0.5,0.4,0.5714,0.0833,0.5,,394.6,7.55,0.7331,15.79,0.2657,2.08,0.0091,0.0728,0.9304,-0.0109,0.0156,-0.6891,172,random
866,7105920,21365,22,751.1,2195.4,3.7,7.9,2.45,1.0,1.0,1.0,0.0,1.0,,419.2,6.95,0.7419,16.19,0.2664,2.1,0.012,0.0888,0.9415,-0.0105,0.014,-0.6681,173,random
867,7114112,21385,20,762.4,2489.3,3.3,8.1,2.11,0.75,0.75,0.75,0.0,0.75,,336.6,6.6,0.7448,16.6,0.2651,2.11,0.0116,0.09,0.9436,-0.0114,0.0129,-0.6838,173,random
868,7122304,21411,26,774.2,2272.6,3.6,8.1,2.4,0.6667,0.625,0.75,0.0,0.6667,,351.0,6.12,0.7495,17.7,0.2608,2.12,0.0114,0.0911,0.8875,-0.0116,0.0216,-0.6768,173,random
869,7130496,21430,19,786.2,2178.8,3.8,8.1,2.6,0.2857,0.0,0.6667,0.0,0.2857,,469.7,7.68,0.7045,16.13,0.2534,2.02,0.0148,0.1032,0.9074,-0.0106,0.018,-0.6421,173,random
870,7138688,21458,28,798.1,2216.0,3.7,8.0,2.53,0.5294,0.2,1.0,0.0,0.5294,,324.0,6.39,0.7193,15.99,0.2595,2.05,0.0093,0.0854,0.9295,-0.0104,0.0163,-0.6331,173,random
871,7146880,21482,24,809.9,2280.1,3.6,8.0,2.41,0.625,0.4444,0.8571,0.0,0.625,,349.2,7.42,0.7363,16.89,0.2605,2.09,0.0086,0.0738,0.9411,-0.0116,0.0141,-0.6429,174,random
872,7155072,21500,18,821.4,2442.7,3.4,8.0,2.16,0.375,0.4,0.3333,0.0,0.375,,367.8,6.56,0.6946,16.37,0.2485,2.0,0.0116,0.0859,0.936,-0.0099,0.0148,-0.6332,174,random
873,7163264,21521,21,833.0,2333.6,3.5,8.0,2.32,0.6667,0.5,0.8,0.0,0.6667,,385.4,6.95,0.7831,16.83,0.2774,2.19,0.0119,0.1,0.939,-0.0102,0.0163,-0.6918,174,random
874,7171456,21546,25,844.8,2236.2,3.7,8.0,2.42,0.6667,0.4,0.8571,0.0,0.6667,,397.9,6.96,0.6601,16.26,0.2367,1.93,0.0124,0.0855,0.9123,-0.0088,0.0209,-0.6075,174,random
875,7179648,21565,19,856.4,2381.3,3.4,8.0,2.25,0.5,0.5,0.5,0.0,0.5,,348.8,6.63,0.6757,16.8,0.2395,1.97,0.0125,0.0933,0.929,-0.0109,0.0148,-0.619,174,random
876,7187840,21583,18,867.7,2610.4,3.1,7.9,1.98,0.4375,0.3333,0.75,0.0,0.4375,,312.2,7.33,0.6709,16.37,0.24,1.96,0.0108,0.0817,0.8979,-0.0096,0.02,-0.6451,175,random
877,7196032,21595,12,878.9,2669.3,3.1,8.0,1.93,1.0,1.0,1.0,0.0,1.0,,504.0,7.92,0.7877,17.32,0.2762,2.2,0.0137,0.088,0.9368,-0.0113,0.0127,-0.6916,175,random
878,7204224,21624,29,890.7,2243.7,3.7,8.2,2.43,0.4545,0.2,0.6667,0.0,0.4545,,401.5,6.9,0.7602,16.83,0.2693,2.14,0.012,0.0838,0.8577,-0.0087,0.0281,-0.6647,175,random
879,7212416,21636,12,902.7,2324.0,3.5,8.0,2.38,0.7143,0.6667,0.75,0.0,0.7143,,435.3,8.0,0.8,17.79,0.278,2.23,0.014,0.0945,0.9275,-0.0085,0.0157,-0.7299,175,random
880,7220608,21665,29,914.4,2269.8,3.6,8.1,2.41,0.7143,0.6667,0.8,0.0,0.7143,,435.0,7.55,0.7677,16.32,0.2749,2.15,0.0159,0.1001,0.8765,-0.0097,0.0238,-0.7014,175,random
881,7228800,21682,17,926.1,2371.4,3.5,8.1,2.27,0.6667,0.4,0.8571,0.0,0.6667,,373.6,7.82,0.7819,16.58,0.2785,2.19,0.0104,0.0813,0.9308,-0.0119,0.0136,-0.7213,176,random
882,7236992,21706,24,937.9,2304.4,3.6,8.0,2.34,0.8182,0.6,1.0,0.0,0.8182,,385.4,7.04,0.7675,16.6,0.2732,2.15,0.0124,0.0813,0.9191,-0.0098,0.0159,-0.6994,176,random
883,7245184,21726,20,949.6,2372.0,3.5,7.9,2.27,0.8,0.0,0.8889,0.0,0.8,,377.4,6.7,0.7954,17.4,0.2785,2.22,0.0111,0.084,0.9179,-0.011,0.017,-0.7279,176,random
884,7253376,21746,20,961.1,2403.7,3.4,8.0,2.25,0.5556,0.5,0.6667,0.0,0.5556,,434.1,7.7,0.7877,17.44,0.2755,2.2,0.0107,0.0771,0.9021,-0.0096,0.0218,-0.7055,176,random
885,7261568,21772,26,972.7,2406.9,3.4,8.1,2.21,0.6429,0.4286,0.8571,0.0,0.6429,,346.0,6.77,0.7483,16.06,0.2695,2.11,0.0102,0.0853,0.9432,-0.0117,0.0136,-0.7154,176,random
886,7269760,21796,24,984.5,2236.4,3.7,8.0,2.41,0.7,0.6667,0.7143,0.0,0.7,,429.1,7.38,0.7192,16.04,0.2592,2.05,0.0148,0.0903,0.8957,-0.0097,0.0202,-0.6645,177,random
887,7277952,21811,15,996.1,2430.3,3.4,8.0,2.24,0.5556,0.2,1.0,0.0,0.5556,,319.1,6.53,0.7611,16.53,0.2713,2.14,0.011,0.088,0.9573,-0.0102,0.0087,-0.6971,177,random
888,7286144,21830,19,1007.6,2444.1,3.4,8.1,2.16,0.6,0.5714,0.6667,0.0,0.6,,370.2,7.0,0.812,17.36,0.2845,2.25,0.0118,0.0822,0.9203,-0.0095,0.0171,-0.7333,177,random
889,7294336,21848,18,1019.0,2562.9,3.2,8.0,2.03,0.7778,0.75,1.0,0.0,0.7778,,472.3,8.33,0.7085,16.44,0.2531,2.03,0.0104,0.0833,0.9156,-0.0113,0.0166,-0.6417,177,random
890,7302528,21866,18,1030.6,2372.1,3.5,8.1,2.28,0.75,0.0,0.8571,0.0,0.75,,398.5,7.17,0.7453,16.69,0.2648,2.11,0.0117,0.0817,0.9315,-0.0098,0.0151,-0.6872,177,random
891,7310720,21891,25,1042.4,2356.4,3.5,8.0,2.31,0.4444,0.2857,1.0,0.0,0.4444,,442.6,7.28,0.7003,17.15,0.2464,2.01,0.0126,0.0905,0.9366,-0.011,0.0151,-0.63,178,random
892,7318912,21914,23,1054.0,2380.7,3.4,8.0,2.29,0.5,0.25,0.625,0.0,0.5,,377.5,6.91,0.7125,17.79,0.2475,2.04,0.011,0.0862,0.9363,-0.01,0.0138,-0.6381,178,random
893,7327104,21934,20,1065.8,2271.4,3.6,8.0,2.44,0.8571,0.75,0.9,0.0,0.8571,,335.1,6.95,0.6785,16.81,0.2404,1.97,0.0116,0.0818,0.9349,-0.0073,0.0134,-0.6096,178,random
894,7335296,21952,18,1077.3,2421.3,3.4,8.0,2.19,0.4444,0.3333,0.6667,0.0,0.4444,,379.5,6.61,0.7,17.64,0.2439,2.01,0.0121,0.0861,0.9411,-0.0111,0.0114,-0.6496,178,random
895,7343488,21975,23,1089.2,2264.6,3.6,8.2,2.43,0.7,0.6667,0.75,0.0,0.7,,411.3,7.04,0.6937,16.73,0.2462,2.0,0.0113,0.0813,0.8822,-0.01,0.023,-0.6342,178,random
896,7351680,21991,16,1101.3,2218.5,3.7,8.0,2.5,0.6364,0.4286,1.0,0.0,0.6364,,373.9,7.56,0.7292,17.16,0.2565,2.07,0.0095,0.0794,0.9523,-0.0103,0.0107,-0.6501,179,random
897,7359872,22016,25,1112.9,2394.2,3.4,8.0,2.26,0.5556,0.4,0.75,0.0,0.5556,,444.1,7.16,0.7074,17.31,0.2481,2.03,0.0109,0.0773,0.945,-0.011,0.0124,-0.6471,179,random
898,7368064,22038,22,1124.3,2468.2,3.3,8.0,2.12,0.7143,0.5714,0.8571,0.0,0.7143,,337.0,6.91,0.6688,15.92,0.2417,1.95,0.0118,0.0804,0.9115,-0.0084,0.0203,-0.6089,179,random
899,7376256,22066,28,1136.0,2294.2,3.6,8.0,2.36,0.7692,0.4,1.0,0.0,0.7692,,388.4,6.61,0.6642,16.95,0.2347,1.94,0.0102,0.0775,0.9158,-0.0089,0.0179,-0.6059,179,random
900,7384448,22089,23,1147.8,2275.1,3.6,8.0,2.45,0.7143,0.4286,1.0,0.0,0.7143,,307.0,6.09,0.6526,16.32,0.2337,1.92,0.0121,0.0872,0.921,-0.0083,0.0152,-0.6079,179,random
901,7392640,22100,11,1159.6,2219.0,3.7,8.1,2.45,0.6667,0.0,0.8,0.0,0.6667,,390.6,7.0,0.7294,17.7,0.2538,2.07,0.0101,0.0854,0.9433,-0.0106,0.0115,-0.6505,180,random
902,7400832,22121,21,1171.3,2413.3,3.4,8.2,2.2,1.0,1.0,1.0,0.0,1.0,,490.4,8.62,0.7122,17.81,0.2473,2.04,0.0115,0.0838,0.9168,-0.0092,0.016,-0.654,180,random
903,7409024,22146,25,1183.1,2400.0,3.4,8.1,2.24,0.8,0.7,1.0,0.0,0.8,,381.9,7.32,0.6863,16.35,0.2456,1.99,0.0118,0.0858,0.9347,-0.0114,0.0138,-0.6501,180,random
904,7417216,22162,16,1194.6,2492.2,3.3,8.0,2.14,0.375,0.0,0.6,0.0,0.375,,361.8,6.31,0.7657,18.04,0.2647,2.15,0.0115,0.0896,0.9089,-0.0092,0.0178,-0.6853,180,random
905,7425408,22186,24,1205.8,2640.6,3.1,8.4,1.93,0.8,0.75,1.0,0.0,0.8,,434.8,7.54,0.7072,16.38,0.2529,2.03,0.009,0.0702,0.8998,-0.0101,0.0177,-0.672,180,random
906,7433600,22204,18,1217.4,2693.1,3.0,8.1,1.88,0.625,0.5,1.0,0.125,0.625,,413.4,7.39,0.7364,16.92,0.2604,2.09,0.0098,0.0771,0.9462,-0.0115,0.0096,-0.6906,181,random
907,7441792,22220,16,1228.6,2752.6,3.0,8.2,1.84,1.0,,1.0,0.0,1.0,,424.5,7.06,0.7554,18.1,0.2609,2.13,0.0109,0.0739,0.9436,-0.0117,0.0108,-0.6735,181,random
908,7449984,22237,17,1240.0,2585.1,3.2,8.2,1.97,0.625,0.5,1.0,0.0,0.625,,416.0,7.47,0.655,16.15,0.2354,1.93,0.0103,0.0876,0.9414,-0.0092,0.0139,-0.6068,181,random
909,7458176,22261,24,1251.6,2547.3,3.2,8.3,2.03,0.5,0.4,1.0,0.1667,0.5,,438.9,6.88,0.6828,17.35,0.2393,1.98,0.0105,0.0783,0.9359,-0.0101,0.015,-0.6252,181,random
910,7466368,22291,30,1263.8,2178.7,3.8,8.3,2.55,0.7143,0.4,0.8889,0.0,0.7143,,388.8,6.87,0.6711,16.74,0.2381,1.96,0.0117,0.0787,0.9223,-0.0104,0.0172,-0.6297,181,random
911,7474560,22314,23,1276.0,2222.9,3.7,8.2,2.47,0.75,0.5,1.0,0.0,0.75,,375.2,6.96,0.6484,15.91,0.2343,1.91,0.0124,0.0767,0.9055,-0.0094,0.0199,-0.5983,182,random
912,7482752,22332,18,1288.3,2078.5,3.9,8.2,2.74,0.4545,0.1429,1.0,0.0,0.4545,,326.3,6.44,0.6882,16.28,0.2467,1.99,0.013,0.0822,0.9517,-0.0099,0.0106,-0.6302,182,random
913,7490944,22351,19,1300.5,2161.9,3.8,8.1,2.64,0.7273,0.6,0.8333,0.0,0.7273,,327.6,6.79,0.6726,16.9,0.2379,1.96,0.0115,0.0899,0.9305,-0.0087,0.0153,-0.6205,182,random
914,7499136,22376,25,1312.4,2234.6,3.7,7.9,2.41,0.7333,0.5,0.8182,0.0,0.7333,,345.6,7.2,0.6826,17.15,0.2402,1.98,0.0187,0.0957,0.9438,-0.0086,0.0143,-0.6204,182,random
915,7507328,22400,24,1324.0,2393.4,3.4,8.0,2.23,0.6,0.4,0.7,0.0,0.6,,411.8,7.79,0.6524,16.1,0.2348,1.92,0.0123,0.0788,0.9409,-0.0102,0.0145,-0.6063,182,random
916,7515520,22416,16,1335.3,2619.7,3.1,8.3,1.99,0.75,0.3333,1.0,0.0,0.75,,410.8,7.12,0.6796,17.42,0.2378,1.97,0.0125,0.0834,0.9463,-0.0112,0.0116,-0.6213,183,random
917,7523712,22431,15,1346.9,2544.6,3.2,8.2,2.08,0.7778,0.6667,1.0,0.0,0.7778,,321.1,6.2,0.7148,18.24,0.2461,2.04,0.0097,0.0784,0.9517,-0.0099,0.0132,-0.6454,183,random
918,7531904,22454,23,1358.5,2578.3,3.2,8.1,2.02,0.7778,0.6667,1.0,0.0,0.7778,,458.1,7.87,0.6903,17.28,0.2422,1.99,0.0115,0.081,0.9394,-0.0089,0.0165,-0.6366,183,random
919,7540096,22476,22,1370.4,2233.1,3.7,8.1,2.36,0.8889,0.6667,1.0,0.0,0.8889,,409.3,6.68,0.6466,16.81,0.2291,1.91,0.0138,0.0858,0.9441,-0.0112,0.0152,-0.6,183,random
920,7548288,22507,31,1382.1,2403.7,3.4,8.0,2.14,0.6923,0.5,1.0,0.0,0.6923,,409.4,7.06,0.6248,16.67,0.2221,1.87,0.0108,0.0751,0.9479,-0.0081,0.015,-0.5664,183,random
921,7556480,22527,20,1393.6,2404.7,3.4,8.0,2.25,0.4545,0.4,1.0,0.0,0.4545,,299.6,5.45,0.5772,15.84,0.2089,1.78,0.0093,0.0715,0.9488,-0.008,0.0136,-0.5396,184,random
922,7564672,22544,17,1404.9,2624.0,3.1,8.2,1.97,0.8,0.6667,1.0,0.0,0.8,,330.9,6.24,0.6319,16.72,0.2244,1.88,0.0075,0.0603,0.9453,-0.0092,0.0149,-0.5766,184,random
923,7572864,22556,12,1416.4,2706.3,3.0,8.3,1.88,0.8,0.75,1.0,0.0,0.8,,353.8,6.5,0.6787,17.26,0.2383,1.97,0.0101,0.0783,0.9446,-0.01,0.014,-0.6246,184,random
924,7581056,22580,24,1428.1,2516.5,3.3,8.6,2.07,0.8889,1.0,0.8,0.0,0.8889,,471.8,7.96,0.7021,17.42,0.2457,2.02,0.0115,0.0781,0.9262,-0.0091,0.0183,-0.6587,184,random
925,7589248,22606,26,1440.6,2178.1,3.8,7.9,2.47,0.6,0.0,1.0,0.0,0.6,,415.0,7.38,0.6855,17.49,0.2396,1.98,0.0111,0.0817,0.8762,-0.0093,0.031,-0.6087,184,random
926,7597440,22626,20,1452.4,2229.3,3.7,8.1,2.52,0.4,0.0,0.8,0.0,0.4,,427.4,7.5,0.6433,15.98,0.2321,1.9,0.0155,0.0764,0.9554,-0.0101,0.0107,-0.6145,185,random
927,7605632,22653,27,1464.4,2162.1,3.8,8.3,2.59,0.7222,0.4286,0.9091,0.0,0.7222,,304.3,6.26,0.7545,17.52,0.2635,2.13,0.0118,0.0901,0.9584,-0.0105,0.0124,-0.6909,185,random
928,7613824,22682,29,1476.7,2117.1,3.9,8.1,2.6,0.6667,0.4444,1.0,0.0,0.6667,,362.9,7.03,0.6731,16.52,0.24,1.96,0.0115,0.0814,0.9585,-0.0097,0.0135,-0.6142,185,random
929,7622016,22703,21,1488.5,2342.3,3.5,8.2,2.28,0.8125,0.25,1.0,0.0,0.8125,,252.1,5.86,0.6964,16.63,0.2477,2.01,0.0129,0.0863,0.9616,-0.0109,0.0117,-0.6292,185,random
930,7630208,22730,27,1500.2,2396.8,3.4,8.3,2.24,0.5,0.2857,0.8,0.0,0.5,,392.0,7.15,0.6021,16.28,0.2158,1.83,0.0114,0.0744,0.9187,-0.0091,0.0208,-0.5537,185,random
931,7638400,22751,21,1512.3,2286.3,3.6,8.2,2.37,0.5455,0.4286,0.75,0.0,0.5455,,314.3,5.95,0.6496,16.65,0.231,1.91,0.0116,0.0769,0.9412,-0.0088,0.0144,-0.5997,186,random
932,7646592,22774,23,1524.1,2362.1,3.5,8.7,2.22,0.5714,0.4,1.0,0.0,0.5714,,323.7,6.83,0.6941,17.28,0.2436,2.0,0.0112,0.0799,0.9166,-0.0085,0.0211,-0.6607,186,random
933,7654784,22791,17,1536.4,2393.0,3.4,8.2,2.2,0.8571,0.6667,1.0,0.0,0.8571,,396.7,7.0,0.7006,16.49,0.25,2.01,0.0115,0.0827,0.9518,-0.0108,0.0142,-0.65,186,random
934,7662976,22814,23,1548.3,2327.7,3.5,8.3,2.32,0.8,0.6,1.0,0.1,0.8,,407.3,6.87,0.7464,17.35,0.2616,2.11,0.0112,0.0787,0.9469,-0.0101,0.0155,-0.6775,186,random
935,7671168,22837,23,1560.0,2520.6,3.3,8.6,2.08,0.5455,0.5,0.6,0.0,0.5455,,389.7,7.57,0.6372,15.87,0.2305,1.89,0.0136,0.0905,0.9367,-0.0108,0.0143,-0.6213,186,random
936,7679360,22861,24,1571.8,2601.7,3.1,8.6,2.03,0.6667,0.3333,0.7778,0.0,0.6667,,336.3,6.29,0.6659,15.64,0.2421,1.95,0.0101,0.0758,0.9499,-0.01,0.0137,-0.613,187,random
937,7687552,22879,18,1583.8,2548.3,3.2,8.0,2.0,0.625,0.25,1.0,0.0,0.625,,358.1,6.56,0.7066,16.48,0.2522,2.03,0.0136,0.0905,0.9389,-0.0104,0.0168,-0.6562,187,random
938,7695744,22903,24,1595.3,2465.7,3.3,8.1,2.16,1.0,1.0,1.0,0.0,1.0,,407.5,6.79,0.696,16.15,0.2502,2.01,0.0119,0.0838,0.9458,-0.0097,0.0134,-0.621,187,random
939,7703936,22917,14,1607.1,2356.6,3.5,7.9,2.25,0.5714,0.5,0.6,0.0,0.5714,,422.4,7.79,0.7474,16.63,0.2659,2.11,0.0106,0.0812,0.9297,-0.0092,0.0137,-0.6522,187,random
940,7712128,22937,20,1618.3,2606.0,3.1,8.0,1.95,0.5385,0.5714,0.5,0.0,0.5385,,332.0,7.35,0.7372,17.55,0.2573,2.09,0.0145,0.0955,0.8781,-0.0089,0.0243,-0.6412,187,random
941,7720320,22953,16,1629.9,2431.5,3.4,8.1,2.14,0.0,0.0,,0.0,0.0,,476.9,7.62,0.6974,17.01,0.2461,2.01,0.0112,0.0826,0.9365,-0.0126,0.0121,-0.6217,188,random
942,7728512,22971,18,1641.6,2415.1,3.4,8.3,2.24,0.6,0.6667,0.5,0.0,0.6,,497.5,7.83,0.6821,16.56,0.243,1.98,0.0125,0.0737,0.9122,-0.011,0.0189,-0.6427,188,random
943,7736704,23001,30,1653.8,2216.2,3.7,8.1,2.43,0.4615,0.375,0.6,0.0,0.4615,,414.3,7.5,0.6812,16.39,0.2436,1.98,0.0106,0.0881,0.9473,-0.0105,0.0134,-0.6213,188,random
944,7744896,23029,28,1665.5,2384.6,3.4,8.0,2.25,0.8125,0.7778,0.8571,0.0,0.8125,,351.5,6.89,0.6821,16.68,0.2424,1.98,0.0123,0.0864,0.9563,-0.0122,0.0132,-0.6327,188,random
945,7753088,23046,17,1677.0,2392.6,3.4,8.1,2.23,0.7143,0.5,1.0,0.0,0.7143,,313.2,5.53,0.688,16.72,0.2443,1.99,0.0097,0.0738,0.91,-0.0096,0.0202,-0.6156,188,random
946,7761280,23070,24,1688.7,2363.0,3.5,8.4,2.3,0.8571,0.6667,1.0,0.0,0.8571,,393.7,7.79,0.6674,16.41,0.2385,1.95,0.0097,0.0764,0.9445,-0.0092,0.0114,-0.6109,189,random
947,7769472,23092,22,1700.7,2373.1,3.5,8.4,2.25,0.4286,0.0,0.75,0.0,0.4286,,381.7,6.68,0.6197,15.54,0.2259,1.86,0.0136,0.0865,0.9184,-0.0092,0.0209,-0.5816,189,random
948,7777664,23110,18,1712.8,2312.7,3.5,8.4,2.37,0.6,0.4,0.8,0.0,0.6,,343.0,7.0,0.6966,17.39,0.2439,2.01,0.0105,0.0839,0.9421,-0.0109,0.0129,-0.6318,189,random
949,7785856,23135,25,1724.9,2314.4,3.5,8.3,2.33,0.8182,0.6667,1.0,0.0,0.8182,,381.3,7.2,0.7339,17.12,0.2584,2.08,0.0114,0.0766,0.9134,-0.0106,0.0211,-0.6631,189,random
950,7794048,23162,27,1737.2,2191.4,3.7,8.4,2.53,0.8571,0.3333,1.0,0.0,0.8571,,334.2,6.44,0.6842,16.92,0.2419,1.98,0.009,0.0785,0.9413,-0.011,0.0137,-0.6442,189,random
951,7802240,23184,22,1749.2,2347.0,3.5,8.4,2.26,0.75,0.4,1.0,0.0833,0.75,,341.2,6.55,0.7112,16.94,0.2514,2.04,0.0117,0.0862,0.9555,-0.0122,0.0101,-0.6365,190,random
952,7810432,23206,22,1761.2,2367.5,3.5,8.4,2.28,0.8333,0.8333,0.8333,0.0,0.8333,,354.6,6.91,0.6838,16.62,0.2433,1.98,0.0113,0.0812,0.9279,-0.0096,0.0155,-0.6262,190,random
953,7818624,23228,22,1773.0,2483.2,3.3,8.5,2.13,0.6,0.25,0.8333,0.0,0.6,,361.9,6.77,0.7295,16.66,0.2593,2.07,0.0123,0.0725,0.9286,-0.0097,0.0172,-0.6465,190,random
954,7826816,23253,25,1785.4,2247.3,3.6,8.5,2.46,0.6,0.2,0.8,0.0,0.6,,276.5,5.36,0.7221,16.77,0.2561,2.06,0.0126,0.0844,0.9553,-0.0131,0.0111,-0.6695,190,random
955,7835008,23276,23,1797.4,2447.5,3.3,8.5,2.16,0.625,0.3333,0.8,0.0,0.625,,312.7,6.26,0.7162,16.89,0.2534,2.05,0.0124,0.0967,0.9323,-0.0108,0.0155,-0.6825,190,random
956,7843200,23293,17,1809.4,2455.7,3.3,8.4,2.13,0.5,0.25,1.0,0.0,0.5,,474.4,7.53,0.7173,17.08,0.2527,2.05,0.0116,0.0818,0.9332,-0.0108,0.0144,-0.6625,191,random
957,7851392,23319,26,1821.6,2265.4,3.6,8.4,2.43,0.8571,0.7143,1.0,0.0,0.8571,,406.3,7.38,0.7642,17.47,0.2671,2.15,0.0123,0.0841,0.9224,-0.0113,0.0199,-0.6798,191,random
958,7859584,23353,34,1833.5,2483.4,3.3,8.5,2.14,0.9412,0.8571,1.0,0.0,0.9412,,324.7,5.97,0.7264,16.79,0.2575,2.07,0.013,0.0839,0.9466,-0.0096,0.0161,-0.6499,191,random
959,7867776,23378,25,1845.8,2243.2,3.7,8.5,2.46,0.7143,0.5,1.0,0.0,0.7143,,253.0,5.0,0.73,17.49,0.2551,2.08,0.0128,0.0843,0.9366,-0.0095,0.0156,-0.6389,191,random
960,7875968,23397,19,1858.2,2249.1,3.6,8.5,2.49,0.9,1.0,0.75,0.0,0.9,,370.8,6.32,0.7275,16.88,0.2574,2.07,0.0131,0.09,0.9249,-0.0098,0.0155,-0.6583,191,random
961,7884160,23419,22,1870.4,2326.6,3.5,8.4,2.37,0.6364,0.5714,0.75,0.0,0.6364,,351.3,6.95,0.7184,16.86,0.2543,2.05,0.0131,0.0917,0.9344,-0.0097,0.0158,-0.6604,192,random
962,7892352,23444,25,1882.8,2156.3,3.8,8.5,2.6,0.6429,0.3333,0.7273,0.0,0.6429,,340.8,6.6,0.8097,18.71,0.2764,2.25,0.0122,0.0939,0.9519,-0.0111,0.0124,-0.7222,192,random
963,7900544,23466,22,1895.1,2280.5,3.6,8.5,2.4,0.5833,0.4444,1.0,0.0,0.5833,,371.9,6.68,0.7378,18.38,0.2534,2.09,0.0113,0.0872,0.9271,-0.0109,0.0206,-0.685,192,random
964,7908736,23486,20,1907.5,2199.0,3.7,8.6,2.53,0.75,0.6,1.0,0.0,0.75,,478.5,8.25,0.7241,17.02,0.2555,2.06,0.0111,0.0827,0.9421,-0.0109,0.013,-0.6483,192,random
965,7916928,23509,23,1920.0,2204.0,3.7,8.6,2.55,0.8571,0.7143,1.0,0.0,0.8571,,332.7,6.65,0.746,17.9,0.2586,2.11,0.0114,0.0881,0.9508,-0.01,0.0141,-0.6677,192,random
966,7925120,23533,24,1932.5,2194.0,3.7,8.5,2.52,0.8125,0.5,0.9167,0.0,0.8125,,281.5,6.17,0.7388,17.43,0.2585,2.09,0.0099,0.0804,0.951,-0.0118,0.0136,-0.6744,193,random
967,7933312,23560,27,1944.7,2298.5,3.6,8.5,2.4,0.6429,0.5556,0.8,0.0,0.6429,,329.9,6.3,0.715,17.78,0.2484,2.04,0.0134,0.0796,0.9299,-0.0047,0.0172,-0.6525,193,random
968,7941504,23578,18,1956.8,2394.3,3.4,8.5,2.24,0.8571,0.75,1.0,0.0,0.8571,,403.4,6.5,0.7894,18.45,0.2708,2.2,0.0129,0.0927,0.967,-0.0109,0.011,-0.6917,193,random
969,7949696,23604,26,1969.1,2254.7,3.6,8.7,2.43,0.5714,0.4444,0.8,0.0,0.5714,,371.9,6.85,0.7877,18.37,0.2707,2.2,0.0143,0.0988,0.9509,-0.0091,0.0156,-0.716,193,random
970,7957888,23624,20,1981.7,2221.2,3.7,8.2,2.45,0.7,0.5714,1.0,0.0,0.7,,401.4,7.35,0.7329,17.52,0.256,2.08,0.0147,0.0958,0.9269,-0.01,0.0199,-0.6527,193,random
971,7966080,23635,11,1993.4,2443.9,3.4,8.2,2.19,0.8333,0.75,1.0,0.0,0.8333,,349.6,6.73,0.731,17.0,0.258,2.08,0.0118,0.0937,0.9524,-0.0097,0.0129,-0.6866,194,random
972,7974272,23660,25,2004.8,2690.2,3.0,8.3,1.87,0.5,0.3333,0.6667,0.0,0.5,,422.5,7.8,0.8006,17.99,0.277,2.23,0.0121,0.0805,0.9225,-0.0104,0.021,-0.7207,194,random
973,7982464,23676,16,2016.4,2587.5,3.2,8.6,1.95,0.6,0.5,0.6667,0.0,0.6,,454.6,7.5,0.741,17.34,0.2597,2.1,0.013,0.0867,0.9566,-0.0113,0.0111,-0.689,194,random
974,7990656,23695,19,2028.3,2577.1,3.2,8.6,2.02,0.8182,0.8,0.8333,0.0,0.8182,,360.1,6.79,0.8069,18.34,0.2774,2.24,0.0122,0.094,0.9422,-0.0098,0.0155,-0.7194,194,random
975,7998848,23720,25,2040.4,2461.4,3.3,8.6,2.13,0.6,0.4286,1.0,0.1,0.6,,418.2,6.8,0.7737,18.52,0.2651,2.17,0.0133,0.0896,0.9396,-0.0096,0.0164,-0.6958,194,random
976,8007040,23740,20,2052.7,2291.8,3.6,8.4,2.39,0.5714,0.4,1.0,0.0,0.5714,,482.1,7.65,0.7309,18.46,0.2507,2.08,0.0118,0.0867,0.9265,-0.0103,0.02,-0.6574,195,random
977,8015232,23763,23,2065.1,2102.4,3.9,8.3,2.65,0.7143,0.5714,0.8571,0.0,0.7143,,334.2,6.7,0.7527,16.99,0.2657,2.12,0.013,0.0855,0.9443,-0.011,0.0149,-0.6781,195,random
978,8023424,23790,27,2077.4,2147.4,3.8,8.2,2.58,0.75,0.7143,0.8,0.0,0.75,,436.0,7.33,0.724,17.47,0.2531,2.06,0.0123,0.0837,0.9207,-0.0097,0.0222,-0.6754,195,random
979,8031616,23810,20,2089.4,2273.6,3.6,8.5,2.4,0.5833,0.4,0.7143,0.0,0.5833,,343.8,7.1,0.7212,17.7,0.251,2.06,0.0132,0.086,0.9456,-0.0075,0.0156,-0.6739,195,random
980,8039808,23833,23,2101.5,2396.2,3.4,8.5,2.23,0.5833,0.3333,0.8333,0.0,0.5833,,341.3,6.52,0.7145,18.07,0.2468,2.04,0.0107,0.0875,0.935,-0.0082,0.016,-0.6384,195,random
981,8048000,23851,18,2113.6,2335.1,3.5,8.5,2.26,0.8333,0.8,0.8571,0.0,0.8333,,349.1,7.06,0.7288,18.16,0.2514,2.07,0.0109,0.0822,0.9633,-0.0117,0.008,-0.6491,196,random
982,8056192,23862,11,2125.5,2560.8,3.2,8.6,2.05,0.75,0.0,1.0,0.0,0.75,,428.3,7.27,0.6968,18.06,0.2408,2.01,0.011,0.0859,0.9603,-0.0104,0.01,-0.6496,196,random
983,8064384,23882,20,2137.5,2504.2,3.3,8.3,1.96,0.75,0.75,0.75,0.0,0.75,,464.7,7.8,0.7584,18.26,0.2611,2.13,0.013,0.0859,0.9274,-0.0084,0.018,-0.6894,196,random
984,8072576,23906,24,2149.1,2553.3,3.2,8.4,2.0,0.3333,0.375,0.25,0.0,0.3333,,419.9,7.29,0.693,17.5,0.2421,2.0,0.0115,0.0878,0.9251,-0.0107,0.0172,-0.6678,196,random
985,8080768,23926,20,2161.1,2421.1,3.4,8.2,2.19,0.8,0.6667,1.0,0.0,0.8,,421.1,7.25,0.7613,18.12,0.2628,2.14,0.0128,0.0921,0.942,-0.0124,0.0118,-0.6886,196,random
986,8088960,23939,13,2172.5,2625.6,3.1,8.2,1.95,0.7778,0.3333,1.0,0.0,0.7778,,399.6,7.77,0.7557,18.61,0.2585,2.13,0.0116,0.0792,0.9585,-0.012,0.0094,-0.6531,197,random
987,8097152,23964,25,2183.9,2738.7,3.0,8.5,1.83,0.6667,0.5,1.0,0.0,0.6667,,480.2,7.28,0.7364,17.1,0.2594,2.09,0.0131,0.0846,0.9333,-0.0096,0.0164,-0.6768,197,random
988,8105344,23980,16,2195.8,2565.4,3.2,8.4,2.03,0.875,0.8333,1.0,0.0,0.875,,384.9,6.69,0.798,18.86,0.2717,2.22,0.0105,0.0747,0.9614,-0.0112,0.0105,-0.7031,197,random
989,8121280,24002,2,4.1,2098.0,3.9,7.6,2.93,1.0,,1.0,0.0,1.0,,53.5,2.0,0.5864,14.62,0.2186,1.8,0.0117,0.0921,0.9569,-0.0067,0.01,-0.5441,197,random
990,8129472,24023,21,16.1,1917.5,4.3,7.8,3.11,0.8125,0.6,0.9091,0.0,0.8125,,200.5,4.76,0.7566,16.62,0.2692,2.13,0.0105,0.086,0.9666,-0.0092,0.011,-0.6763,197,random
991,8137664,24049,26,28.0,2106.9,3.9,7.9,2.73,0.619,0.5,0.7273,0.0,0.619,,275.8,6.81,0.7747,17.0,0.2735,2.17,0.0132,0.0876,0.9433,-0.0116,0.0191,-0.6988,198,random
992,8145856,24068,19,39.3,2470.0,3.3,7.9,2.19,0.5833,0.375,1.0,0.0833,0.5833,,311.9,6.74,0.7095,17.18,0.2495,2.03,0.0116,0.0806,0.9673,-0.0099,0.0091,-0.6358,198,random
993,8154048,24088,20,50.6,2552.2,3.2,7.8,2.06,0.4167,0.2857,0.6,0.0,0.4167,,329.0,6.5,0.7399,17.14,0.2604,2.1,0.0127,0.0825,0.9546,-0.0114,0.013,-0.6585,198,random
994,8162240,24109,21,61.7,2594.2,3.2,8.0,2.0,0.7,0.4,1.0,0.0,0.7,,440.0,7.76,0.8252,18.17,0.2846,2.28,0.0103,0.0889,0.9547,-0.0097,0.0149,-0.7378,198,random
995,8170432,24125,16,73.0,2583.1,3.2,7.9,2.02,0.1429,0.1429,,0.1429,0.1429,,440.1,7.56,0.7285,17.35,0.2553,2.07,0.01,0.0903,0.915,-0.0112,0.0209,-0.6725,198,random
996,8178624,24138,13,84.1,2673.8,3.1,7.9,1.92,0.8571,0.6667,1.0,0.0,0.8571,,387.0,7.38,0.771,18.09,0.2663,2.16,0.0132,0.0923,0.9609,-0.0112,0.0106,-0.7182,199,random
997,8186816,24165,27,95.4,2527.4,3.2,7.8,2.08,0.6364,0.25,0.8571,0.0,0.6364,,448.9,7.78,0.7833,17.34,0.2746,2.19,0.0116,0.0923,0.925,-0.0105,0.0191,-0.7034,199,random
998,8195008,24183,18,106.7,2412.1,3.4,7.9,2.23,0.8,0.5,1.0,0.0,0.8,,490.9,7.44,0.7158,16.6,0.2548,2.05,0.0163,0.0931,0.9304,-0.0086,0.0163,-0.6521,199,random
999,8203200,24204,21,118.1,2484.9,3.3,8.2,2.13,0.7692,0.6667,0.8571,0.0,0.7692,,352.0,7.05,0.7985,18.01,0.2762,2.22,0.013,0.0931,0.9457,-0.0116,0.0136,-0.6931,199,random
1000,8211392,24223,19,129.6,2563.3,3.2,7.9,1.97,0.8889,0.8333,1.0,0.0,0.8889,,365.4,6.79,0.7534,16.98,0.266,2.12,0.0129,0.0915,0.9553,-0.0119,0.0105,-0.6965,199,random
1001,8219584,24243,20,140.9,2521.8,3.2,7.9,2.1,0.9,1.0,0.875,0.0,0.9,,444.6,7.3,0.7594,16.88,0.2687,2.14,0.0161,0.0896,0.9459,-0.01,0.0134,-0.6862,200,random
1002,8227776,24258,15,151.9,2808.9,2.9,7.9,1.77,0.8571,0.6667,1.0,0.0,0.8571,,388.7,6.8,0.778,17.67,0.2709,2.18,0.0139,0.0889,0.9503,-0.0115,0.0102,-0.7117,200,random
1003,8235968,24278,20,163.1,2628.7,3.1,7.9,1.94,0.625,0.6,0.6667,0.0,0.625,,497.4,8.3,0.731,17.73,0.2543,2.08,0.0122,0.0845,0.9285,-0.0081,0.0159,-0.6748,200,random
1004,8244160,24296,18,173.9,2926.1,2.8,7.9,1.67,0.7273,0.5,0.8571,0.0,0.7273,,385.2,7.33,0.7544,16.69,0.268,2.13,0.0122,0.0868,0.9459,-0.0121,0.0129,-0.6868,200,random
1005,8252352,24314,18,184.8,2914.7,2.8,7.9,1.66,0.0,0.0,,0.0,0.0,,539.8,7.39,0.7468,17.37,0.2616,2.11,0.0172,0.0995,0.9438,-0.0088,0.0147,-0.6874,200,random
1006,8260544,24335,21,196.1,2494.2,3.3,7.8,2.13,0.6667,0.25,1.0,0.0,0.6667,,386.0,6.76,0.7678,17.39,0.2688,2.15,0.0116,0.093,0.9326,-0.0089,0.0159,-0.6846,201,random
1007,8268736,24359,24,207.7,2309.9,3.5,7.9,2.36,0.5714,0.3333,1.0,0.0,0.5714,,351.5,6.33,0.7624,16.83,0.27,2.14,0.011,0.0852,0.9469,-0.012,0.0128,-0.6918,201,random
1008,8276928,24379,20,219.4,2237.6,3.7,7.9,2.49,0.6364,0.5714,0.75,0.0,0.6364,,424.6,7.5,0.7976,18.07,0.2756,2.22,0.0132,0.0881,0.9327,-0.0118,0.0162,-0.7243,201,random
1009,8285120,24404,25,231.1,2251.4,3.6,7.9,2.45,0.8125,0.6667,0.9,0.0,0.8125,,369.7,7.32,0.7695,17.16,0.2707,2.16,0.0179,0.1023,0.9488,-0.0122,0.013,-0.7155,201,random
1010,8293312,24425,21,242.4,2574.0,3.2,7.9,1.98,0.8333,1.0,0.8,0.0833,0.8333,,406.9,7.29,0.7277,16.64,0.2588,2.07,0.0131,0.1006,0.9469,-0.0116,0.0128,-0.6701,201,random
1011,8301504,24447,22,253.9,2386.1,3.4,7.9,2.27,0.7273,0.4,1.0,0.0,0.7273,,364.7,6.86,0.7182,16.79,0.2546,2.05,0.0186,0.1057,0.8992,-0.0094,0.025,-0.6618,202,random
1012,8309696,24467,20,265.4,2359.4,3.5,7.8,2.32,0.7778,0.5,1.0,0.0,0.7778,,318.6,5.85,0.77,17.32,0.27,2.16,0.013,0.0861,0.9568,-0.0113,0.0121,-0.6916,202,random
1013,8317888,24494,27,276.9,2286.6,3.6,8.0,2.42,0.7222,0.5,0.9,0.0556,0.7222,,325.9,6.33,0.7245,17.04,0.2555,2.06,0.0149,0.1012,0.9349,-0.0101,0.016,-0.6928,202,random
1014,8326080,24520,26,288.6,2331.2,3.5,7.8,2.33,0.9167,0.6667,1.0,0.0,0.9167,,422.1,7.15,0.735,16.42,0.2626,2.09,0.0133,0.0914,0.9434,-0.0109,0.015,-0.682,202,random
1015,8334272,24532,12,300.2,2283.6,3.6,8.0,2.48,0.7143,0.3333,1.0,0.0,0.7143,,362.2,6.83,0.769,17.52,0.2686,2.16,0.0125,0.0889,0.9718,-0.0133,0.0081,-0.675,202,random
1016,8342464,24561,29,311.9,2229.4,3.7,7.9,2.5,0.6875,0.5,0.8,0.0,0.6875,,339.7,6.48,0.7375,16.66,0.2621,2.09,0.011,0.0846,0.9331,-0.0096,0.0176,-0.6826,203,random
1017,8350656,24582,21,323.7,2241.1,3.7,7.9,2.48,0.7273,0.4,1.0,0.0,0.7273,,388.2,6.81,0.7636,16.98,0.2697,2.15,0.0111,0.0871,0.9456,-0.009,0.0155,-0.7019,203,random
1018,8358848,24608,26,335.4,2204.0,3.7,7.9,2.52,0.6154,0.5,0.8,0.0,0.6154,,436.3,7.92,0.7272,16.44,0.2597,2.07,0.0112,0.0801,0.9385,-0.0113,0.0184,-0.6873,203,random
1019,8367040,24631,23,347.1,2285.5,3.6,7.9,2.39,0.5385,0.4,1.0,0.0,0.5385,,346.5,6.7,0.6909,15.62,0.2514,2.0,0.0127,0.0819,0.9305,-0.0089,0.0177,-0.62,203,random
1020,8375232,24648,17,358.7,2340.5,3.5,7.9,2.36,0.4545,0.0,0.5556,0.0,0.4545,,322.8,6.71,0.7557,16.99,0.2668,2.13,0.0141,0.0959,0.9317,-0.0095,0.0201,-0.6665,203,random
1021,8383424,24674,26,370.2,2395.4,3.4,8.0,2.26,0.6875,0.625,0.75,0.0,0.6875,,342.2,7.19,0.7079,17.7,0.2464,2.03,0.014,0.089,0.9531,-0.0078,0.0131,-0.6591,204,random
1022,8391616,24693,19,381.5,2536.2,3.2,7.9,2.08,0.5833,0.375,1.0,0.0,0.5833,,320.8,5.74,0.719,17.12,0.2531,2.05,0.0102,0.0859,0.9573,-0.0112,0.0108,-0.6642,204,random
1023,8399808,24712,19,392.8,2584.4,3.2,7.9,1.99,0.5,0.5,0.5,0.0,0.5,,410.5,6.84,0.7437,17.23,0.2612,2.1,0.0128,0.0912,0.9183,-0.01,0.021,-0.6938,204,random
1024,8408000,24736,24,403.9,2622.1,3.1,8.0,1.91,0.7692,0.6667,1.0,0.0,0.7692,,429.1,7.67,0.7213,16.74,0.256,2.06,0.0088,0.0831,0.9451,-0.0092,0.0147,-0.6574,204,random
1025,8416192,24759,23,414.9,2825.2,2.9,8.0,1.73,0.7778,0.7143,1.0,0.0,0.7778,,333.5,5.74,0.7157,16.39,0.2559,2.05,0.0123,0.0951,0.9691,-0.0103,0.0099,-0.6565,204,random
1026,8424384,24779,20,426.3,2549.2,3.2,7.9,2.04,0.7143,0.3333,1.0,0.0,0.7143,,452.1,7.3,0.6924,16.66,0.2461,2.0,0.0154,0.0884,0.9605,-0.0118,0.0104,-0.6537,205,random
1027,8432576,24796,17,437.9,2355.1,3.5,8.0,2.31,0.75,0.5,1.0,0.0,0.75,,334.9,6.06,0.7273,17.29,0.2552,2.07,0.0102,0.0863,0.9315,-0.0093,0.0177,-0.6381,205,random
1028,8440768,24815,19,449.6,2311.7,3.5,8.1,2.37,0.375,0.1667,1.0,0.0,0.375,,420.8,7.11,0.7419,17.1,0.2613,2.1,0.01,0.0852,0.9546,-0.0106,0.013,-0.6941,205,random
1029,8448960,24839,24,461.8,2093.0,3.9,8.0,2.65,0.5385,0.1667,0.8571,0.0,0.5385,,396.3,7.5,0.7778,18.14,0.2684,2.18,0.0116,0.0861,0.9459,-0.0107,0.0169,-0.7227,205,random
1030,8457152,24863,24,474.0,2026.2,4.0,7.9,2.83,0.7273,0.5,1.0,0.0,0.7273,,402.5,7.17,0.7465,17.13,0.2628,2.11,0.0098,0.0726,0.9437,-0.0095,0.0178,-0.6898,205,random
1031,8465344,24886,23,486.0,2057.5,4.0,7.9,2.81,0.8125,0.875,0.75,0.0,0.8125,,392.6,7.83,0.7528,18.07,0.2601,2.12,0.0112,0.0835,0.9369,-0.0076,0.0215,-0.6854,206,random
1032,8473536,24914,28,498.3,1993.6,4.1,7.9,2.93,0.5,0.3333,1.0,0.0625,0.5,,337.9,6.57,0.7373,16.61,0.2624,2.09,0.0147,0.0966,0.9067,-0.0112,0.0211,-0.6658,206,random
1033,8481728,24933,19,510.4,2012.7,4.1,8.0,2.91,0.8667,0.75,1.0,0.0,0.8667,,321.4,7.63,0.6979,16.84,0.2472,2.01,0.0124,0.0888,0.9407,-0.0089,0.0136,-0.6412,206,random
1034,8489920,24957,24,522.4,2112.5,3.9,8.0,2.68,0.7143,0.6667,0.8,0.0,0.7143,,379.2,7.46,0.7089,16.52,0.2528,2.03,0.0116,0.0814,0.9375,-0.0106,0.0149,-0.6563,206,random
1035,8498112,24984,27,534.3,2136.7,3.8,7.9,2.65,0.7778,0.75,0.8,0.0,0.7778,,350.2,7.33,0.7798,17.65,0.2717,2.18,0.0147,0.1098,0.9069,-0.0085,0.0251,-0.7101,206,random
1036,8506304,25003,19,546.1,2226.0,3.7,7.8,2.5,0.5455,0.3333,0.8,0.0909,0.5455,,298.3,6.11,0.7205,16.89,0.2549,2.06,0.0101,0.0829,0.9502,-0.0104,0.0127,-0.6361,207,random
1037,8514496,25026,23,557.7,2285.6,3.6,7.9,2.41,0.6667,0.375,1.0,0.0,0.6667,,322.5,6.52,0.7371,17.31,0.2585,2.09,0.012,0.0842,0.9224,-0.0104,0.0212,-0.6946,207,random
1038,8522688,25051,25,569.3,2318.8,3.5,7.8,2.32,0.7,0.5,0.8333,0.0,0.7,,404.9,7.12,0.6997,16.06,0.252,2.01,0.0127,0.0917,0.9393,-0.0093,0.0171,-0.6275,207,random
1039,8530880,25079,28,581.0,2179.2,3.8,8.0,2.55,0.8,0.5714,1.0,0.0,0.8,,342.2,6.32,0.6853,16.24,0.2458,1.98,0.0159,0.1024,0.9431,-0.0104,0.0157,-0.6535,207,random
1040,8539072,25093,14,592.7,2248.2,3.6,7.9,2.48,0.75,0.5714,1.0,0.0,0.75,,315.2,7.29,0.6927,16.89,0.245,2.0,0.0107,0.0783,0.9435,-0.0104,0.0154,-0.6566,207,random
1041,8547264,25113,20,604.2,2363.2,3.5,8.1,2.28,0.6,0.6,0.6,0.0,0.6,,382.7,7.15,0.7273,17.03,0.2566,2.07,0.0114,0.0902,0.9095,-0.0095,0.0205,-0.6415,208,random
1042,8555456,25132,19,615.9,2358.2,3.5,8.1,2.31,0.5,0.3333,0.75,0.0,0.5,,418.9,7.89,0.7425,18.24,0.2557,2.1,0.0151,0.0889,0.9517,-0.0114,0.0115,-0.6824,208,random
1043,8563648,25152,20,627.6,2448.3,3.3,8.1,2.17,0.7273,0.5714,1.0,0.0,0.7273,,388.5,6.95,0.7358,17.49,0.2571,2.09,0.0134,0.0909,0.9542,-0.0094,0.0118,-0.6664,208,random
1044,8571840,25182,30,639.2,2431.0,3.4,7.8,2.17,0.8571,1.0,0.8182,0.0,0.8571,,445.7,7.87,0.7448,16.88,0.2635,2.11,0.0133,0.0966,0.9503,-0.0089,0.014,-0.6843,208,random
1045,8580032,25195,13,650.4,2543.6,3.2,7.9,2.09,0.625,0.3333,0.8,0.0,0.625,,320.4,6.31,0.6724,15.95,0.2428,1.96,0.0119,0.0915,0.9403,-0.0108,0.0149,-0.6297,208,random
1046,8588224,25213,18,661.4,2728.6,3.0,8.0,1.84,0.8571,,0.8571,0.0,0.8571,,381.3,6.89,0.7205,16.57,0.2566,2.06,0.0127,0.0857,0.9481,-0.0122,0.0131,-0.6892,209,random
1047,8596416,25235,22,672.6,2767.2,3.0,8.3,1.78,0.8,0.6,1.0,0.0,0.8,,404.7,7.0,0.7892,17.75,0.2744,2.2,0.0155,0.1055,0.9233,-0.0099,0.0186,-0.6709,209,random
1048,8604608,25254,19,684.2,2616.9,3.1,8.0,1.97,0.3333,0.2,1.0,0.0,0.3333,,430.6,7.11,0.7517,17.18,0.2643,2.12,0.0143,0.0912,0.9476,-0.0096,0.0113,-0.6676,209,random
1049,8612800,25271,17,695.8,2414.2,3.4,8.1,2.24,0.75,0.0,1.0,0.0,0.75,,446.3,7.53,0.8056,18.17,0.2778,2.24,0.0118,0.0802,0.9662,-0.0118,0.0097,-0.7231,209,random
1050,8620992,25294,23,707.6,2248.4,3.6,8.0,2.45,0.7333,0.5,1.0,0.0,0.7333,,364.8,7.17,0.7691,17.87,0.2668,2.16,0.012,0.0861,0.9657,-0.0117,0.0107,-0.7291,209,random
1051,8629184,25318,24,719.5,2240.9,3.7,7.9,2.44,0.7273,0.5,1.0,0.0,0.7273,,389.3,6.54,0.7611,17.2,0.2675,2.14,0.0125,0.093,0.9323,-0.0094,0.0207,-0.715,210,random
1052,8637376,25349,31,731.4,2156.1,3.8,8.1,2.57,0.8889,1.0,0.8333,0.0,0.8889,,373.9,6.97,0.842,17.95,0.2916,2.32,0.0128,0.1024,0.916,-0.0084,0.0247,-0.7471,210,random
1053,8645568,25371,22,743.3,2220.1,3.7,8.0,2.53,0.6667,0.5,0.8333,0.0,0.6667,,407.5,7.59,0.7174,15.55,0.2614,2.05,0.012,0.0896,0.9356,-0.0091,0.0179,-0.6615,210,random
1054,8653760,25392,21,754.9,2319.0,3.5,8.2,2.38,0.6923,0.5,1.0,0.0,0.6923,,281.9,5.81,0.7558,16.44,0.27,2.13,0.0127,0.0911,0.9494,-0.0099,0.0128,-0.6822,210,random
1055,8661952,25418,26,766.9,2246.1,3.6,8.0,2.4,0.7143,0.625,0.8333,0.0,0.7143,,337.9,6.77,0.6917,16.79,0.2452,2.0,0.0125,0.0759,0.9464,-0.0101,0.0123,-0.6589,210,random
1056,8670144,25436,18,778.6,2327.4,3.5,8.0,2.34,0.75,0.6667,0.8333,0.0,0.75,,345.4,6.72,0.7452,17.24,0.2617,2.11,0.0115,0.0801,0.9061,-0.0092,0.0193,-0.6894,211,random
1057,8678336,25457,21,790.1,2388.3,3.4,8.0,2.23,0.7857,0.4,1.0,0.0,0.7857,,343.3,7.0,0.7873,17.12,0.2772,2.2,0.0132,0.0782,0.9411,-0.0104,0.0158,-0.7412,211,random
1058,8686528,25485,28,801.7,2406.8,3.4,8.1,2.23,0.7778,0.75,0.8,0.0,0.7778,,435.5,7.18,0.8081,17.98,0.2797,2.24,0.0105,0.0843,0.9493,-0.012,0.0128,-0.7372,211,random
1059,8694720,25504,19,813.8,2160.8,3.8,8.0,2.63,0.3636,0.25,0.6667,0.0,0.3636,,328.6,6.58,0.7546,17.35,0.2644,2.13,0.0095,0.0715,0.9018,-0.0101,0.0232,-0.6627,211,random
1060,8702912,25527,23,825.5,2318.7,3.5,8.0,2.34,0.8667,0.75,1.0,0.0,0.8667,,326.1,6.7,0.71,15.83,0.257,2.03,0.0117,0.0872,0.9499,-0.0112,0.0128,-0.6665,211,random
1061,8711104,25554,27,836.9,2506.3,3.3,8.0,2.09,0.6,0.5714,0.6667,0.0,0.6,,411.7,6.96,0.711,15.82,0.2575,2.04,0.013,0.0965,0.9424,-0.0117,0.0165,-0.6717,212,random
1062,8719296,25574,20,848.7,2238.7,3.7,8.1,2.38,0.3333,0.1667,0.6667,0.0,0.3333,,337.4,6.25,0.7691,17.14,0.2707,2.16,0.0114,0.0865,0.919,-0.0096,0.0215,-0.659,212,random
1063,8727488,25598,24,860.3,2415.7,3.4,8.0,2.21,0.5385,0.1667,0.8571,0.0,0.5385,,302.0,5.88,0.7724,17.05,0.2723,2.16,0.0107,0.084,0.9318,-0.0094,0.0206,-0.7055,212,random
1064,8735680,25619,21,871.8,2479.2,3.3,7.9,2.14,0.6667,0.4286,1.0,0.0,0.6667,,345.0,6.52,0.7769,16.64,0.2763,2.17,0.0121,0.0912,0.9613,-0.0108,0.0118,-0.724,212,random
1065,8743872,25639,20,883.2,2505.3,3.3,7.9,2.09,0.75,0.6667,0.8,0.0,0.75,,410.0,7.25,0.7695,17.35,0.2697,2.16,0.0129,0.0923,0.9616,-0.012,0.0099,-0.7069,212,random
1066,8752064,25662,23,894.6,2416.9,3.4,8.0,2.19,0.6667,0.6667,0.6667,0.0,0.6667,,443.6,7.04,0.7649,17.16,0.2691,2.15,0.0113,0.0835,0.9533,-0.0105,0.0129,-0.7399,213,random
1067,8760256,25681,19,906.3,2321.1,3.5,8.0,2.33,0.5455,0.3333,0.8,0.0,0.5455,,369.2,7.11,0.8265,17.76,0.2873,2.29,0.0137,0.0992,0.9237,-0.0101,0.0181,-0.7353,213,random
1068,8768448,25700,19,918.3,2168.8,3.8,8.0,2.59,0.6667,0.3333,1.0,0.0,0.6667,,400.3,6.68,0.8407,17.35,0.2946,2.32,0.0134,0.0958,0.9562,-0.0116,0.0106,-0.769,213,random
1069,8776640,25726,26,930.2,2191.0,3.7,8.0,2.51,0.6,0.4444,0.8333,0.0,0.6,,385.4,7.58,0.8614,17.95,0.2983,2.37,0.0153,0.1093,0.9093,-0.0094,0.0186,-0.7863,213,random
1070,8784832,25749,23,942.0,2237.6,3.7,8.2,2.46,0.4286,0.2,0.5556,0.0,0.4286,,324.7,6.65,0.8455,17.54,0.2951,2.33,0.0119,0.0897,0.9122,-0.0103,0.0208,-0.7577,213,random
1071,8793024,25767,18,954.1,2218.8,3.7,7.9,2.53,0.6,0.5714,0.6667,0.0,0.6,,385.9,7.06,0.8641,17.35,0.3028,2.37,0.015,0.093,0.9399,-0.0102,0.0154,-0.7724,214,random
1072,8801216,25796,29,965.9,2214.9,3.7,7.9,2.51,0.6667,0.375,1.0,0.0,0.6667,,380.7,7.17,0.8872,17.92,0.3074,2.43,0.0129,0.0994,0.9479,-0.0091,0.0147,-0.7835,214,random
1073,8809408,25813,17,977.5,2305.6,3.6,8.3,2.39,0.5714,0.5,0.6,0.1429,0.5714,,366.3,6.53,0.8404,16.95,0.2969,2.32,0.0142,0.1033,0.9464,-0.0095,0.0139,-0.7518,214,random
1074,8817600,25838,25,989.7,2196.2,3.7,8.3,2.53,0.5,0.2,0.8,0.0,0.5,,352.6,6.48,0.8543,17.31,0.2996,2.35,0.0126,0.0939,0.9226,-0.0094,0.0195,-0.7765,214,random
1075,8825792,25863,25,1002.0,2114.9,3.9,8.0,2.63,0.7143,0.3333,1.0,0.0,0.7143,,383.8,7.4,0.835,17.11,0.294,2.3,0.0113,0.0891,0.9429,-0.011,0.0164,-0.7499,214,random
1076,8833984,25896,33,1014.1,2071.0,4.0,7.9,2.68,0.5294,0.25,0.7778,0.0,0.5294,,296.5,5.82,0.7665,16.81,0.2716,2.15,0.0113,0.0974,0.9545,-0.0102,0.0135,-0.6991,215,random
1077,8842176,25920,24,1025.8,2299.7,3.6,8.0,2.38,0.75,0.25,1.0,0.0,0.75,,332.3,6.21,0.7887,16.23,0.283,2.2,0.01,0.0791,0.9612,-0.0102,0.012,-0.7158,215,random
1078,8850368,25937,17,1037.4,2310.3,3.5,7.9,2.38,0.3333,0.125,0.75,0.0,0.3333,,350.5,7.59,0.786,16.71,0.2791,2.19,0.011,0.0836,0.9507,-0.011,0.0144,-0.7159,215,random
1079,8858560,25961,24,1048.6,2645.3,3.1,7.9,1.91,0.6923,0.3333,1.0,0.0,0.6923,,304.4,6.21,0.7759,16.38,0.2775,2.17,0.0095,0.0751,0.9565,-0.0106,0.0116,-0.7186,215,random
1080,8866752,25979,18,1059.6,2754.1,3.0,8.0,1.8,0.2222,0.0,0.6667,0.0,0.2222,,329.3,5.83,0.8246,17.49,0.2881,2.28,0.0112,0.0907,0.9544,-0.0115,0.0111,-0.7429,215,random
1081,8874944,25999,20,1071.1,2492.6,3.3,8.0,2.1,0.8333,0.5,1.0,0.0,0.8333,,376.6,6.3,0.8759,17.75,0.3045,2.4,0.013,0.0928,0.9571,-0.0091,0.0116,-0.7888,216,random
1082,8883136,26025,26,1082.8,2310.8,3.5,8.2,2.32,0.5,0.3333,0.6667,0.0,0.5,,383.6,6.73,0.8948,17.71,0.3113,2.45,0.0126,0.096,0.9448,-0.0104,0.0161,-0.8031,216,random
1083,8891328,26047,22,1094.7,2301.9,3.6,7.9,2.37,0.3333,0.1111,1.0,0.0833,0.3333,,394.7,7.14,0.8699,17.68,0.3028,2.39,0.0134,0.0959,0.9646,-0.0123,0.0106,-0.7594,216,random
1084,8899520,26067,20,1106.5,2203.3,3.7,8.1,2.51,0.5833,0.2,0.8571,0.0,0.5833,,330.4,6.4,0.8276,16.63,0.2944,2.29,0.0097,0.0914,0.9563,-0.0101,0.014,-0.7443,216,random
1085,8907712,26094,27,1118.6,2139.3,3.8,7.9,2.6,0.4667,0.3333,0.6667,0.0,0.4667,,364.4,7.0,0.8328,17.18,0.2929,2.3,0.0108,0.0936,0.9455,-0.0113,0.0169,-0.761,216,random
1086,8915904,26123,29,1130.3,2280.8,3.6,7.8,2.42,0.6667,0.4,0.8,0.0,0.6667,,364.4,6.9,0.7742,16.45,0.2765,2.17,0.0121,0.0879,0.9421,-0.0099,0.0161,-0.708,217,random
1087,8924096,26148,25,1141.7,2362.8,3.5,8.0,2.29,0.6,0.5,0.75,0.0,0.6,,323.5,5.76,0.7623,17.04,0.2689,2.14,0.0145,0.0985,0.9584,-0.0082,0.0125,-0.7121,217,random
1088,8932288,26172,24,1153.5,2283.3,3.6,7.8,2.38,0.5,0.2857,0.7143,0.0,0.5,,321.8,6.29,0.7394,16.26,0.2651,2.09,0.0118,0.084,0.9396,-0.0089,0.0188,-0.6929,217,random
1089,8940480,26194,22,1164.6,2584.5,3.2,8.1,1.98,0.6154,0.4286,0.8333,0.0,0.6154,,360.2,6.77,0.7648,16.76,0.2713,2.15,0.0119,0.0827,0.9654,-0.011,0.0105,-0.6939,217,random
1090,8948672,26213,19,1176.2,2543.4,3.2,8.2,2.07,0.5,0.3333,1.0,0.0,0.5,,342.8,6.16,0.7732,16.55,0.2755,2.17,0.0103,0.082,0.943,-0.0099,0.0167,-0.7151,217,random
1091,8956864,26230,17,1187.8,2525.6,3.2,8.2,2.07,0.625,0.6,0.6667,0.0,0.625,,317.4,6.35,0.8127,17.4,0.2845,2.25,0.0126,0.0905,0.964,-0.0103,0.0103,-0.7348,218,random
1092,8965056,26252,22,1199.7,2301.1,3.6,8.2,2.37,0.2857,0.0,1.0,0.0,0.2857,,453.6,7.23,0.8168,17.25,0.2868,2.26,0.0113,0.0881,0.9638,-0.0122,0.0112,-0.7402,218,random
1093,8973248,26274,22,1211.2,2543.2,3.2,8.2,2.0,0.5625,0.3,1.0,0.0625,0.5625,,319.1,6.68,0.7739,16.53,0.2759,2.17,0.0136,0.0988,0.9553,-0.0105,0.0126,-0.7274,218,random
1094,8981440,26294,20,1222.8,2568.9,3.2,8.0,1.99,0.2857,0.0,1.0,0.0,0.2857,,438.9,7.2,0.77,17.03,0.2716,2.16,0.0112,0.0891,0.9695,-0.0106,0.0101,-0.6982,218,random
1095,8989632,26320,26,1234.9,2059.4,4.0,7.9,2.67,0.4615,0.0,0.8571,0.0,0.4615,,336.2,5.92,0.8161,17.08,0.2876,2.26,0.0133,0.0958,0.9529,-0.0106,0.0151,-0.73,218,random
1096,8997824,26338,18,1246.8,2122.8,3.9,7.9,2.66,0.6667,0.3333,0.8333,0.0,0.6667,,438.4,7.61,0.794,17.02,0.2801,2.21,0.0107,0.0857,0.9684,-0.0123,0.0089,-0.6932,219,random
1097,9006016,26362,24,1258.7,2154.1,3.8,8.0,2.62,0.6923,0.5,0.8571,0.0,0.6923,,403.5,7.46,0.8255,17.61,0.2878,2.28,0.0122,0.0935,0.9511,-0.0109,0.0148,-0.7234,219,random
1098,9014208,26387,25,1270.7,2140.7,3.8,7.9,2.57,0.6429,0.5,0.7,0.0,0.6429,,386.6,7.36,0.8161,17.16,0.2871,2.26,0.0141,0.0933,0.9501,-0.0096,0.0158,-0.7366,219,random
1099,9022400,26407,20,1282.3,2290.4,3.6,8.0,2.38,0.625,0.25,1.0,0.0,0.625,,337.1,6.15,0.727,16.84,0.2574,2.07,0.0118,0.0865,0.9695,-0.0113,0.0089,-0.6963,219,random
1100,9030592,26434,27,1294.1,2275.4,3.6,8.3,2.39,0.6667,0.4444,0.8889,0.0,0.6667,,317.1,6.44,0.7463,16.52,0.2661,2.11,0.0118,0.0793,0.951,-0.0109,0.0135,-0.6919,219,random
1101,9038784,26457,23,1305.8,2477.0,3.3,8.3,2.13,0.5833,0.3333,0.8333,0.0,0.5833,,358.2,6.52,0.8084,18.17,0.2788,2.24,0.0109,0.0873,0.9546,-0.0105,0.014,-0.7243,220,random
1102,9046976,26480,23,1317.5,2598.0,3.2,8.1,1.95,0.5556,0.3333,1.0,0.0,0.5556,,422.4,7.13,0.751,15.82,0.2719,2.12,0.0119,0.0837,0.959,-0.0103,0.0129,-0.6817,220,random
1103,9055168,26507,27,1329.0,2473.0,3.3,8.1,2.09,0.8182,0.5,1.0,0.0,0.8182,,256.7,5.04,0.7629,16.88,0.2699,2.14,0.0139,0.0982,0.9705,-0.0095,0.0104,-0.6959,220,random
1104,9063360,26528,21,1340.7,2429.8,3.4,8.1,2.18,0.6364,0.2,1.0,0.0,0.6364,,358.9,6.62,0.7106,16.37,0.2542,2.04,0.0114,0.08,0.9688,-0.0117,0.0094,-0.6587,220,random
1105,9071552,26548,20,1352.1,2609.8,3.1,8.4,1.96,0.6667,0.3333,1.0,0.0,0.6667,,383.1,6.15,0.7415,16.93,0.2621,2.1,0.0121,0.0995,0.966,-0.0102,0.0105,-0.6556,220,random
1106,9079744,26568,20,1364.1,2384.0,3.4,8.4,2.29,0.7778,1.0,0.6667,0.0,0.7778,,411.6,7.4,0.7401,17.47,0.2588,2.1,0.0105,0.0814,0.9512,-0.0113,0.0144,-0.6819,221,random
1107,9087936,26594,26,1376.2,2321.8,3.5,8.3,2.32,0.8333,0.75,1.0,0.0,0.8333,,396.8,6.92,0.7085,16.74,0.2514,2.03,0.0125,0.0894,0.9585,-0.0105,0.0132,-0.6636,221,random
1108,9096128,26614,20,1388.4,2245.6,3.6,8.3,2.46,0.6,0.5,0.75,0.1,0.6,,332.4,6.15,0.766,17.98,0.2651,2.15,0.0113,0.0906,0.9658,-0.012,0.0098,-0.6709,221,random
1109,9104320,26640,26,1400.4,2280.3,3.6,8.1,2.42,0.6154,0.375,1.0,0.0,0.6154,,312.5,6.19,0.763,17.2,0.2682,2.14,0.0111,0.0844,0.9492,-0.0097,0.016,-0.6972,221,random
1110,9112512,26664,24,1412.4,2244.1,3.7,8.0,2.4,0.4615,0.2222,1.0,0.0,0.4615,,380.6,7.08,0.7523,16.76,0.2668,2.12,0.0117,0.0905,0.9585,-0.01,0.0132,-0.664,221,random
1111,9120704,26689,25,1424.3,2189.1,3.7,8.1,2.55,0.7778,0.3333,1.0,0.0,0.7778,,399.8,6.64,0.7052,16.4,0.2521,2.02,0.0119,0.0994,0.9691,-0.0116,0.011,-0.6465,222,random
1112,9128896,26718,29,1436.5,2080.9,3.9,8.0,2.71,0.5,0.2222,0.7778,0.0,0.5,,296.9,6.34,0.6559,16.06,0.2363,1.93,0.013,0.0797,0.9202,-0.0102,0.0253,-0.6086,222,random
1113,9137088,26733,15,1448.4,2160.3,3.8,8.1,2.62,0.7778,0.3333,1.0,0.0,0.7778,,328.9,6.53,0.7538,17.59,0.2629,2.12,0.0127,0.0826,0.9751,-0.0112,0.0081,-0.6789,222,random
1114,9145280,26758,25,1460.5,2156.0,3.8,8.4,2.62,0.8,0.7143,0.875,0.0,0.8,,325.4,6.92,0.7404,17.15,0.2605,2.1,0.0142,0.1001,0.9588,-0.0097,0.0121,-0.661,222,random
1115,9153472,26782,24,1472.5,2391.2,3.4,8.4,2.24,0.6429,0.5,1.0,0.0,0.6429,,384.4,7.29,0.7595,17.64,0.2646,2.14,0.0123,0.0781,0.9545,-0.0096,0.0165,-0.6823,222,random
1116,9161664,26804,22,1484.6,2309.0,3.5,8.4,2.37,0.375,0.1667,1.0,0.0,0.375,,381.9,6.55,0.7307,15.73,0.2652,2.08,0.0124,0.0927,0.9705,-0.0095,0.0121,-0.6592,223,random
1117,9169856,26833,29,1496.5,2482.6,3.3,8.3,2.11,0.6667,0.0,0.8333,0.0,0.6667,,334.3,6.38,0.6641,15.49,0.2424,1.94,0.0142,0.0893,0.9532,-0.0065,0.0166,-0.6093,223,random
1118,9178048,26853,20,1508.2,2571.1,3.2,8.3,2.0,0.7,0.4,1.0,0.0,0.7,,343.4,6.25,0.6727,15.81,0.2436,1.96,0.0109,0.0839,0.9772,-0.0112,0.0074,-0.6102,223,random
1119,9186240,26867,14,1520.0,2487.9,3.3,8.4,2.13,0.8571,0.5,1.0,0.0,0.8571,,361.1,6.93,0.6894,16.75,0.2446,1.99,0.01,0.0745,0.9669,-0.0101,0.0105,-0.638,223,random
1120,9194432,26885,18,1531.9,2427.3,3.4,8.6,2.18,0.8333,0.0,1.0,0.0,0.8333,,354.0,6.5,0.7503,17.81,0.2605,2.12,0.0117,0.0976,0.9707,-0.01,0.0107,-0.6696,223,random
1121,9202624,26914,29,1544.0,2364.2,3.5,8.2,2.22,0.8333,0.6,1.0,0.0,0.8333,,438.0,7.59,0.7231,16.69,0.2569,2.06,0.012,0.0788,0.9797,-0.0107,0.0072,-0.6738,224,random
1122,9210816,26939,25,1555.9,2340.4,3.5,8.4,2.32,0.7,0.6667,0.75,0.0,0.7,,402.4,6.76,0.7105,16.87,0.2514,2.03,0.0132,0.0947,0.9647,-0.0113,0.0118,-0.6206,224,random
1123,9219008,26963,24,1567.6,2562.6,3.2,8.3,1.98,0.6154,0.1667,1.0,0.0,0.6154,,304.6,5.83,0.6432,15.94,0.2323,1.9,0.0113,0.0768,0.9655,-0.0097,0.0124,-0.5908,224,random
1124,9227200,26987,24,1579.3,2543.0,3.2,8.0,2.02,0.5455,0.2857,1.0,0.0,0.5455,,347.5,6.38,0.6572,15.61,0.2392,1.93,0.0123,0.0826,0.9629,-0.009,0.0131,-0.608,224,random
1125,9235392,27007,20,1590.9,2368.1,3.5,8.4,2.27,0.4,0.25,1.0,0.0,0.4,,262.2,4.9,0.7068,16.78,0.2506,2.03,0.0107,0.0822,0.9652,-0.0095,0.0121,-0.6645,224,random
1126,9243584,27032,25,1602.8,2484.5,3.3,8.4,2.08,0.6364,0.4286,1.0,0.0,0.6364,,320.9,5.96,0.7097,17.17,0.2496,2.03,0.0113,0.0875,0.9521,-0.008,0.015,-0.6729,225,random
1127,9251776,27054,22,1614.8,2376.3,3.4,8.4,2.25,0.9091,0.8333,1.0,0.0,0.9091,,436.5,7.86,0.6981,16.49,0.2491,2.01,0.0152,0.0966,0.9678,-0.0099,0.0107,-0.6397,225,random
1128,9259968,27075,21,1626.7,2472.3,3.3,8.3,2.13,0.8182,0.75,0.8571,0.0,0.8182,,391.0,6.95,0.7114,16.74,0.2525,2.04,0.0122,0.0854,0.9498,-0.0075,0.0164,-0.6359,225,random
1129,9268160,27097,22,1638.7,2298.6,3.6,8.6,2.37,0.8,0.5,1.0,0.0,0.8,,361.4,6.59,0.7131,16.62,0.2537,2.04,0.0108,0.0757,0.9772,-0.0116,0.0078,-0.6506,225,random
1130,9276352,27116,19,1651.0,2400.2,3.4,8.3,2.25,0.8,0.6667,1.0,0.0,0.8,,367.4,6.74,0.6764,16.7,0.2402,1.97,0.0126,0.0891,0.9746,-0.0105,0.0088,-0.6243,225,random
1131,9284544,27135,19,1663.1,2274.4,3.6,8.7,2.36,0.8,0.3333,1.0,0.0,0.8,,338.8,6.68,0.7176,17.3,0.2517,2.05,0.0136,0.0928,0.9702,-0.0124,0.0099,-0.6759,226,random
1132,9292736,27161,26,1675.9,2029.3,4.0,8.4,2.67,0.7692,0.4,1.0,0.0,0.7692,,427.0,7.46,0.67,16.48,0.2391,1.95,0.0119,0.086,0.9681,-0.0111,0.0097,-0.6351,226,random
1133,9300928,27182,21,1687.8,2535.4,3.2,8.1,2.05,0.5455,0.2,0.8333,0.0,0.5455,,380.2,6.71,0.7246,16.19,0.2603,2.06,0.0099,0.0822,0.9675,-0.0112,0.0096,-0.6413,226,random
1134,9309120,27197,15,1699.3,2545.6,3.2,8.3,2.04,0.75,0.0,1.0,0.0,0.75,,391.7,6.6,0.7287,17.27,0.2557,2.07,0.0115,0.085,0.9811,-0.0115,0.0062,-0.661,226,random
1135,9317312,27218,21,1711.1,2398.3,3.4,8.1,2.19,0.7273,0.0,0.8889,0.0,0.7273,,427.7,7.76,0.7627,18.05,0.2636,2.14,0.0117,0.093,0.9679,-0.0112,0.0102,-0.6799,226,random
1136,9325504,27241,23,1722.9,2324.3,3.5,8.2,2.31,0.5,0.0,0.8,0.0,0.5,,392.4,6.52,0.7202,17.43,0.252,2.05,0.0119,0.0929,0.971,-0.0111,0.0104,-0.6808,227,random
1137,9333696,27267,26,1735.0,2191.4,3.7,8.2,2.56,0.6667,0.4286,0.875,0.0667,0.6667,,385.8,7.04,0.7923,17.61,0.2762,2.21,0.0113,0.0859,0.9386,-0.0082,0.0199,-0.6994,227,random
1138,9341888,27294,27,1747.3,2078.1,3.9,8.2,2.78,0.65,0.2222,1.0,0.0,0.65,,287.5,6.04,0.7664,16.77,0.2718,2.15,0.0106,0.0793,0.963,-0.009,0.0114,-0.6808,227,random
1139,9350080,27318,24,1759.6,2125.4,3.9,8.4,2.66,0.6875,0.4444,1.0,0.0,0.6875,,344.8,6.75,0.7003,16.97,0.2473,2.01,0.012,0.0975,0.9548,-0.0075,0.0144,-0.6343,227,random
1140,9358272,27341,23,1771.9,2153.4,3.8,8.1,2.58,0.5385,0.1667,0.8571,0.0,0.5385,,328.3,6.35,0.6914,17.11,0.2435,2.0,0.0128,0.0813,0.9477,-0.0099,0.0146,-0.6332,227,random
1141,9366464,27363,22,1783.7,2361.8,3.5,8.3,2.29,0.75,0.5714,1.0,0.0,0.75,,378.6,6.86,0.6666,16.77,0.2364,1.95,0.0105,0.0889,0.9681,-0.0111,0.01,-0.6557,228,random
1142,9374656,27385,22,1795.7,2327.6,3.5,8.4,2.33,0.5,0.5714,0.4,0.0833,0.5,,321.6,6.64,0.733,17.86,0.2543,2.08,0.01,0.0855,0.9357,-0.0104,0.0207,-0.6703,228,random
1143,9382848,27412,27,1808.1,2148.0,3.8,8.0,2.63,0.7273,0.625,1.0,0.0,0.7273,,403.9,6.85,0.7075,16.95,0.25,2.03,0.0109,0.0833,0.9608,-0.0104,0.0133,-0.6608,228,random
1144,9391040,27435,23,1819.9,2270.0,3.6,8.0,2.43,0.8,0.6667,0.8571,0.0,0.8,,350.7,6.48,0.6827,16.75,0.2422,1.98,0.0137,0.0928,0.9563,-0.0083,0.0145,-0.6289,228,random
1145,9399232,27454,19,1831.6,2264.3,3.6,8.4,2.45,0.5385,0.1429,1.0,0.0,0.5385,,358.6,7.16,0.7109,17.53,0.2482,2.04,0.0095,0.0856,0.9789,-0.0114,0.0066,-0.646,228,random
1146,9407424,27477,23,1843.7,2296.5,3.6,8.2,2.41,0.7273,0.0,1.0,0.0,0.7273,,400.6,7.35,0.719,17.52,0.2511,2.05,0.0129,0.0913,0.9745,-0.0119,0.0075,-0.634,229,random
1147,9415616,27502,25,1855.7,2279.6,3.6,8.3,2.42,0.5,0.2222,0.7778,0.0,0.5,,301.3,6.4,0.6547,17.3,0.2297,1.92,0.0092,0.0672,0.9395,-0.0078,0.0161,-0.6075,229,random
1148,9423808,27523,21,1867.9,2193.1,3.7,8.4,2.54,0.6667,0.3333,1.0,0.0,0.6667,,401.5,6.48,0.7477,18.28,0.2573,2.11,0.012,0.0771,0.9708,-0.0116,0.0088,-0.6703,229,random
1149,9432000,27543,20,1879.8,2422.7,3.4,8.2,2.22,0.5833,0.3333,0.8333,0.0,0.5833,,360.6,6.95,0.7366,17.61,0.2568,2.09,0.013,0.0848,0.9208,-0.0104,0.0193,-0.6749,229,random
1150,9440192,27580,37,1891.8,2318.7,3.5,8.4,2.34,0.55,0.1818,1.0,0.05,0.55,,328.0,6.32,0.6795,17.1,0.2393,1.97,0.0201,0.0793,0.9129,-0.0096,0.0225,-0.6276,229,random
1151,9448384,27594,14,1903.5,2529.4,3.2,8.4,2.09,0.6667,0.6,1.0,0.0,0.6667,,330.0,5.79,0.7383,17.64,0.2572,2.09,0.0104,0.0826,0.9591,-0.0109,0.0114,-0.6915,230,random
1152,9456576,27619,25,1915.7,2328.6,3.5,8.4,2.33,0.5556,0.3333,1.0,0.0,0.5556,,339.2,6.08,0.7485,17.75,0.2602,2.11,0.0116,0.0855,0.9689,-0.0111,0.0094,-0.7006,230,random
1153,9464768,27641,22,1927.6,2472.7,3.3,8.3,2.12,0.7333,0.5556,1.0,0.0,0.7333,,325.4,6.86,0.7317,17.2,0.2572,2.08,0.0132,0.0993,0.9713,-0.0121,0.0085,-0.6586,230,random
1154,9472960,27657,16,1939.2,2575.9,3.2,8.3,1.99,0.5714,0.3333,0.75,0.0,0.5714,,438.9,7.06,0.7407,17.38,0.2594,2.1,0.0148,0.0954,0.9729,-0.0111,0.008,-0.6969,230,random
1155,9481152,27683,26,1951.1,2392.7,3.4,8.5,2.22,0.9231,0.875,1.0,0.0,0.9231,,380.2,7.04,0.7414,16.81,0.2627,2.1,0.0124,0.0965,0.9539,-0.0101,0.0145,-0.6701,230,random
1156,9489344,27711,28,1963.0,2490.8,3.3,8.3,2.11,0.3571,0.0,0.8333,0.0,0.3571,,341.5,6.07,0.7148,17.04,0.2521,2.04,0.0135,0.0866,0.9423,-0.0088,0.0176,-0.6542,231,random
1157,9497536,27725,14,1974.9,2391.5,3.4,8.2,2.27,0.8333,0.5,1.0,0.0,0.8333,,379.4,6.43,0.7413,17.96,0.2567,2.1,0.0116,0.0866,0.9751,-0.0122,0.0083,-0.683,231,random
1158,9505728,27752,27,1986.6,2372.5,3.5,8.2,2.21,0.5385,0.2857,0.8333,0.0769,0.5385,,383.6,6.74,0.6918,17.64,0.241,2.0,0.0125,0.0922,0.9429,-0.0084,0.0153,-0.6299,231,random
1159,9513920,27769,17,1998.5,2359.2,3.5,8.2,2.32,0.8571,1.0,0.8333,0.0,0.8571,,434.9,7.29,0.6944,17.09,0.2447,2.0,0.011,0.0854,0.9672,-0.0112,0.0098,-0.6261,231,random
1160,9522112,27793,24,2010.4,2312.3,3.5,8.3,2.36,0.6,0.375,0.8571,0.0,0.6,,324.7,6.54,0.6933,17.35,0.2429,2.0,0.0114,0.0847,0.9554,-0.012,0.0133,-0.6102,231,random
1161,9530304,27814,21,2022.2,2437.7,3.4,8.4,2.18,0.7,0.5,1.0,0.0,0.7,,375.1,6.71,0.6579,17.33,0.2307,1.93,0.0125,0.0887,0.9614,-0.0118,0.0113,-0.6196,232,random
1162,9538496,27834,20,2034.0,2497.4,3.3,8.4,2.14,0.3333,0.0,0.75,0.0,0.3333,,408.9,6.95,0.6727,16.78,0.2385,1.96,0.0121,0.0833,0.9647,-0.0114,0.0117,-0.6354,232,random
1163,9546688,27855,21,2045.9,2525.7,3.2,8.4,2.08,0.5833,0.5,0.75,0.0,0.5833,,371.7,7.05,0.6419,16.73,0.2278,1.9,0.011,0.0909,0.9584,-0.01,0.0131,-0.5857,232,random
1164,9554880,27874,19,2057.6,2560.6,3.2,8.3,2.04,0.5,0.25,1.0,0.0,0.5,,399.8,6.37,0.6689,17.63,0.2331,1.95,0.014,0.0909,0.9583,-0.0107,0.0129,-0.5845,232,random
1165,9563072,27894,20,2069.4,2533.6,3.2,8.2,2.07,0.4545,0.2857,0.75,0.0,0.4545,,378.7,7.25,0.6641,17.69,0.2311,1.94,0.0142,0.1006,0.9379,-0.0106,0.0173,-0.5753,232,random
1166,9571264,27912,18,2080.9,2527.2,3.2,8.4,2.08,0.5,0.3333,0.6667,0.0,0.5,,446.1,7.06,0.653,17.11,0.23,1.92,0.0099,0.0764,0.9481,-0.0106,0.0141,-0.5947,233,random
1167,9579456,27939,27,2092.8,2456.7,3.3,8.3,2.16,0.6429,0.4286,0.8571,0.0,0.6429,,375.9,6.81,0.6398,16.71,0.2272,1.9,0.0119,0.0919,0.9562,-0.0112,0.0126,-0.5806,233,random
1168,9587648,27964,25,2104.5,2533.8,3.2,8.2,2.06,0.75,0.5,0.875,0.0,0.75,,379.1,6.76,0.6176,17.92,0.214,1.85,0.0129,0.0901,0.9536,-0.0105,0.0134,-0.5548,233,random
1169,9595840,27984,20,2116.2,2410.6,3.4,8.4,2.2,0.5,0.3333,0.75,0.0,0.5,,321.4,5.8,0.6204,17.17,0.2182,1.86,0.0119,0.0881,0.9333,-0.0096,0.0183,-0.567,233,random
1170,9609920,28010,10,4.0,2139.1,3.8,7.9,2.83,0.6,0.0,1.0,0.0,0.6,,86.2,2.7,0.6217,14.35,0.2334,1.86,0.0121,0.0965,0.9672,-0.0054,0.0101,-0.5457,233,random
1171,9618112,28021,11,16.0,2069.9,4.0,8.1,2.83,0.8,0.5,1.0,0.0,0.8,,188.5,5.0,0.6497,16.98,0.2294,1.91,0.0141,0.0979,0.9808,-0.0093,0.0065,-0.5907,234,random
1172,9626304,28050,29,27.9,2206.7,3.7,8.0,2.53,0.7222,0.5,1.0,0.0,0.7222,,314.4,7.14,0.6095,16.94,0.2154,1.84,0.0122,0.0803,0.9596,-0.01,0.0145,-0.5624,234,random
1173,9634496,28068,18,39.6,2326.8,3.5,7.9,2.37,0.6923,0.5,0.8571,0.0,0.6923,,286.4,6.39,0.6228,16.81,0.2207,1.86,0.0114,0.0829,0.9695,-0.0105,0.0092,-0.5772,234,random
1174,9642688,28089,21,51.1,2407.6,3.4,8.0,2.23,0.875,0.6667,1.0,0.0,0.875,,339.8,5.67,0.6636,17.69,0.231,1.94,0.0125,0.0843,0.9677,-0.0119,0.0105,-0.611,234,random
1175,9650880,28111,22,62.7,2408.4,3.4,8.1,2.22,0.7143,0.5,1.0,0.0,0.7143,,416.3,7.95,0.6866,18.39,0.2358,1.99,0.0139,0.0962,0.9689,-0.01,0.01,-0.602,234,random
1176,9659072,28135,24,74.2,2562.2,3.2,8.0,2.02,0.3077,0.1818,1.0,0.0,0.3077,,362.5,6.5,0.7094,17.33,0.2487,2.03,0.0122,0.0922,0.9645,-0.009,0.012,-0.6113,235,random
1177,9667264,28159,24,85.4,2704.7,3.0,8.0,1.86,0.6667,0.4,1.0,0.0,0.6667,,364.3,6.38,0.6956,17.23,0.2444,2.0,0.0123,0.0855,0.9592,-0.0083,0.0152,-0.6166,235,random
1178,9675456,28177,18,96.8,2535.3,3.2,8.0,2.11,0.8,0.0,1.0,0.0,0.8,,344.8,5.72,0.6757,17.74,0.235,1.97,0.0159,0.0865,0.9611,-0.0101,0.0134,-0.5962,235,random
1179,9683648,28194,17,108.2,2535.7,3.2,8.1,2.06,0.75,0.5,0.8333,0.0,0.75,,319.8,5.76,0.6883,17.99,0.2382,1.99,0.0116,0.0873,0.9672,-0.0098,0.0119,-0.6136,235,random
1180,9691840,28226,32,119.8,2407.8,3.4,8.0,2.18,0.5385,0.375,0.8,0.0,0.5385,,438.8,7.34,0.6778,17.74,0.2357,1.97,0.0138,0.0913,0.9503,-0.0092,0.015,-0.6117,235,random
1181,9700032,28243,17,131.5,2325.0,3.5,8.1,2.37,0.8,0.6,1.0,0.0,0.8,,296.0,5.41,0.6903,17.27,0.2423,1.99,0.0118,0.0846,0.9573,-0.0088,0.0142,-0.6299,236,random
1182,9708224,28264,21,143.1,2467.3,3.3,8.1,2.15,0.7,0.3333,0.8571,0.0,0.7,,398.2,7.05,0.743,18.18,0.2562,2.1,0.0136,0.0893,0.9609,-0.011,0.0135,-0.6543,236,random
1183,9716416,28285,21,154.8,2382.0,3.4,8.0,2.24,0.8333,0.5,0.9,0.0,0.8333,,361.3,6.9,0.691,17.52,0.2413,2.0,0.0124,0.0858,0.9629,-0.0109,0.0119,-0.6312,236,random
1184,9724608,28305,20,166.3,2496.1,3.3,8.1,2.11,0.875,1.0,0.6667,0.0,0.875,,401.6,6.65,0.7014,17.74,0.2439,2.02,0.0145,0.0883,0.9492,-0.0092,0.0169,-0.6575,236,random
1185,9732800,28328,23,178.2,2220.1,3.7,8.2,2.49,0.5556,0.4,0.75,0.0,0.5556,,359.3,5.65,0.7575,18.19,0.2611,2.13,0.0124,0.0855,0.9494,-0.0117,0.0166,-0.6973,236,random
1186,9740992,28349,21,189.9,2409.5,3.4,8.0,2.22,0.7692,0.7143,0.8333,0.0,0.7692,,446.3,8.43,0.7072,18.12,0.2441,2.03,0.0136,0.0836,0.9599,-0.0101,0.013,-0.6409,237,random
1187,9749184,28372,23,201.7,2252.6,3.6,8.2,2.47,0.6667,0.2,1.0,0.0,0.6667,,303.9,5.61,0.7341,18.08,0.2536,2.08,0.0126,0.0779,0.9721,-0.0123,0.01,-0.6606,237,random
1188,9757376,28399,27,213.8,2186.9,3.7,8.2,2.52,0.5833,0.0,1.0,0.0,0.5833,,405.0,6.93,0.7558,17.69,0.263,2.13,0.0128,0.0879,0.9679,-0.0101,0.01,-0.6879,237,random
1189,9765568,28420,21,225.8,2271.5,3.6,8.1,2.43,0.6,0.2,1.0,0.0,0.6,,409.7,7.24,0.7231,17.94,0.2505,2.06,0.0123,0.0898,0.9681,-0.0096,0.0116,-0.6543,237,random
1190,9773760,28443,23,237.6,2287.8,3.6,8.1,2.41,0.7692,0.3333,0.9,0.0,0.7692,,371.7,7.17,0.69,16.95,0.2438,1.99,0.0123,0.0961,0.9745,-0.0124,0.0095,-0.637,237,random
1191,9781952,28477,34,249.6,2217.9,3.7,8.1,2.46,0.5882,0.375,0.7778,0.0,0.5882,,276.4,5.32,0.6951,17.53,0.2427,2.0,0.0154,0.0921,0.9419,-0.0088,0.0205,-0.621,238,random
1192,9790144,28494,17,261.6,2165.6,3.8,2.6,2.61,0.9091,0.6667,1.0,0.0,0.9091,,319.5,6.06,0.7787,18.04,0.2692,2.18,0.0212,0.0518,0.9786,-0.0004,0.0078,-0.6786,238,random
1193,9798336,28518,24,267.8,2413.0,3.4,8.4,2.25,0.5,0.3636,0.8,0.0,0.5,,332.5,6.71,0.6948,17.56,0.2425,2.0,0.0122,0.0959,0.9467,-0.0075,0.0165,-0.6438,238,random
1194,9806528,28539,21,279.8,2361.7,3.5,8.0,2.32,0.75,0.6,1.0,0.0,0.75,,418.6,6.86,0.7019,17.97,0.243,2.02,0.0109,0.0794,0.9716,-0.0103,0.0101,-0.6247,238,random
1195,9814720,28562,23,291.7,2213.7,3.7,8.0,2.52,0.6923,0.3333,1.0,0.0,0.6923,,357.7,6.7,0.7267,18.35,0.2498,2.07,0.011,0.0768,0.9648,-0.0096,0.0125,-0.6204,238,random
1196,9822912,28582,20,303.6,2241.1,3.7,8.1,2.49,0.8182,0.0,1.0,0.0,0.8182,,309.9,5.9,0.6543,17.82,0.2272,1.92,0.0124,0.0821,0.9573,-0.01,0.0119,-0.6138,239,random
1197,9831104,28604,22,315.5,2216.1,3.7,8.1,2.51,0.5385,0.25,1.0,0.0,0.5385,,366.9,6.73,0.6538,17.17,0.23,1.92,0.0105,0.0771,0.9673,-0.0108,0.0097,-0.6335,239,random
1198,9839296,28631,27,327.4,2295.4,3.6,8.1,2.36,0.7647,0.3333,1.0,0.0,0.7647,,377.2,7.37,0.6686,17.9,0.2317,1.95,0.0128,0.0817,0.9589,-0.0107,0.0129,-0.5999,239,random
1199,9847488,28650,19,339.2,2295.8,3.6,8.0,2.4,0.75,0.3333,1.0,0.0,0.75,,430.1,6.79,0.646,17.19,0.2271,1.91,0.0118,0.0934,0.9727,-0.0106,0.0086,-0.601,239,random
1200,9855680,28675,25,350.8,2392.0,3.4,8.1,2.24,0.6923,0.5714,0.8333,0.0,0.6923,,312.8,6.24,0.6549,17.17,0.2303,1.92,0.0099,0.0731,0.9564,-0.0101,0.0138,-0.6081,239,random
1201,9863872,28694,19,362.5,2380.7,3.4,8.0,2.25,0.75,0.5,1.0,0.0,0.75,,375.2,7.47,0.6691,17.95,0.2317,1.95,0.0133,0.0969,0.9709,-0.0111,0.0087,-0.6198,240,random
1202,9872064,28721,27,373.9,2451.4,3.3,8.0,2.15,0.6364,0.5556,1.0,0.0,0.6364,,387.6,6.85,0.6993,17.61,0.2438,2.01,0.0119,0.0857,0.955,-0.0091,0.0141,-0.6356,240,random
1203,9880256,28741,20,385.5,2456.2,3.3,8.0,2.17,0.6667,0.4286,1.0,0.0,0.6667,,321.9,6.35,0.6637,17.01,0.2342,1.94,0.0098,0.0674,0.9679,-0.0097,0.01,-0.6192,240,random
1204,9888448,28769,28,397.2,2294.2,3.6,8.0,2.38,0.8182,0.5,1.0,0.0,0.8182,,334.9,5.75,0.6916,17.21,0.2431,2.0,0.0138,0.0857,0.9493,-0.0083,0.0162,-0.6247,240,random
1205,9896640,28787,18,408.8,2397.5,3.4,8.1,2.25,0.6,0.25,1.0,0.0,0.6,,292.2,6.44,0.6811,17.0,0.2404,1.98,0.0108,0.0773,0.9305,-0.0084,0.0182,-0.6204,240,random
1206,9904832,28809,22,420.6,2354.9,3.5,8.1,2.3,0.5,0.4,0.6667,0.0,0.5,,415.7,6.95,0.7502,17.87,0.2602,2.12,0.0139,0.0918,0.9447,-0.0106,0.0162,-0.6849,241,random
1207,9913024,28831,22,432.5,2257.6,3.6,8.1,2.45,0.8,0.6,1.0,0.0,0.8,,394.5,6.86,0.765,18.39,0.2627,2.15,0.0124,0.09,0.9302,-0.0112,0.0169,-0.702,241,random
1208,9921216,28856,25,444.6,2161.3,3.8,8.1,2.61,0.5294,0.3333,1.0,0.0,0.5294,,309.7,6.48,0.692,17.0,0.2442,2.0,0.0133,0.09,0.954,-0.011,0.0124,-0.6403,241,random
1209,9929408,28882,26,456.8,2062.3,4.0,8.3,2.78,0.5625,0.5,0.625,0.0625,0.5625,,384.5,7.15,0.7042,17.01,0.2485,2.02,0.0112,0.0839,0.9401,-0.011,0.0163,-0.6567,241,random
1210,9937600,28904,22,468.9,2216.2,3.7,8.1,2.53,0.4545,0.1429,1.0,0.0,0.4545,,329.3,5.91,0.7706,18.01,0.2665,2.16,0.0127,0.0912,0.956,-0.0106,0.012,-0.7023,241,random
1211,9945792,28929,25,480.9,2227.7,3.7,8.1,2.48,0.5882,0.5,0.8,0.0,0.5882,,360.1,7.44,0.7376,17.94,0.2555,2.09,0.0109,0.0931,0.9332,-0.0105,0.0175,-0.6867,242,random
1212,9953984,28955,26,492.7,2261.9,3.6,8.1,2.41,0.5714,0.375,0.8333,0.0,0.5714,,367.3,6.31,0.7578,17.59,0.2643,2.13,0.0127,0.0941,0.9473,-0.0119,0.014,-0.7031,242,random
1213,9962176,28980,25,504.7,2205.1,3.7,8.1,2.53,0.5385,0.1429,1.0,0.0,0.5385,,346.2,6.44,0.804,18.24,0.2769,2.23,0.013,0.0909,0.9586,-0.0106,0.0128,-0.7275,242,random
1214,9970368,29005,25,517.1,1983.2,4.1,8.1,2.91,0.5714,0.25,1.0,0.0,0.5714,,342.2,6.84,0.8005,18.31,0.2753,2.23,0.0127,0.0887,0.9505,-0.01,0.0168,-0.7191,242,random
1215,9978560,29034,29,529.1,2203.8,3.7,8.1,2.53,0.6316,0.25,0.9091,0.0,0.6316,,284.1,6.03,0.8018,17.67,0.2792,2.23,0.0122,0.0913,0.9482,-0.011,0.0157,-0.7388,242,random
1216,9986752,29054,20,541.0,2208.9,3.7,8.1,2.54,0.6923,0.625,0.8,0.0,0.6923,,349.9,6.95,0.7704,17.3,0.2703,2.16,0.0113,0.0899,0.9316,-0.0122,0.0165,-0.7208,243,random
1217,9994944,29077,23,552.9,2290.9,3.6,8.0,2.41,0.6667,0.5,0.8333,0.0,0.6667,,346.1,6.74,0.6983,17.51,0.2439,2.01,0.0136,0.0891,0.9155,-0.0097,0.0193,-0.6565,243,random
1218,10003136,29093,16,564.4,2512.4,3.3,8.1,2.09,0.7273,0.6,0.8333,0.0,0.7273,,350.2,7.06,0.7921,17.76,0.2753,2.21,0.0132,0.0888,0.9488,-0.0109,0.0118,-0.7088,243,random
1219,10011328,29105,12,575.6,2691.3,3.0,8.1,1.88,0.7143,0.5,0.8,0.0,0.7143,,309.8,6.33,0.8224,18.58,0.2814,2.28,0.0105,0.0897,0.9516,-0.0123,0.0111,-0.7726,243,random
1220,10019520,29132,27,587.2,2517.8,3.3,8.2,2.03,0.7778,0.6,1.0,0.0,0.7778,,467.4,7.59,0.7895,18.17,0.2723,2.2,0.0124,0.0944,0.9504,-0.0135,0.0135,-0.7347,243,random
1221,10027712,29153,21,599.1,2337.7,3.5,8.2,2.33,0.6364,0.25,0.8571,0.0,0.6364,,395.4,7.05,0.8112,18.68,0.2771,2.25,0.0112,0.0894,0.9282,-0.0111,0.0191,-0.728,244,random
1222,10035904,29170,17,611.1,2240.5,3.7,8.1,2.49,0.5714,0.4,1.0,0.0,0.5714,,442.7,7.06,0.8113,18.5,0.2781,2.25,0.0109,0.0858,0.9594,-0.0121,0.0117,-0.7417,244,random
1223,10044096,29198,28,623.2,2126.6,3.9,8.3,2.66,0.8462,0.6667,0.9,0.0,0.8462,,425.5,7.21,0.8146,17.52,0.2845,2.26,0.0113,0.0865,0.9549,-0.0123,0.0152,-0.7232,244,random
1224,10052288,29223,25,635.6,2120.1,3.9,8.1,2.69,0.6842,0.5556,0.8,0.0,0.6842,,330.6,6.96,0.7809,17.39,0.2734,2.18,0.0186,0.1166,0.936,-0.0089,0.0178,-0.7386,244,random
1225,10060480,29243,20,647.5,2255.0,3.6,8.1,2.45,0.75,0.5,1.0,0.0,0.75,,305.4,6.05,0.7697,17.19,0.2706,2.16,0.0139,0.1084,0.9252,-0.01,0.0233,-0.721,244,random
1226,10068672,29263,20,659.0,2472.4,3.3,8.2,2.15,0.875,1.0,0.8333,0.0,0.875,,393.6,6.8,0.7949,18.85,0.2707,2.21,0.014,0.1015,0.9487,-0.0113,0.0146,-0.7101,245,random
1227,10076864,29281,18,670.7,2510.7,3.3,8.1,2.08,0.75,0.5,1.0,0.0,0.75,,356.0,7.39,0.7736,17.93,0.268,2.17,0.0125,0.0893,0.9394,-0.0105,0.0149,-0.7078,245,random
1228,10085056,29300,19,682.1,2596.4,3.2,8.2,1.97,0.8571,0.5,1.0,0.0,0.8571,,361.5,6.37,0.7849,18.42,0.2694,2.19,0.0102,0.0809,0.9435,-0.0103,0.0159,-0.7341,245,random
1229,10093248,29325,25,694.0,2332.1,3.5,8.1,2.32,0.8889,0.8,1.0,0.0,0.8889,,444.1,6.88,0.77,17.85,0.2672,2.16,0.011,0.0886,0.9312,-0.0108,0.0185,-0.7226,245,random
1230,10101440,29349,24,705.9,2184.7,3.7,8.1,2.57,0.8333,0.6667,1.0,0.0,0.8333,,364.8,6.46,0.7948,17.99,0.275,2.21,0.013,0.0857,0.9317,-0.011,0.0182,-0.7186,245,random
1231,10109632,29375,26,717.8,2276.9,3.6,8.1,2.43,0.4,0.1667,0.75,0.0,0.4,,392.2,6.42,0.8274,17.81,0.2873,2.29,0.0156,0.089,0.9529,-0.0093,0.0152,-0.7716,246,random
1232,10117824,29392,17,729.7,2269.1,3.6,8.0,2.47,0.8462,0.7143,1.0,0.0,0.8462,,326.2,7.06,0.7852,17.93,0.272,2.19,0.02,0.0889,0.9594,-0.0119,0.0108,-0.7245,246,random
1233,10126016,29412,20,741.3,2338.3,3.5,8.2,2.33,0.8462,0.5,1.0,0.0,0.8462,,363.9,7.4,0.7608,18.74,0.2596,2.14,0.0133,0.0923,0.9307,-0.01,0.0145,-0.7034,246,random
1234,10134208,29429,17,753.1,2398.4,3.4,8.2,2.25,0.7273,0.5714,1.0,0.0,0.7273,,349.9,6.76,0.7798,18.73,0.2662,2.18,0.015,0.093,0.9513,-0.0114,0.0124,-0.7468,246,random
1235,10142400,29448,19,764.5,2640.7,3.1,8.3,1.95,0.5556,0.5,0.6667,0.0,0.5556,,432.7,7.79,0.7584,18.25,0.2611,2.13,0.0132,0.0874,0.9513,-0.0098,0.0126,-0.7002,246,random
1236,10150592,29470,22,776.1,2617.1,3.1,8.1,1.98,0.5,0.4,0.6,0.0,0.5,,471.9,8.09,0.743,18.2,0.2561,2.1,0.0141,0.0888,0.925,-0.0105,0.0178,-0.6613,247,random
1237,10158784,29491,21,787.8,2346.1,3.5,8.1,2.3,0.8,0.5,1.0,0.0,0.8,,409.5,6.86,0.7838,18.67,0.2678,2.19,0.0124,0.0893,0.9537,-0.0119,0.0113,-0.7197,247,random
1238,10166976,29512,21,799.6,2347.7,3.5,8.1,2.3,0.4444,0.2,0.75,0.0,0.4444,,419.2,6.86,0.7222,17.45,0.2526,2.06,0.0129,0.0929,0.9252,-0.01,0.0179,-0.6832,247,random
1239,10175168,29533,21,811.8,2080.7,3.9,8.3,2.67,0.8333,0.7143,1.0,0.0,0.8333,,351.8,7.05,0.8055,18.34,0.2769,2.24,0.0137,0.0986,0.9475,-0.0126,0.0136,-0.7324,247,random
1240,10183360,29556,23,823.9,2279.7,3.6,8.1,2.39,0.7857,0.6667,0.875,0.0,0.7857,,386.2,7.35,0.7736,18.36,0.2658,2.17,0.0129,0.0844,0.9261,-0.0118,0.0193,-0.7209,247,random
1241,10191552,29579,23,835.3,2613.5,3.1,8.0,1.97,0.7692,0.625,1.0,0.0,0.7692,,401.0,7.35,0.7125,16.66,0.2533,2.04,0.0156,0.1017,0.9277,-0.0076,0.0185,-0.665,248,random
1242,10199744,29595,16,846.5,2708.4,3.0,8.0,1.86,0.6,0.3333,1.0,0.0,0.6,,407.8,6.69,0.7888,17.94,0.2732,2.2,0.0096,0.0775,0.9497,-0.0093,0.0112,-0.6997,248,random
1243,10207936,29612,17,857.8,2637.8,3.1,8.2,1.95,0.6667,0.0,1.0,0.0,0.6667,,328.2,6.59,0.8011,19.14,0.2714,2.23,0.0108,0.0849,0.9479,-0.0108,0.013,-0.7512,248,random
1244,10216128,29633,21,869.4,2511.4,3.3,8.1,2.08,0.75,0.6,1.0,0.0,0.75,,465.5,7.57,0.691,18.06,0.2388,2.0,0.013,0.0816,0.9497,-0.0107,0.0113,-0.6697,248,random
1245,10224320,29653,20,881.1,2430.1,3.4,8.2,2.18,0.5,0.5,0.5,0.0,0.5,,455.3,7.25,0.7978,19.3,0.2695,2.22,0.0117,0.0792,0.9405,-0.0104,0.0148,-0.7129,248,random
1246,10232512,29671,18,893.1,2261.9,3.6,8.2,2.44,0.7273,0.5714,1.0,0.0,0.7273,,354.7,6.83,0.7767,18.91,0.2642,2.17,0.0116,0.0924,0.9574,-0.0104,0.0123,-0.7333,249,random
1247,10240704,29699,28,905.3,2110.9,3.9,8.1,2.69,0.8571,0.75,1.0,0.0,0.8571,,402.5,7.14,0.7462,17.48,0.2608,2.11,0.0105,0.0773,0.9398,-0.0113,0.0136,-0.6995,249,random
1248,10248896,29720,21,917.5,2098.5,3.9,8.2,2.71,0.6429,0.2,0.8889,0.0,0.6429,,370.2,7.1,0.7478,18.09,0.2583,2.11,0.0103,0.0777,0.955,-0.0128,0.0101,-0.6995,249,random
1249,10257088,29740,20,929.2,2416.8,3.4,8.2,2.22,0.7692,0.3333,0.9,0.0,0.7692,,405.4,7.4,0.7803,18.15,0.2692,2.18,0.0116,0.0889,0.9615,-0.0125,0.0096,-0.7275,249,random
1250,10265280,29761,21,940.7,2614.4,3.1,8.1,1.95,0.9,1.0,0.75,0.0,0.9,,433.1,7.67,0.7288,17.46,0.2548,2.07,0.0109,0.0844,0.9421,-0.009,0.0113,-0.68,249,random
1251,10273472,29775,14,951.7,3000.1,2.7,8.1,1.56,0.8571,0.6667,1.0,0.0,0.8571,,424.2,7.86,0.7758,18.61,0.2654,2.17,0.0127,0.0866,0.9468,-0.0106,0.0113,-0.7023,250,random
1252,10281664,29794,19,963.0,2754.8,3.0,8.2,1.79,0.2857,0.0,1.0,0.0,0.2857,,354.4,5.84,0.7515,19.19,0.2544,2.12,0.0104,0.0802,0.9478,-0.0119,0.0119,-0.696,250,random
1253,10289856,29813,19,974.6,2525.1,3.2,8.2,2.05,0.5,0.2,1.0,0.0,0.5,,373.0,6.11,0.8028,18.73,0.274,2.23,0.0137,0.0965,0.9643,-0.0115,0.0099,-0.7741,250,random
1254,10298048,29843,30,986.6,2244.9,3.6,8.4,2.44,0.6923,0.3333,1.0,0.0,0.6923,,414.9,6.77,0.7704,18.32,0.2649,2.16,0.0124,0.0894,0.9516,-0.0098,0.0152,-0.7025,250,random
1255,10306240,29862,19,998.6,2354.6,3.5,8.3,2.29,0.625,0.25,1.0,0.0,0.625,,409.5,6.79,0.7759,18.73,0.2648,2.17,0.0113,0.0854,0.9507,-0.0084,0.0141,-0.7012,250,random
1256,10314432,29885,23,1010.8,2180.2,3.8,8.2,2.59,0.5455,0.2,0.8333,0.0,0.5455,,465.3,8.0,0.7272,17.85,0.2523,2.07,0.0122,0.0847,0.9447,-0.0103,0.0158,-0.6791,251,random
1257,10322624,29910,25,1023.0,2131.7,3.8,8.2,2.67,0.8,0.625,1.0,0.0,0.8,,337.1,6.84,0.7668,18.35,0.2635,2.15,0.0125,0.0931,0.9666,-0.012,0.009,-0.7125,251,random
1258,10330816,29932,22,1034.9,2322.0,3.5,8.2,2.35,0.5385,0.1667,0.8571,0.0,0.5385,,311.1,5.95,0.7022,18.15,0.2423,2.02,0.0122,0.0882,0.9687,-0.012,0.0101,-0.6473,251,random
1259,10339008,29961,29,1046.6,2423.1,3.4,8.4,2.18,0.6875,0.5,0.875,0.0,0.6875,,306.6,5.93,0.7078,17.82,0.2457,2.03,0.0113,0.0861,0.9659,-0.0106,0.0115,-0.6525,251,random
1260,10347200,29983,22,1058.3,2555.1,3.2,8.2,2.03,0.5,0.1667,1.0,0.0,0.5,,390.5,6.77,0.7515,17.72,0.2614,2.12,0.0107,0.0825,0.9644,-0.0102,0.01,-0.6584,251,random
1261,10355392,29999,16,1069.9,2596.0,3.2,8.1,1.99,1.0,1.0,1.0,0.0,1.0,,343.4,5.88,0.7309,17.94,0.2532,2.08,0.0105,0.0771,0.9751,-0.0109,0.0084,-0.6514,252,random
1262,10363584,30016,17,1081.5,2429.7,3.4,8.2,2.2,0.3333,0.2,0.5,0.0,0.3333,,360.1,7.0,0.7407,18.25,0.255,2.1,0.0144,0.0847,0.9477,-0.0089,0.0163,-0.6719,252,random
1263,10371776,30048,32,1093.5,2288.5,3.6,8.3,2.37,0.7333,0.4286,1.0,0.0,0.7333,,373.8,6.66,0.7478,18.39,0.2568,2.11,0.0193,0.0972,0.95,-0.0051,0.0161,-0.6828,252,random
1264,10379968,30074,26,1105.7,2149.9,3.8,8.2,2.56,0.6667,0.4444,1.0,0.0,0.6667,,345.5,6.23,0.6742,17.47,0.2357,1.96,0.0115,0.0885,0.9577,-0.0099,0.0147,-0.6271,252,random
1265,10388160,30091,17,1117.6,2269.9,3.6,8.1,2.41,0.7,0.25,1.0,0.0,0.7,,357.9,6.88,0.691,18.03,0.239,2.0,0.0109,0.0779,0.9715,-0.0106,0.0097,-0.6318,252,random
1266,10396352,30118,27,1129.3,2425.5,3.4,8.2,2.17,0.5714,0.1667,0.875,0.0,0.5714,,386.2,6.78,0.7275,18.33,0.2501,2.07,0.0115,0.0803,0.9497,-0.0103,0.0154,-0.6573,253,random
1267,10404544,30138,20,1140.9,2531.3,3.2,8.2,2.08,0.5455,0.3333,0.8,0.0,0.5455,,324.1,6.2,0.74,17.9,0.2565,2.1,0.0123,0.0846,0.946,-0.0092,0.0168,-0.6448,253,random
1268,10412736,30154,16,1152.4,2632.0,3.1,8.1,1.92,0.625,0.4,1.0,0.0,0.625,,335.2,6.31,0.7727,18.26,0.266,2.17,0.0125,0.0967,0.9731,-0.0114,0.0083,-0.6916,253,random
1269,10420928,30180,26,1163.8,2569.0,3.2,8.3,2.0,0.5,0.1667,1.0,0.0,0.5,,439.5,6.96,0.76,18.43,0.2608,2.14,0.0136,0.0938,0.9644,-0.0114,0.0111,-0.6844,253,random
1270,10429120,30201,21,1175.5,2537.2,3.2,8.4,2.04,0.7,0.5714,1.0,0.0,0.7,,374.1,6.76,0.7237,18.18,0.2495,2.06,0.0131,0.0891,0.9619,-0.0102,0.0119,-0.6617,253,random
1271,10437312,30218,17,1187.2,2662.6,3.1,8.4,1.92,0.6,0.3333,1.0,0.0,0.6,,385.1,5.88,0.7669,18.39,0.2634,2.15,0.0117,0.0905,0.9606,-0.01,0.0132,-0.7094,254,random
1272,10445504,30242,24,1199.0,2443.9,3.4,8.4,2.16,0.5455,0.375,1.0,0.0,0.5455,,432.8,7.67,0.7825,17.98,0.2708,2.19,0.0113,0.085,0.9699,-0.0099,0.0111,-0.7232,254,random
1273,10453696,30259,17,1210.9,2458.0,3.3,8.4,2.16,0.7143,0.6,1.0,0.0,0.7143,,399.8,6.82,0.7293,17.82,0.2532,2.07,0.0138,0.096,0.9651,-0.0095,0.0103,-0.6553,254,random
1274,10461888,30279,20,1222.9,2321.1,3.5,8.4,2.33,0.8889,0.75,1.0,0.0,0.8889,,358.9,6.35,0.8236,18.33,0.2832,2.28,0.0141,0.1042,0.9562,-0.0089,0.0162,-0.7562,254,random
1275,10470080,30306,27,1235.5,2092.0,3.9,8.1,2.7,0.4,0.25,1.0,0.0,0.4,,447.7,7.63,0.7755,17.78,0.2694,2.17,0.0095,0.082,0.9763,-0.0118,0.0087,-0.714,254,random
1276,10478272,30332,26,1247.9,1998.0,4.1,8.3,2.9,0.7778,0.5714,0.9091,0.0,0.7778,,303.7,6.35,0.7937,17.6,0.2768,2.21,0.0125,0.0888,0.9801,-0.0114,0.0074,-0.7119,255,random
1277,10486464,30351,19,1260.2,2116.3,3.9,8.4,2.67,0.7692,0.0,1.0,0.0,0.7692,,302.8,6.21,0.7699,18.44,0.2642,2.16,0.0125,0.0931,0.9846,-0.0116,0.006,-0.7182,255,random
1278,10494656,30380,29,1272.3,2294.0,3.6,8.1,2.38,0.6875,0.2857,1.0,0.0,0.6875,,369.8,6.86,0.7645,18.4,0.2625,2.15,0.0101,0.0779,0.9803,-0.0107,0.0079,-0.6958,255,random
1279,10502848,30405,25,1284.1,2332.5,3.5,8.1,2.33,0.6429,0.375,1.0,0.0,0.6429,,365.9,6.88,0.7644,17.59,0.2666,2.15,0.0102,0.0817,0.982,-0.011,0.0064,-0.7022,255,random
1280,10511040,30430,25,1296.1,2176.6,3.8,8.1,2.52,0.75,0.6667,0.8,0.0,0.75,,357.4,6.04,0.7417,18.18,0.2557,2.1,0.011,0.0843,0.9849,-0.0104,0.0063,-0.6676,255,random
1281,10519232,30452,22,1308.0,2271.5,3.6,8.1,2.41,0.5333,0.1429,0.875,0.0,0.5333,,279.4,6.05,0.7798,17.85,0.2706,2.18,0.0159,0.0964,0.959,-0.0088,0.0179,-0.7087,256,random
1282,10527424,30479,27,1319.8,2347.8,3.5,8.1,2.3,0.6154,0.2857,1.0,0.0,0.6154,,284.4,5.19,0.8058,17.46,0.2818,2.24,0.0149,0.0882,0.9868,-0.0125,0.0064,-0.7303,256,random
1283,10535616,30501,22,1331.4,2446.6,3.3,8.2,2.16,0.7857,0.5714,1.0,0.0,0.7857,,324.0,6.32,0.7541,17.27,0.2647,2.13,0.0113,0.0869,0.9738,-0.0073,0.0107,-0.6917,256,random
1284,10543808,30531,30,1343.0,2538.6,3.2,8.3,2.01,0.6667,0.3333,1.0,0.0,0.6667,,384.6,6.6,0.7652,17.42,0.2677,2.15,0.0116,0.0873,0.9752,-0.0104,0.0101,-0.6833,256,random
1285,10552000,30548,17,1354.5,2634.0,3.1,8.1,1.9,0.6,0.5,1.0,0.0,0.6,,362.0,5.94,0.8011,18.41,0.275,2.23,0.0107,0.0928,0.9783,-0.0107,0.0084,-0.6931,256,random
1286,10560192,30568,20,1366.1,2499.5,3.3,8.1,2.02,0.8,0.5,1.0,0.0,0.8,,331.8,6.3,0.7611,18.02,0.2632,2.14,0.014,0.0872,0.9813,-0.0087,0.0088,-0.6664,257,random
1287,10568384,30589,21,1377.7,2460.9,3.3,8.2,2.15,0.7143,0.5,1.0,0.0,0.7143,,392.8,6.52,0.772,18.1,0.2666,2.16,0.0132,0.095,0.9839,-0.0131,0.0068,-0.7119,257,random
1288,10576576,30613,24,1389.7,2243.7,3.7,8.1,2.47,0.75,0.5714,1.0,0.0,0.75,,338.8,6.04,0.7886,18.22,0.2717,2.2,0.0114,0.0846,0.9721,-0.0116,0.0106,-0.7007,257,random
1289,10584768,30629,16,1401.5,2324.1,3.5,8.2,2.35,0.875,0.75,1.0,0.0,0.875,,416.2,7.56,0.762,17.48,0.2663,2.14,0.0128,0.0811,0.9802,-0.0112,0.0087,-0.7069,257,random
1290,10592960,30659,30,1413.8,2113.2,3.9,8.3,2.67,0.5882,0.4,0.8571,0.0,0.5882,,368.6,6.9,0.8182,18.41,0.2809,2.27,0.0126,0.0818,0.9768,-0.0104,0.0093,-0.7496,257,random
1291,10601152,30691,32,1425.8,2348.0,3.5,8.2,2.28,0.6,0.2727,1.0,0.0,0.6,,286.1,5.66,0.7377,16.92,0.2608,2.09,0.0126,0.084,0.9703,-0.0097,0.0113,-0.6924,258,random
1292,10609344,30709,18,1437.7,2330.0,3.5,8.4,2.35,0.75,0.5,1.0,0.0,0.75,,452.7,6.61,0.8047,17.99,0.2784,2.24,0.0112,0.0839,0.9847,-0.0105,0.0069,-0.7417,258,random
1293,10617536,30739,30,1450.2,2020.9,4.1,8.2,2.8,0.75,0.5,1.0,0.0,0.75,,308.7,5.87,0.7619,17.33,0.2671,2.14,0.0119,0.0893,0.9855,-0.0101,0.0059,-0.7019,258,random
1294,10625728,30757,18,1462.2,2256.9,3.6,8.1,2.43,0.5333,0.25,0.8571,0.0,0.5333,,285.6,6.28,0.7475,17.77,0.2598,2.11,0.0103,0.0895,0.9645,-0.0086,0.0143,-0.6771,258,random
1295,10633920,30781,24,1474.1,2262.7,3.6,8.3,2.39,0.4615,0.125,1.0,0.0,0.4615,,307.2,5.96,0.7369,16.7,0.2618,2.09,0.0129,0.0885,0.982,-0.0118,0.0067,-0.6666,258,random
1296,10642112,30805,24,1486.0,2404.9,3.4,8.3,2.21,0.8182,0.6667,0.875,0.0,0.8182,,386.3,6.79,0.7364,17.83,0.2556,2.09,0.0158,0.0982,0.9734,-0.0097,0.0094,-0.6492,259,random
1297,10650304,30826,21,1497.8,2432.9,3.4,8.1,2.15,0.75,0.4,1.0,0.0,0.75,,385.0,6.95,0.7167,17.7,0.2494,2.05,0.0123,0.0822,0.9816,-0.0121,0.0071,-0.633,259,random
1298,10658496,30855,29,1509.4,2484.6,3.3,8.2,2.02,0.75,0.25,1.0,0.0,0.75,,330.6,5.72,0.7318,16.72,0.2598,2.08,0.0108,0.0785,0.9824,-0.0097,0.008,-0.6673,259,random
1299,10666688,30875,20,1521.1,2389.6,3.4,8.2,2.16,0.6667,0.0,1.0,0.0,0.6667,,366.9,6.05,0.7077,17.37,0.2479,2.03,0.0107,0.085,0.9836,-0.0088,0.0067,-0.6437,259,random
1300,10674880,30898,23,1533.1,2287.1,3.6,8.2,2.35,0.8333,0.5,1.0,0.0,0.8333,,371.0,5.87,0.764,18.13,0.2636,2.15,0.0116,0.0789,0.9821,-0.0092,0.0082,-0.6919,259,random
1301,10683072,30926,28,1545.4,2096.2,3.9,8.2,2.69,0.5882,0.25,0.8889,0.0,0.5882,,300.4,5.79,0.6874,16.32,0.2462,1.99,0.0102,0.0804,0.9674,-0.0088,0.0138,-0.6463,260,random
1302,10691264,30955,29,1557.5,2189.3,3.7,8.5,2.53,0.7333,0.625,0.8571,0.0,0.7333,,348.9,6.31,0.7279,16.32,0.2607,2.07,0.0118,0.083,0.9813,-0.0125,0.0078,-0.6692,260,random
1303,10699456,30979,24,1569.5,2487.8,3.3,8.2,2.02,0.2727,0.2222,0.5,0.0,0.2727,,330.5,6.04,0.7247,17.09,0.2553,2.06,0.0107,0.078,0.9637,-0.0095,0.0137,-0.6466,260,random
1304,10707648,30998,19,1581.1,2518.6,3.3,8.2,2.09,0.8889,0.6667,1.0,0.0,0.8889,,362.2,6.37,0.7324,17.93,0.2537,2.08,0.0114,0.085,0.9878,-0.0102,0.0058,-0.6451,260,random
1305,10715840,31015,17,1593.0,2303.0,3.6,8.2,2.34,0.875,0.75,1.0,0.0,0.875,,313.6,5.82,0.7822,19.11,0.2651,2.19,0.0102,0.0771,0.9856,-0.0114,0.0065,-0.6896,260,random
1306,10724032,31036,21,1604.8,2389.2,3.4,8.5,2.25,0.6667,0.5,1.0,0.0,0.6667,,413.5,7.0,0.7963,18.35,0.2737,2.22,0.0113,0.0802,0.9833,-0.0112,0.0082,-0.7401,261,random
1307,10732224,31060,24,1617.0,2334.4,3.5,8.0,2.29,0.7273,0.25,1.0,0.0,0.7273,,400.8,7.5,0.7634,17.56,0.2664,2.15,0.0115,0.0801,0.9794,-0.0107,0.0082,-0.6632,261,random
1308,10740416,31082,22,1628.6,2360.7,3.5,8.1,2.28,0.8462,0.7143,1.0,0.0,0.8462,,365.3,6.73,0.7282,18.28,0.2506,2.07,0.0127,0.0867,0.9706,-0.0109,0.0108,-0.6639,261,random
1309,10748608,31101,19,1640.4,2367.9,3.5,8.6,2.28,0.6667,0.3333,1.0,0.0,0.6667,,400.3,6.37,0.7787,17.57,0.2717,2.18,0.0115,0.0873,0.9594,-0.0083,0.0164,-0.6924,261,random
1310,10756800,31128,27,1652.8,2280.2,3.6,8.2,2.31,0.8125,0.5,1.0,0.0,0.8125,,348.3,6.81,0.7779,18.03,0.269,2.18,0.0141,0.0882,0.976,-0.0127,0.0093,-0.7051,261,random
1311,10764992,31149,21,1664.5,2440.2,3.4,8.2,2.19,0.7,0.5,0.8333,0.0,0.7,,357.0,6.14,0.7784,17.17,0.2738,2.18,0.0105,0.072,0.9791,-0.0096,0.009,-0.7046,262,random
1312,10773184,31170,21,1676.2,2462.6,3.3,8.3,2.15,0.8,0.5,1.0,0.0,0.8,,411.0,6.24,0.7429,17.52,0.2594,2.1,0.0112,0.083,0.973,-0.0112,0.0101,-0.6683,262,random
1313,10781376,31191,21,1688.0,2372.5,3.5,8.2,2.21,0.6429,0.4,0.7778,0.0,0.6429,,351.5,7.0,0.7697,18.6,0.2633,2.16,0.0095,0.0868,0.9808,-0.0112,0.0076,-0.6791,262,random
1314,10789568,31209,18,1699.8,2402.3,3.4,8.2,2.23,0.375,0.0,1.0,0.0,0.375,,389.0,6.56,0.7223,17.65,0.2516,2.06,0.0153,0.0887,0.9779,-0.011,0.0094,-0.6609,262,random
1315,10797760,31231,22,1712.0,2163.1,3.8,8.4,2.61,0.7143,0.3333,1.0,0.0,0.7143,,347.2,5.82,0.7774,17.38,0.2722,2.18,0.0138,0.0916,0.9818,-0.0114,0.0079,-0.7032,262,random
1316,10805952,31258,27,1724.8,1945.2,4.2,8.2,2.92,0.7857,0.4,1.0,0.0,0.7857,,409.2,7.33,0.7359,17.79,0.2556,2.09,0.0129,0.085,0.9731,-0.0098,0.0111,-0.7001,263,random
1317,10814144,31287,29,1737.1,2061.9,4.0,8.3,2.75,0.8125,0.0,0.9286,0.0,0.8125,,337.8,6.31,0.7458,17.38,0.2612,2.11,0.0125,0.0916,0.9556,-0.0104,0.0152,-0.6779,263,random
1318,10822336,31306,19,1749.5,2072.2,4.0,8.6,2.75,0.9091,0.8,1.0,0.0,0.9091,,329.2,6.32,0.7546,18.79,0.2573,2.13,0.0122,0.0937,0.9642,-0.0101,0.013,-0.7135,263,random
1319,10830528,31337,31,1762.4,2003.6,4.1,8.5,2.87,0.7273,0.7778,0.5,0.0,0.7273,,354.4,7.48,0.7961,18.45,0.2731,2.22,0.0137,0.0957,0.9456,-0.0091,0.0181,-0.724,263,random
1320,10838720,31352,15,1774.6,2321.2,3.5,8.6,2.37,1.0,1.0,1.0,0.0,1.0,,324.5,6.53,0.8235,18.08,0.2845,2.28,0.012,0.087,0.9739,-0.0117,0.0095,-0.7308,263,random
1321,10846912,31380,28,1787.0,2287.4,3.6,8.6,2.36,1.0,1.0,1.0,0.0,1.0,,379.2,6.79,0.8063,18.95,0.2741,2.24,0.0145,0.0949,0.9673,-0.0114,0.0118,-0.7207,264,random
1322,10855104,31396,16,1799.4,2273.3,3.6,8.5,2.44,0.75,0.6667,1.0,0.0,0.75,,408.6,7.44,0.7454,17.9,0.2584,2.11,0.0128,0.0948,0.9571,-0.0091,0.0141,-0.6698,264,random
1323,10863296,31417,21,1811.6,2296.0,3.6,8.6,2.35,0.75,0.625,1.0,0.0,0.75,,321.3,6.19,0.7672,18.24,0.2643,2.15,0.0117,0.0897,0.9652,-0.01,0.0123,-0.6986,264,random
1324,10871488,31445,28,1823.8,2389.6,3.4,8.6,2.23,0.8824,1.0,0.7778,0.0,0.8824,,325.8,6.5,0.741,17.21,0.2604,2.1,0.0118,0.0837,0.9651,-0.0097,0.0127,-0.6672,264,random
1325,10879680,31466,21,1836.0,2383.8,3.4,8.6,2.23,0.5,0.0,1.0,0.0,0.5,,465.5,7.1,0.7694,18.36,0.2644,2.16,0.0118,0.0778,0.9584,-0.0111,0.0147,-0.6987,264,random
1326,10887872,31488,22,1848.6,2078.1,3.9,8.6,2.72,0.7273,0.4,1.0,0.0,0.7273,,334.4,6.05,0.7568,17.78,0.263,2.13,0.011,0.0862,0.9819,-0.0124,0.0075,-0.6554,265,random
1327,10896064,31516,28,1861.2,2154.2,3.8,8.5,2.61,0.7368,0.4444,1.0,0.0,0.7368,,312.0,6.54,0.7576,17.38,0.2653,2.13,0.0122,0.0908,0.9776,-0.0106,0.0091,-0.6825,265,random
1328,10904256,31535,19,1873.5,2273.1,3.6,8.7,2.4,0.75,0.5,1.0,0.0,0.75,,258.6,5.26,0.7762,18.46,0.2662,2.17,0.0131,0.0867,0.9802,-0.0106,0.0075,-0.674,265,random
1329,10912448,31559,24,1885.9,2269.7,3.6,8.6,2.41,0.5625,0.4,0.8333,0.0,0.5625,,343.6,6.62,0.7061,17.09,0.2488,2.03,0.0155,0.0963,0.9531,-0.0097,0.0173,-0.6849,265,random
1330,10920640,31587,28,1898.0,2472.6,3.3,8.6,2.12,0.6429,0.4444,1.0,0.0714,0.6429,,406.9,7.04,0.7726,17.32,0.2709,2.17,0.0121,0.091,0.976,-0.0099,0.0097,-0.6949,265,random
1331,10928832,31613,26,1910.0,2525.1,3.2,8.5,2.06,0.75,0.4,1.0,0.0,0.75,,339.9,5.65,0.7354,16.67,0.2614,2.09,0.0152,0.0896,0.9592,-0.0089,0.0161,-0.6618,266,random
1332,10937024,31630,17,1921.7,2736.7,3.0,8.6,1.83,0.8,0.5,1.0,0.0,0.8,,320.8,5.47,0.7408,17.16,0.2606,2.1,0.0129,0.0899,0.9789,-0.0101,0.0087,-0.6645,266,random
1333,10945216,31652,22,1933.9,2383.0,3.4,8.7,2.24,0.4444,0.375,1.0,0.0,0.4444,,411.7,7.05,0.7641,18.48,0.262,2.15,0.0105,0.0851,0.965,-0.0103,0.0127,-0.6913,266,random
1334,10953408,31675,23,1946.4,2200.7,3.7,8.6,2.56,0.7778,0.6,1.0,0.0,0.7778,,328.3,5.78,0.7275,17.62,0.2536,2.07,0.013,0.0918,0.9671,-0.0119,0.0119,-0.6803,266,random
1335,10961600,31696,21,1958.8,2223.6,3.7,8.5,2.48,0.5,0.1429,1.0,0.0,0.5,,337.8,6.33,0.7554,18.04,0.2611,2.13,0.0128,0.0896,0.9574,-0.0114,0.0139,-0.6869,266,random
1336,10969792,31720,24,1971.0,2341.9,3.5,8.6,2.28,0.6667,0.625,0.75,0.0,0.6667,,465.2,8.25,0.7052,17.15,0.2481,2.02,0.0103,0.0906,0.9511,-0.0094,0.0138,-0.6535,267,random
1337,10977984,31740,20,1982.9,2608.9,3.1,8.4,1.97,0.6154,0.3333,0.8571,0.0,0.6154,,316.6,6.5,0.6241,16.46,0.2228,1.87,0.012,0.0774,0.9596,-0.0103,0.0129,-0.6005,267,random
1338,10986176,31759,19,1994.8,2457.8,3.3,8.5,2.19,1.0,1.0,1.0,0.0,1.0,,382.8,6.11,0.705,18.16,0.2432,2.02,0.0113,0.0824,0.9627,-0.0115,0.0133,-0.624,267,random
1339,10994368,31779,20,2007.0,2375.6,3.4,8.6,2.24,1.0,1.0,1.0,0.0,1.0,,325.2,6.05,0.6809,17.17,0.2395,1.98,0.0119,0.0846,0.9619,-0.0105,0.0119,-0.6396,267,random
1340,11002560,31802,23,2018.8,2668.4,3.1,8.5,1.9,0.5833,0.4286,0.8,0.0,0.5833,,408.6,7.22,0.6826,17.12,0.2403,1.98,0.0117,0.0827,0.9649,-0.0116,0.0098,-0.6199,267,random
1341,11010752,31820,18,2030.8,2514.3,3.3,8.5,2.09,0.4286,0.5,0.3333,0.1429,0.4286,,482.7,7.61,0.6717,17.58,0.2343,1.96,0.0124,0.0813,0.9485,-0.009,0.0167,-0.6079,268,random
1342,11018944,31838,18,2042.8,2454.4,3.3,8.6,2.16,0.8571,0.6667,1.0,0.0,0.8571,,399.8,6.33,0.6981,18.32,0.2401,2.01,0.0121,0.0854,0.9667,-0.0096,0.0114,-0.6177,268,random
1343,11027136,31859,21,2055.3,2223.2,3.7,8.5,2.5,0.8462,0.6,1.0,0.0,0.8462,,419.7,7.95,0.6324,17.07,0.2229,1.88,0.0139,0.0887,0.9568,-0.0086,0.0112,-0.597,268,random
1344,11035328,31878,19,2067.5,2269.6,3.6,8.6,2.43,0.3333,0.1429,1.0,0.0,0.3333,,391.8,6.84,0.6863,17.78,0.2385,1.99,0.0129,0.0922,0.9571,-0.0112,0.0115,-0.611,268,random
1345,11043520,31903,25,2079.9,2276.7,3.6,8.5,2.44,0.7143,0.2,1.0,0.0714,0.7143,,414.4,7.64,0.6898,17.04,0.2433,1.99,0.0174,0.0984,0.9634,-0.0117,0.0105,-0.6313,268,random
1346,11051712,31922,19,2092.0,2393.4,3.4,8.4,2.28,0.3636,0.125,1.0,0.0,0.3636,,332.6,6.26,0.7183,17.15,0.2527,2.05,0.0124,0.091,0.9633,-0.0127,0.0097,-0.6633,269,random
1347,11059904,31945,23,2103.9,2477.4,3.3,8.5,2.12,0.7692,0.625,1.0,0.0,0.7692,,424.1,7.78,0.7006,17.15,0.2465,2.01,0.0116,0.0909,0.9523,-0.0116,0.0121,-0.624,269,random
1348,11068096,31960,15,2115.5,2807.3,2.9,8.5,1.8,0.2857,0.3333,0.0,0.0,0.2857,,406.5,6.8,0.6727,17.23,0.2363,1.96,0.0159,0.094,0.9561,-0.0115,0.0108,-0.607,269,random
1349,11076288,31978,18,2127.2,2638.9,3.1,8.6,1.92,0.3333,0.25,1.0,0.0,0.3333,,400.6,7.44,0.6649,17.83,0.2308,1.94,0.0147,0.0898,0.9526,-0.0111,0.0128,-0.5878,269,random
1350,11084480,31995,17,2139.2,2572.1,3.2,8.6,2.01,0.6,0.3333,1.0,0.0,0.6,,448.8,6.82,0.6949,18.19,0.2395,2.0,0.0147,0.0916,0.9815,-0.0105,0.0064,-0.6276,269,random
